contract,clause_text,label,predicted_label,confidence,filtered_prediction,low_confidence
ACCELERATEDTECHNOLOGIESHOLDINGCORP_04_24_2003-EX-10.13-JOINT VENTURE AGREEMENT,"(the ""Parties"" or ""Joint Venturers"" if referred to collectively, or the ""Party"" or Joint Venturer"" if referred to singularly)",Parties,Parties,0.991663932800293,Parties,False
ACCELERATEDTECHNOLOGIESHOLDINGCORP_04_24_2003-EX-10.13-JOINT VENTURE AGREEMENT,"All books and records of every kind and character, of the Joint Venture, and other information, shall be kept at the principal office of the Joint Venture, or at such other place or places as may be agreed upon by the Joint Venturers, and shall be fully available to each Joint Venturer or his duly authorized representative, all at reasonable times.",Audit Rights,Audit Rights,0.9942889213562012,Audit Rights,False
ACCELERATEDTECHNOLOGIESHOLDINGCORP_04_24_2003-EX-10.13-JOINT VENTURE AGREEMENT,CCGI,Parties,Parties,0.9965456128120422,Parties,False
ACCELERATEDTECHNOLOGIESHOLDINGCORP_04_24_2003-EX-10.13-JOINT VENTURE AGREEMENT,"Collectible Concepts Group, Inc.",Parties,Parties,0.9968281388282776,Parties,False
ACCELERATEDTECHNOLOGIESHOLDINGCORP_04_24_2003-EX-10.13-JOINT VENTURE AGREEMENT,"Division of Income and Losses. All income and credits, and all losses and deductions shall be owned and shared among the Joint Venturers as follows: 50% to Collectible Concepts Group, Inc. 50% to Pivotal Self Service Tech, Inc.",Revenue/Profit Sharing,Revenue/Profit Sharing,0.5637114644050598,LOW_CONFIDENCE,True
ACCELERATEDTECHNOLOGIESHOLDINGCORP_04_24_2003-EX-10.13-JOINT VENTURE AGREEMENT,"If requested by a Joint Venturer, the Joint Venture books and records shall be audited as of the close of each year by an independent accountant acceptable to both Joint Venturers.",Audit Rights,Audit Rights,0.9949022531509399,Audit Rights,False
ACCELERATEDTECHNOLOGIESHOLDINGCORP_04_24_2003-EX-10.13-JOINT VENTURE AGREEMENT,JOINT VENTURE AGREEMENT,Document Name,Document Name,0.9973280429840088,Document Name,False
ACCELERATEDTECHNOLOGIESHOLDINGCORP_04_24_2003-EX-10.13-JOINT VENTURE AGREEMENT,"No Joint Venturer shall be authorized or empowered to mortgage, hypothecate, pledge, sell, or transfer, an interest in the Joint Venture, nor confer on any successor or assignee the right to become a Joint Venturer without the consent of the other Joint Venturer.",Anti-Assignment,Anti-Assignment,0.9686089754104614,Anti-Assignment,False
ACCELERATEDTECHNOLOGIESHOLDINGCORP_04_24_2003-EX-10.13-JOINT VENTURE AGREEMENT,PVSS,Parties,Parties,0.9967054724693298,Parties,False
ACCELERATEDTECHNOLOGIESHOLDINGCORP_04_24_2003-EX-10.13-JOINT VENTURE AGREEMENT,"Pivotal Self Service Tech, Inc.",Parties,Parties,0.9968497157096863,Parties,False
ACCELERATEDTECHNOLOGIESHOLDINGCORP_04_24_2003-EX-10.13-JOINT VENTURE AGREEMENT,"The Joint Venture shall commence on the 1st of March, 2003,",Effective Date,Effective Date,0.8721773028373718,Effective Date,False
ACCELERATEDTECHNOLOGIESHOLDINGCORP_04_24_2003-EX-10.13-JOINT VENTURE AGREEMENT,"The Joint Venture shall commence on the 1st of March, 2003, and shall be effective until February 28, 2004 unless extended by written agreement of the Joint Venturers not less than thirty (30) days prior to scheduled termination.",Expiration Date,Notice Period To Terminate Renewal,0.9422692060470581,Notice Period To Terminate Renewal,False
ACCELERATEDTECHNOLOGIESHOLDINGCORP_04_24_2003-EX-10.13-JOINT VENTURE AGREEMENT,"The Joint Venturers declare that in entering into this Agreement, they have contracted with reference to the laws of the Commonwealth of Pennsylvania, and the construction and interpretation of the terms and provisions of this Agreement shall be interpreted and construed under the laws of the Commonwealth of Pennsylvania, except in such cases and to such extent as the laws of another jurisdiction shall necessarily control.",Governing Law,Governing Law,0.9974785447120667,Governing Law,False
AMERICANPHYSICIANSCAPITALINC_03_31_2003-EX-10.26-AGENCY AGREEMENT,"25th day of May, 1999.",Agreement Date,Agreement Date,0.554684042930603,LOW_CONFIDENCE,True
AMERICANPHYSICIANSCAPITALINC_03_31_2003-EX-10.26-AGENCY AGREEMENT,A commission rate of 12% will be paid for both new and renewal physicians liability business.,Revenue/Profit Sharing,Revenue/Profit Sharing,0.9888941645622253,Revenue/Profit Sharing,False
AMERICANPHYSICIANSCAPITALINC_03_31_2003-EX-10.26-AGENCY AGREEMENT,AGENCY AGREEMENT,Document Name,Document Name,0.99735426902771,Document Name,False
AMERICANPHYSICIANSCAPITALINC_03_31_2003-EX-10.26-AGENCY AGREEMENT,Agency,Parties,Parties,0.9960224628448486,Parties,False
AMERICANPHYSICIANSCAPITALINC_03_31_2003-EX-10.26-AGENCY AGREEMENT,Agency may not assign this Agreement without the written permission of MICOA or its successors or assigns.,Anti-Assignment,Anti-Assignment,0.9894840121269226,Anti-Assignment,False
AMERICANPHYSICIANSCAPITALINC_03_31_2003-EX-10.26-AGENCY AGREEMENT,Appointed agents who are not a party to a current MICOA agency contract and/or are not affiliated with an agency which has an agency contract will receive a 1% commission rate for all lines of business stated above.,Revenue/Profit Sharing,Revenue/Profit Sharing,0.9887290000915527,Revenue/Profit Sharing,False
AMERICANPHYSICIANSCAPITALINC_03_31_2003-EX-10.26-AGENCY AGREEMENT,Commission will decrease by .5% effective 10/1/99 as part of a repayment program under a project memorandum dated 4/7/99.,Revenue/Profit Sharing,Price Restrictions,0.9893741011619568,Price Restrictions,False
AMERICANPHYSICIANSCAPITALINC_03_31_2003-EX-10.26-AGENCY AGREEMENT,"In order to allow SC&W to expand the distribution system in Nevada with select and controlled subagents, an exclusive agency agreement will be negotiated which will spell out the terms and conditions of the relationship.",Exclusivity,Exclusivity,0.978038489818573,Exclusivity,False
AMERICANPHYSICIANSCAPITALINC_03_31_2003-EX-10.26-AGENCY AGREEMENT,In return for the exclusive appointment of Agency by MICOA to sell its professional liability products listed on the,Non-Compete,Exclusivity,0.9793373346328735,Exclusivity,False
AMERICANPHYSICIANSCAPITALINC_03_31_2003-EX-10.26-AGENCY AGREEMENT,"In return for this payment, for a two-year period following the termination date, Agency will not directly or indirectly sell any professional liability insurance to any individuals or entities who were MICOA insureds in Nevada at the time of termination of this Agreement.",No-Solicit Of Customers,Insurance,0.9396392703056335,Insurance,False
AMERICANPHYSICIANSCAPITALINC_03_31_2003-EX-10.26-AGENCY AGREEMENT,"In the event this Agreement is terminated for any reason, MICOA agrees to purchase from Agency, and Agency agrees to sell to MICOA Agency's ownership interest in the expirations for the MICOA insurance issued pursuant to this Agreement.",Post-Termination Services,Post-Termination Services,0.85801100730896,Post-Termination Services,False
AMERICANPHYSICIANSCAPITALINC_03_31_2003-EX-10.26-AGENCY AGREEMENT,MICOA,Parties,Parties,0.9967036843299866,Parties,False
AMERICANPHYSICIANSCAPITALINC_03_31_2003-EX-10.26-AGENCY AGREEMENT,Mutual Insurance Corporation of America,Parties,Parties,0.996489942073822,Parties,False
AMERICANPHYSICIANSCAPITALINC_03_31_2003-EX-10.26-AGENCY AGREEMENT,Repayment shall be through reduction of commissions due SC&W by 0.5% or if,Revenue/Profit Sharing,Revenue/Profit Sharing,0.9921369552612305,Revenue/Profit Sharing,False
AMERICANPHYSICIANSCAPITALINC_03_31_2003-EX-10.26-AGENCY AGREEMENT,SC&W exceeds $10.0 million in premium revenues by offset in the event any money is owed the Agency by MICOA. Such reduction or offset shall occur for so long as necessary to repay amounts reimbursed by MICOA during the two-year period of development; but in no event will repayment be collected for a period of greater than ten years.,Revenue/Profit Sharing,Revenue/Profit Sharing,0.9796155691146851,Revenue/Profit Sharing,False
AMERICANPHYSICIANSCAPITALINC_03_31_2003-EX-10.26-AGENCY AGREEMENT,"Signed and effective this 25th day of May, 1999.",Effective Date,Effective Date,0.5336410999298096,LOW_CONFIDENCE,True
AMERICANPHYSICIANSCAPITALINC_03_31_2003-EX-10.26-AGENCY AGREEMENT,"Stratton, Cheeseman & Walsh-Nevada, Inc.",Parties,Parties,0.9968783855438232,Parties,False
AMERICANPHYSICIANSCAPITALINC_03_31_2003-EX-10.26-AGENCY AGREEMENT,"The Agency shall provide MICOA a copy of each policy; doing so on a regular and current basis shall be a precondition to all of Agency's rights under this Agreement, including but not limited to the payment of all earned commissions.",Insurance,Insurance,0.995701253414154,Insurance,False
AMERICANPHYSICIANSCAPITALINC_03_31_2003-EX-10.26-AGENCY AGREEMENT,"The Agency will maintain valid errors and omissions insurance, with minimum limits of $1,000,000 per incident, and a fidelity and electronic crime policy through an insurer, both of which shall contain terms and limits of coverage acceptable to MICOA covering the Agency's solicitors and each of its employees.",Insurance,Insurance,0.9967703819274902,Insurance,False
AMERICANPHYSICIANSCAPITALINC_03_31_2003-EX-10.26-AGENCY AGREEMENT,This Agreement shall be interpreted under the laws of the State of Nevada.,Governing Law,Governing Law,0.9975177049636841,Governing Law,False
AMERICANPHYSICIANSCAPITALINC_03_31_2003-EX-10.26-AGENCY AGREEMENT,"This Agreement shall terminate, subject to any automatic renewal or extension for one year as required by law, upon either party giving at least one hundred twenty (120) days advance written notice to the other, if not otherwise contrary to applicable law or this Agreement.",Notice Period To Terminate Renewal,Notice Period To Terminate Renewal,0.9839916825294495,Notice Period To Terminate Renewal,False
AMERICANPHYSICIANSCAPITALINC_03_31_2003-EX-10.26-AGENCY AGREEMENT,"This agreement shall terminate: a. Automatically if any public authority cancels or declines to renew the Agency's license or Certificate of Authority. b. Immediately if either party gives detailed written notice to the other of alleged gross and willful misconduct, fraud or material misrepresentation.",Expiration Date,Expiration Date,0.4700782299041748,LOW_CONFIDENCE,True
AMERICANPHYSICIANSCAPITALINC_03_31_2003-EX-10.26-AGENCY AGREEMENT,"attached Commission Schedule in Nevada, Agency agrees not to sell any competing professional liability products in Nevada, without the written consent of MICOA.",Non-Compete,Non-Compete,0.9716789126396179,Non-Compete,False
AMERICANPHYSICIANSCAPITALINC_03_31_2003-EX-10.26-AGENCY AGREEMENT,sometimes commonly referred to as the Parties,Parties,Parties,0.9916479587554932,Parties,False
"ASHWORTHINC_01_29_1999-EX-10.(D)-PROMOTION AGREEMENT AND NANTZ COMMUNICATIONS, INC.","ASHWORTH, INC.",Parties,Parties,0.9969057440757751,Parties,False
"ASHWORTHINC_01_29_1999-EX-10.(D)-PROMOTION AGREEMENT AND NANTZ COMMUNICATIONS, INC.","Accordingly, except as otherwise expressly provided below, neither Nantz Communications nor Nantz shall assign any of their respective rights or delegate any of their respective duties or obligations under this Agreement without the written consent of the Company.",Anti-Assignment,Anti-Assignment,0.988440990447998,Anti-Assignment,False
"ASHWORTHINC_01_29_1999-EX-10.(D)-PROMOTION AGREEMENT AND NANTZ COMMUNICATIONS, INC.","As consideration for the rights granted and the services to be rendered hereunder, the Company hereby grants to Nantz options (the ""Options""), to purchase shares of the common stock of the Company par value $.001 per share (the ""Share""), which are exercisable as follows:",Revenue/Profit Sharing,Revenue/Profit Sharing,0.8466961979866028,Revenue/Profit Sharing,False
"ASHWORTHINC_01_29_1999-EX-10.(D)-PROMOTION AGREEMENT AND NANTZ COMMUNICATIONS, INC.",Ashworth,Parties,Parties,0.9961262345314026,Parties,False
"ASHWORTHINC_01_29_1999-EX-10.(D)-PROMOTION AGREEMENT AND NANTZ COMMUNICATIONS, INC.",Company,Parties,Parties,0.9958815574645996,Parties,False
"ASHWORTHINC_01_29_1999-EX-10.(D)-PROMOTION AGREEMENT AND NANTZ COMMUNICATIONS, INC.","During the Term, neither Nantz Communications nor Nantz shall enter into any activity, employment, independent contract, or other business arrangement which conflicts with Nantz Communications' or Nantz's obligations under this Agreement or perform any service which reasonably appears to be an endorsement of the sportswear apparel, hats and shoes of a third party without the Company's prior written approval.",Exclusivity,Non-Compete,0.9542421102523804,Non-Compete,False
"ASHWORTHINC_01_29_1999-EX-10.(D)-PROMOTION AGREEMENT AND NANTZ COMMUNICATIONS, INC.","Except as otherwise provided herein, and subject to the Restrictions, Nantz Communications agrees that such Products may prominently bear the Company's logo and shall not bear any other logos.",Exclusivity,License Grant,0.9392528533935547,License Grant,False
"ASHWORTHINC_01_29_1999-EX-10.(D)-PROMOTION AGREEMENT AND NANTZ COMMUNICATIONS, INC.","Except as otherwise provided herein, this Agreement shall commence effective June 1, 1998, and shall continue for a term of three (3) years expiring May 31, 2001 (the ""Term"").",Expiration Date,Expiration Date,0.6878791451454163,Expiration Date,False
"ASHWORTHINC_01_29_1999-EX-10.(D)-PROMOTION AGREEMENT AND NANTZ COMMUNICATIONS, INC.","In the event of the merger or consolidation of the Company with any other entity, Nantz Communications shall have the right to terminate the Agreement by so notifying the Company in writing on or before sixty (60) days",Change Of Control,Change Of Control,0.9866310954093933,Change Of Control,False
"ASHWORTHINC_01_29_1999-EX-10.(D)-PROMOTION AGREEMENT AND NANTZ COMMUNICATIONS, INC.",JAMES W. NANTZ III,Parties,Parties,0.9955417513847351,Parties,False
"ASHWORTHINC_01_29_1999-EX-10.(D)-PROMOTION AGREEMENT AND NANTZ COMMUNICATIONS, INC.","June 1, 1998",Effective Date,Effective Date,0.5426236987113953,LOW_CONFIDENCE,True
"ASHWORTHINC_01_29_1999-EX-10.(D)-PROMOTION AGREEMENT AND NANTZ COMMUNICATIONS, INC.","NANTZ COMMUNICATIONS, INC.",Parties,Parties,0.9969370365142822,Parties,False
"ASHWORTHINC_01_29_1999-EX-10.(D)-PROMOTION AGREEMENT AND NANTZ COMMUNICATIONS, INC.",Nantz,Parties,Parties,0.9967622756958008,Parties,False
"ASHWORTHINC_01_29_1999-EX-10.(D)-PROMOTION AGREEMENT AND NANTZ COMMUNICATIONS, INC.",Nantz Communications,Parties,Parties,0.9968223571777344,Parties,False
"ASHWORTHINC_01_29_1999-EX-10.(D)-PROMOTION AGREEMENT AND NANTZ COMMUNICATIONS, INC.","Nantz Communications and Nantz expressly agree that the Endorsement will not be granted to anyone other than the Company for use during the Term in connection with the advertisement and promotion of sportswear apparel, hats and shoes.",Exclusivity,Exclusivity,0.9748843908309937,Exclusivity,False
"ASHWORTHINC_01_29_1999-EX-10.(D)-PROMOTION AGREEMENT AND NANTZ COMMUNICATIONS, INC.","Nantz agrees to be available for up to four photography sessions (2 in Southern California during the week and 2 to be at Nantz's site locations or tournaments), two speaking engagements, and three store appearances each Contract Year, at times and places mutually convenient for Nantz and the Company but in no event at times which adversely impact on the schedules of Nantz Communications or Nantz.",Volume Restriction,Volume Restriction,0.9921078085899353,Volume Restriction,False
"ASHWORTHINC_01_29_1999-EX-10.(D)-PROMOTION AGREEMENT AND NANTZ COMMUNICATIONS, INC.",Notwithstanding the foregoing Nantz shall be permitted to wear a Lynx hat or clothing logo when performing promotional services for Lynx and to use Lynx equipment when performing any promotional services for the Company in which equipment will be used.,Competitive Restriction Exception,Competitive Restriction Exception,0.9770522117614746,Competitive Restriction Exception,False
"ASHWORTHINC_01_29_1999-EX-10.(D)-PROMOTION AGREEMENT AND NANTZ COMMUNICATIONS, INC.",PROMOTION AGREEMENT,Document Name,Document Name,0.9973474740982056,Document Name,False
"ASHWORTHINC_01_29_1999-EX-10.(D)-PROMOTION AGREEMENT AND NANTZ COMMUNICATIONS, INC.","Subject to the terms and conditions hereof, Nantz Communications grants to the Company the Endorsement throughout the world during the Term in connection with the advertisement, promotion and sale by the Company of Ashworth Products except in connection with Premium Programs.",License Grant,License Grant,0.9622792601585388,License Grant,False
"ASHWORTHINC_01_29_1999-EX-10.(D)-PROMOTION AGREEMENT AND NANTZ COMMUNICATIONS, INC.",The Company acknowledges that Nantz Communications' and Nantz's obligations to CBS or any other television station or network with which Nantz Communications or Nantz has a contract or arrangement shall take precedence over any other commitments of Nantz Communications or Nantz under this Agreement.,Most Favored Nation,Competitive Restriction Exception,0.45362138748168945,LOW_CONFIDENCE,True
"ASHWORTHINC_01_29_1999-EX-10.(D)-PROMOTION AGREEMENT AND NANTZ COMMUNICATIONS, INC.",The Company agrees that each photography session shall not exceed one and one-half days and each speaking engagement and store appearance shall not exceed one-half day.,Volume Restriction,Volume Restriction,0.9918832778930664,Volume Restriction,False
"ASHWORTHINC_01_29_1999-EX-10.(D)-PROMOTION AGREEMENT AND NANTZ COMMUNICATIONS, INC.","The Company agrees to provide and maintain, at its own expense, advertising and product liability insurance each with limits no less than $5,000,000 and within thirty (30) days from the date hereof, the Company will submit to Nantz Communications a fully paid policy or certificate of insurance naming Nantz Communications and Nantz as insured parties, requiring that the insurer shall not terminate or materially modify such without written notice to Nantz Communications at least twenty (20) days in advance thereof.",Insurance,Insurance,0.9967995882034302,Insurance,False
"ASHWORTHINC_01_29_1999-EX-10.(D)-PROMOTION AGREEMENT AND NANTZ COMMUNICATIONS, INC.","The Company further agrees to provide and maintain, at its own expense, a policy of Directors and Officers Insurance with limits no less than $25,000,000 and within thirty (30) days from the date hereof, the Company will submit to Nantz Communications a fully paid policy or certificate of insurance naming Nantz as an insured party, requiring that the insurer shall not terminate or materially modify such without written notice to Nantz Communications at least twenty (20) days in advance hereof",Insurance,Insurance,0.9967923760414124,Insurance,False
"ASHWORTHINC_01_29_1999-EX-10.(D)-PROMOTION AGREEMENT AND NANTZ COMMUNICATIONS, INC.","The rights granted the Company hereunder shall be used only by it and shall not, without the prior written consent of Nantz Communications or Nantz, be transferred or assigned to any other.",Anti-Assignment,Anti-Assignment,0.9849354028701782,Anti-Assignment,False
"ASHWORTHINC_01_29_1999-EX-10.(D)-PROMOTION AGREEMENT AND NANTZ COMMUNICATIONS, INC.","This Agreement and its formation, operation and performance shall be governed, construed, performed, and enforced in accordance with the laws of the State of California.",Governing Law,Governing Law,0.9974880218505859,Governing Law,False
"ASHWORTHINC_01_29_1999-EX-10.(D)-PROMOTION AGREEMENT AND NANTZ COMMUNICATIONS, INC.","after Nantz Communications has received notice of such merger or consolidation if and only if, by virtue of such merger or consolidation Nantz Communications or Nantz would be in default under or violating any provisions of any agreement to which he or it is subject entered into prior to June 1, 1994.",Change Of Control,Change Of Control,0.9860288500785828,Change Of Control,False
AgapeAtpCorp_20191202_10-KA_EX-10.1_11911128_EX-10.1_Supply Agreement,'the Customer',Parties,Parties,0.9957273006439209,Parties,False
AgapeAtpCorp_20191202_10-KA_EX-10.1_11911128_EX-10.1_Supply Agreement,'the Manufacturer',Parties,Parties,0.9962058067321777,Parties,False
AgapeAtpCorp_20191202_10-KA_EX-10.1_11911128_EX-10.1_Supply Agreement,15t h day of January 2018,Agreement Date,Agreement Date,0.5310576558113098,LOW_CONFIDENCE,True
AgapeAtpCorp_20191202_10-KA_EX-10.1_11911128_EX-10.1_Supply Agreement,AGAPE ATP INTERNATIONAL HOLDING LIMITED,Parties,Parties,0.9968611001968384,Parties,False
AgapeAtpCorp_20191202_10-KA_EX-10.1_11911128_EX-10.1_Supply Agreement,Either parties voting stock is transferred to any third party to such extent as to result in a change in effective control of the company or its ownership or active management is changed in any other manner.,Change Of Control,Change Of Control,0.987637996673584,Change Of Control,False
AgapeAtpCorp_20191202_10-KA_EX-10.1_11911128_EX-10.1_Supply Agreement,If control of either party shall pass from the present shareholders or owners or controllers to other persons whom the other party shall in their absolute discretion regard as unsuitable.,Change Of Control,Change Of Control,0.9854846596717834,Change Of Control,False
AgapeAtpCorp_20191202_10-KA_EX-10.1_11911128_EX-10.1_Supply Agreement,"Minimum Annual Product Performance Requirements are listed below: Product Name: Agreed Quantity of Units to be purchased per Annum: ATP 1 S Survivor Select 150gm packaged 15,000 ATP 2 Energized Mineral Concentrate 29.5mL packaged 20,000 ATP 3 Ionized Cal-Mag 114gm packaged 15,000 ATP 4 Omega Blend 250mL packaged 15,000 ATP 5 BetaMaxx 150gm packaged 15,000 AGP 1 Iron 29.5mL packaged 1000 YFA Young Formula 450gm packaged 3000 ORYC Organic Soap 150gm packaged 2500",Minimum Commitment,Minimum Commitment,0.980449378490448,Minimum Commitment,False
AgapeAtpCorp_20191202_10-KA_EX-10.1_11911128_EX-10.1_Supply Agreement,ODM SUPPLY AGREEMENT,Document Name,Document Name,0.9974170923233032,Document Name,False
AgapeAtpCorp_20191202_10-KA_EX-10.1_11911128_EX-10.1_Supply Agreement,ORGANIC PREPARATIONS INC.,Parties,Parties,0.996918797492981,Parties,False
AgapeAtpCorp_20191202_10-KA_EX-10.1_11911128_EX-10.1_Supply Agreement,On either party assigning or attempting to assign this agreement without the prior written consent of the other party.,Anti-Assignment,Anti-Assignment,0.9894307851791382,Anti-Assignment,False
AgapeAtpCorp_20191202_10-KA_EX-10.1_11911128_EX-10.1_Supply Agreement,The Customer may not freely transfer or assign its rights or obligations under this agreement without the prior written consent of the Manufacturer.,Anti-Assignment,Anti-Assignment,0.9890100359916687,Anti-Assignment,False
AgapeAtpCorp_20191202_10-KA_EX-10.1_11911128_EX-10.1_Supply Agreement,"The Customer shall at all times during the term of this agreement maintain product liability insurance, covering all products sold by the Manufacturer to the Customer and which policy shall name the Manufacturer as Additional Insured.",Insurance,Insurance,0.9966720342636108,Insurance,False
AgapeAtpCorp_20191202_10-KA_EX-10.1_11911128_EX-10.1_Supply Agreement,"The Customer shall inspect all Products promptly upon receipt thereof and may reject any defective Product, provided that the Customer shall within seven (7) days after receipt of such alleged defective Product, notify the Manufacturer of its rejection and either: (i) request to destroy in field for credit of the value of the defective product and the associated shipping costs (with approval), or (ii) request a Return Material Authorization (""RMA"") number and within seven (7) days of receipt of the RMA number from the Manufacturer return such rejected Product to the Manufacturer.",Warranty Duration,Warranty Duration,0.9923868179321289,Warranty Duration,False
AgapeAtpCorp_20191202_10-KA_EX-10.1_11911128_EX-10.1_Supply Agreement,"The Manufacturer agrees that the Customer has the right under this agreement to consider, source, promote, market and sell other product outside of the products listed in Schedule A of this agreement in line with the following assumptions: That they are non-competing products to the range of products or those products listed in schedule A of this agreement.",Non-Compete,Competitive Restriction Exception,0.8253752589225769,Competitive Restriction Exception,False
AgapeAtpCorp_20191202_10-KA_EX-10.1_11911128_EX-10.1_Supply Agreement,"The Manufacturer agrees to give the Customer exclusive rights to the marketing, promotion and sales of the new products should the Customer decide to take on the new products.",Exclusivity,Exclusivity,0.9789406657218933,Exclusivity,False
AgapeAtpCorp_20191202_10-KA_EX-10.1_11911128_EX-10.1_Supply Agreement,The Manufacturer agrees to maintain its focus on the design and formulation of new products and agrees to provide the Customer with one new product each quarter for a minimum of four (4) new products per year.,Minimum Commitment,Minimum Commitment,0.9903209805488586,Minimum Commitment,False
AgapeAtpCorp_20191202_10-KA_EX-10.1_11911128_EX-10.1_Supply Agreement,The Manufacturer agrees to offer the Customer the first right of refusal to purchase the intellectual property for the products listed in Schedule A of this agreement based upon agreed terms.,Rofr/Rofo/Rofn,Rofr/Rofo/Rofn,0.9823231101036072,Rofr/Rofo/Rofn,False
AgapeAtpCorp_20191202_10-KA_EX-10.1_11911128_EX-10.1_Supply Agreement,"The Manufacturer covenants not to sell any product listed in this agreement, or product name (as listed in schedule A of this agreement) to any other party without prior written consent of the Customer.",Exclusivity,Anti-Assignment,0.6114795804023743,Anti-Assignment,False
AgapeAtpCorp_20191202_10-KA_EX-10.1_11911128_EX-10.1_Supply Agreement,The Manufacturer grants exclusive rights to the Customer for the term of ten (10) years from the date of the signing of this agreement and for an indefinite period upon the customer fulfilling the minimum annual purchase requirement as listed in Schedule B. of this agreement.,Competitive Restriction Exception,Exclusivity,0.9067847728729248,Exclusivity,False
AgapeAtpCorp_20191202_10-KA_EX-10.1_11911128_EX-10.1_Supply Agreement,"The Manufacturer has appointed the Customer the copyright holder of both the English and the Chinese version of the book How to achieve Super Health beyond 2000 - Advanced Edition, authored by Frank D.P. Ellis and Dr. Michael Tait M.D.",Ip Ownership Assignment,License Grant,0.8079255819320679,License Grant,False
AgapeAtpCorp_20191202_10-KA_EX-10.1_11911128_EX-10.1_Supply Agreement,"The Manufacturer hereby appoints the Customer to be the sole and exclusive agent for the promotion, sales, marketing, distribution and administration of the products listed in schedule A of this agreement based on minimum annual product purchase requirements as listed in Schedule B of this agreement.",Exclusivity,Exclusivity,0.9702829122543335,Exclusivity,False
AgapeAtpCorp_20191202_10-KA_EX-10.1_11911128_EX-10.1_Supply Agreement,The Manufacturer may not transfer or assign any of its rights or obligations under this agreement without the prior written consent of the Customer.,Anti-Assignment,Anti-Assignment,0.9889879822731018,Anti-Assignment,False
AgapeAtpCorp_20191202_10-KA_EX-10.1_11911128_EX-10.1_Supply Agreement,"The Manufacturing Companies utilised by the Agent to manufacture the products listed in Schedule A of this agreement shall maintain throughout the term of this agreement product liability insurance issued by a reputable insurance company under standard terms and conditions in the industry to cover the liability of the Customer and to indemnity the Customer from any costs, expenses, loss or damages resulting from any act, neglect or default of the company.",Insurance,Insurance,0.9967617988586426,Insurance,False
AgapeAtpCorp_20191202_10-KA_EX-10.1_11911128_EX-10.1_Supply Agreement,This agreement commences upon execution of this document.,Effective Date,Effective Date,0.9426905512809753,Effective Date,False
AgapeAtpCorp_20191202_10-KA_EX-10.1_11911128_EX-10.1_Supply Agreement,This agreement is for a term of ten (10) years.,Expiration Date,Expiration Date,0.9763379693031311,Expiration Date,False
AgapeAtpCorp_20191202_10-KA_EX-10.1_11911128_EX-10.1_Supply Agreement,This agreement shall be governed by the Laws of England (English common and statutory Law).,Governing Law,Governing Law,0.9975244402885437,Governing Law,False
AgapeAtpCorp_20191202_10-KA_EX-10.1_11911128_EX-10.1_Supply Agreement,"This agreement will be automatically renewed at the end of every ten (10) year term, with each subsequent term of renewal being for a ten (10) year term.",Renewal Term,Renewal Term,0.9787271618843079,Renewal Term,False
AgapeAtpCorp_20191202_10-KA_EX-10.1_11911128_EX-10.1_Supply Agreement,"This agreement will be automatically renewed at the end of every ten (10) year term, with each subsequent term of renewal being for a ten (10) year term. A six (6) months notice must be given by either party of their intention to terminate relations due to any reason other than breach of this agreement.",Notice Period To Terminate Renewal,Notice Period To Terminate Renewal,0.9829549193382263,Notice Period To Terminate Renewal,False
ArmstrongFlooringInc_20190107_8-K_EX-10.2_11471795_EX-10.2_Intellectual Property Agreement,"""Arizona Licensed Copyrights"" means all Copyrights owned by Licensing or Seller or their respective Affiliates, as of the Effective Date and used or held for use in the Company Field during the five (5) years prior to the Effective Date (other than the Arizona Assigned Copyrights).",Affiliate License-Licensor,Affiliate License-Licensor,0.9289223551750183,Affiliate License-Licensor,False
ArmstrongFlooringInc_20190107_8-K_EX-10.2_11471795_EX-10.2_Intellectual Property Agreement,"""Arizona Licensed Know-How"" means all Know-How owned by Licensing or Seller or their respective Affiliates, as of the Effective Date and used or held for use in the Company Field during the five (5) years prior to the Effective Date (other than the Arizona Assigned Know- How).",Affiliate License-Licensor,Affiliate License-Licensor,0.9286820888519287,Affiliate License-Licensor,False
ArmstrongFlooringInc_20190107_8-K_EX-10.2_11471795_EX-10.2_Intellectual Property Agreement,"""Arizona Licensed Patents"" means the Patents set forth on Schedule 1.1(l) and all other Patents owned by Licensing or Seller or their respective Affiliates as of the Effective Date and used or held for use in the Company Field during the five (5) years prior to the Effective Date (other than the Arizona Assigned Patents).",Affiliate License-Licensor,Affiliate License-Licensor,0.9346505999565125,Affiliate License-Licensor,False
ArmstrongFlooringInc_20190107_8-K_EX-10.2_11471795_EX-10.2_Intellectual Property Agreement,"""Company Licensed Copyrights"" means all Copyrights and registrations and applications for any of the foregoing owned by any Company Entity as of the Effective Date and used or held for use in the Arizona Field as of the Effective Date.",Affiliate License-Licensor,Affiliate License-Licensor,0.8561090230941772,Affiliate License-Licensor,False
ArmstrongFlooringInc_20190107_8-K_EX-10.2_11471795_EX-10.2_Intellectual Property Agreement,"""Company Licensed Know-How"" means all Know-How owned by any Company Entity as of the Effective Date and used or held for use in the Arizona Field as of the Effective Date.",Affiliate License-Licensor,Affiliate License-Licensor,0.6950249671936035,Affiliate License-Licensor,False
ArmstrongFlooringInc_20190107_8-K_EX-10.2_11471795_EX-10.2_Intellectual Property Agreement,"""Licensing"" and together with Seller, ""Arizona"")",Parties,Parties,0.9958446621894836,Parties,False
ArmstrongFlooringInc_20190107_8-K_EX-10.2_11471795_EX-10.2_Intellectual Property Agreement,"(the ""Company"" and together with Buyer the ""Buyer Entities""",Parties,Parties,0.9958946704864502,Parties,False
ArmstrongFlooringInc_20190107_8-K_EX-10.2_11471795_EX-10.2_Intellectual Property Agreement,AFI Licensing LLC,Parties,Parties,0.9969297051429749,Parties,False
ArmstrongFlooringInc_20190107_8-K_EX-10.2_11471795_EX-10.2_Intellectual Property Agreement,"AHF Holding, Inc.",Parties,Parties,0.9968289732933044,Parties,False
ArmstrongFlooringInc_20190107_8-K_EX-10.2_11471795_EX-10.2_Intellectual Property Agreement,Any assignment or other disposition in violation of the preceding sentence shall be void.,Anti-Assignment,Anti-Assignment,0.9890138506889343,Anti-Assignment,False
ArmstrongFlooringInc_20190107_8-K_EX-10.2_11471795_EX-10.2_Intellectual Property Agreement,"Arizona agrees to assign and hereby assigns its entire right, title and interest in and to the Arizona Assigned IP to the Company.",Ip Ownership Assignment,Ip Ownership Assignment,0.9852345585823059,Ip Ownership Assignment,False
ArmstrongFlooringInc_20190107_8-K_EX-10.2_11471795_EX-10.2_Intellectual Property Agreement,"Arizona may sublicense the licenses granted herein to its Affiliates and Third Parties in the ordinary course of business in support of its and its Affiliates' business, but not for the independent use of Third Parties, and the Company may sublicense the licenses granted herein to Third Parties, its Subsidiaries, AWP, controlled Affiliates, or any holding company that is a direct or indirect parent of the Company in the ordinary course of business in support of its and its Subsidiaries' or controlled Affiliates' business, but not for the independent use of Third Parties (each such Affiliate, Third Party, AWP or Subsidiary, a ""Sublicensee"").",Affiliate License-Licensee,Affiliate License-Licensee,0.9767659902572632,Affiliate License-Licensee,False
ArmstrongFlooringInc_20190107_8-K_EX-10.2_11471795_EX-10.2_Intellectual Property Agreement,"Armstrong Flooring, Inc.",Parties,Parties,0.9969480633735657,Parties,False
ArmstrongFlooringInc_20190107_8-K_EX-10.2_11471795_EX-10.2_Intellectual Property Agreement,Armstrong Hardwood Flooring Company,Parties,Parties,0.9968281388282776,Parties,False
ArmstrongFlooringInc_20190107_8-K_EX-10.2_11471795_EX-10.2_Intellectual Property Agreement,Buyer,Parties,Parties,0.9959450364112854,Parties,False
ArmstrongFlooringInc_20190107_8-K_EX-10.2_11471795_EX-10.2_Intellectual Property Agreement,"December 31, 2018",Effective Date,Effective Date,0.6789079308509827,Effective Date,False
ArmstrongFlooringInc_20190107_8-K_EX-10.2_11471795_EX-10.2_Intellectual Property Agreement,"Except as otherwise provided in this Agreement, including under Section 7.1, neither this Agreement nor any of the rights, interests or obligations of any Party under this Agreement shall be assigned, in whole or in part, by operation of law or otherwise, by either Party without the prior written consent of the other Party; provided, however, that (a) either Party may assign any of the foregoing in connection with the sale or other transfer of the applicable business or assets of such Party or its Affiliates to which this Agreement relates (except that neither of the Buyer Entities may assign any such rights, interests or obligations with respect to the Arizona Licensed Trademarks); (b) Arizona may assign any of the foregoing to one or more of its Affiliates and (c) the Company and Buyer may assign any of the foregoing to one or more of its Subsidiaries, controlled Affiliates, AWP, or any holding company that is a direct or indirect parent of the Company; provided that in each case (b) and (c), no assignment shall relieve the assigning Party of any of its obligations under this Agreement unless agreed to by the non-assigning Party.",Anti-Assignment,Anti-Assignment,0.9520370364189148,Anti-Assignment,False
ArmstrongFlooringInc_20190107_8-K_EX-10.2_11471795_EX-10.2_Intellectual Property Agreement,INTELLECTUAL PROPERTY AGREEMENT,Document Name,Document Name,0.9972807168960571,Document Name,False
ArmstrongFlooringInc_20190107_8-K_EX-10.2_11471795_EX-10.2_Intellectual Property Agreement,"Logo Size: The minimum logo size is 1"" or 25mm. In digital formats, the minimum width is 100 pixels at 72 dpi.",Minimum Commitment,Minimum Commitment,0.9895920753479004,Minimum Commitment,False
ArmstrongFlooringInc_20190107_8-K_EX-10.2_11471795_EX-10.2_Intellectual Property Agreement,Seller,Parties,Parties,0.9959818124771118,Parties,False
ArmstrongFlooringInc_20190107_8-K_EX-10.2_11471795_EX-10.2_Intellectual Property Agreement,"Subject to the terms and conditions of this Agreement, Arizona hereby grants to the Company a limited, non- exclusive, royalty-free, non-sublicensable (except as set forth in Section 7.1), non-assignable (except as set forth in Section 13.2) license in, to and under the Diamond Licensed Trademarks for the Diamond Trademark License Term for use with respect to the Diamond Product throughout the world only in the form and manner set forth on Schedule 6.2.",Non-Transferable License,Non-Transferable License,0.9796492457389832,Non-Transferable License,False
ArmstrongFlooringInc_20190107_8-K_EX-10.2_11471795_EX-10.2_Intellectual Property Agreement,"Subject to the terms and conditions of this Agreement, Arizona hereby grants to the Company a limited, non- exclusive, royalty-free, non-sublicensable (except as set forth in Section 7.1), non-assignable license in, to and under the Arizona Licensed Trademarks for the Arizona Trademark License Term for use in the Company Field throughout the world only in the form and manner that such Arizona Licensed Trademarks are used in the Business as of the Closing, provided that the Company shall use commercially reasonable efforts to present the Arizona Licensed Trademarks in the form set forth on Schedule 6.1.",Non-Transferable License,Non-Transferable License,0.9801871180534363,Non-Transferable License,False
ArmstrongFlooringInc_20190107_8-K_EX-10.2_11471795_EX-10.2_Intellectual Property Agreement,"Subject to the terms and conditions of this Agreement, Arizona hereby grants to the Company a perpetual, non- exclusive, royalty-free license in, to and under the Arizona Licensed Copyrights for use in the Company Field throughout the world.",Affiliate License-Licensor,Irrevocable Or Perpetual License,0.9663898348808289,Irrevocable Or Perpetual License,False
ArmstrongFlooringInc_20190107_8-K_EX-10.2_11471795_EX-10.2_Intellectual Property Agreement,"Subject to the terms and conditions of this Agreement, Arizona hereby grants to the Company a perpetual, non- exclusive, royalty-free license in, to and under the Arizona Licensed Know-How for use in the Company Field throughout the world.",Affiliate License-Licensor,Irrevocable Or Perpetual License,0.9636484384536743,Irrevocable Or Perpetual License,False
ArmstrongFlooringInc_20190107_8-K_EX-10.2_11471795_EX-10.2_Intellectual Property Agreement,"Subject to the terms and conditions of this Agreement, Arizona hereby grants to the Company a perpetual, non-exclusive, royalty-free license in, to and under the Arizona Licensed Patents for use in the Company Field throughout the world.",Affiliate License-Licensor,Irrevocable Or Perpetual License,0.9657007455825806,Irrevocable Or Perpetual License,False
ArmstrongFlooringInc_20190107_8-K_EX-10.2_11471795_EX-10.2_Intellectual Property Agreement,"Subject to the terms and conditions of this Agreement, the Company hereby grants to Seller a perpetual, non- exclusive, royalty-free license in, to and under the Company Licensed Copyrights for use in the Arizona Field throughout the world.",Affiliate License-Licensor,Irrevocable Or Perpetual License,0.9659653306007385,Irrevocable Or Perpetual License,False
ArmstrongFlooringInc_20190107_8-K_EX-10.2_11471795_EX-10.2_Intellectual Property Agreement,"Subject to the terms and conditions of this Agreement, the Company hereby grants to Seller a perpetual, non- exclusive, royalty-free license in, to and under the Company Licensed Know-How for use in the Arizona Field throughout the world.",Affiliate License-Licensor,Irrevocable Or Perpetual License,0.9646257162094116,Irrevocable Or Perpetual License,False
ArmstrongFlooringInc_20190107_8-K_EX-10.2_11471795_EX-10.2_Intellectual Property Agreement,"Subject to the terms and conditions of this Agreement, the Company hereby grants to Seller a perpetual, non-exclusive, royalty-free license in, to and under the Company Licensed Patents for use in the Arizona Field throughout the world.",Irrevocable Or Perpetual License,Irrevocable Or Perpetual License,0.9649572372436523,Irrevocable Or Perpetual License,False
ArmstrongFlooringInc_20190107_8-K_EX-10.2_11471795_EX-10.2_Intellectual Property Agreement,"Subject to the terms and conditions of this Agreement, the license set forth in Section 6.1 shall include the right of the Company to use the Arizona Domain Names solely in connection with the applicable Arizona Licensed Trademarks in the Company Field during the Arizona Trademark License Term, in the ordinary course of business in a manner generally consistent with the past practice of Arizona in the Company Field.",License Grant,License Grant,0.9848499298095703,License Grant,False
ArmstrongFlooringInc_20190107_8-K_EX-10.2_11471795_EX-10.2_Intellectual Property Agreement,The Company shall not tarnish or bring into disrepute the reputation of or goodwill associated with the Seller Licensed Trademarks or Arizona.,Non-Disparagement,Non-Disparagement,0.9929597973823547,Non-Disparagement,False
ArmstrongFlooringInc_20190107_8-K_EX-10.2_11471795_EX-10.2_Intellectual Property Agreement,"This Agreement shall be governed by the laws of the State of Delaware, its rules of conflict of laws notwithstanding.",Governing Law,Governing Law,0.9975224137306213,Governing Law,False
ArmstrongFlooringInc_20190107_8-K_EX-10.2_11471795_EX-10.2_Intellectual Property Agreement,"Unless earlier terminated pursuant to the provisions hereof, the term of this Agreement and the licenses and other grants of rights (and related obligations) under this Agreement shall (i) with respect to the Arizona Licensed Trademarks, be for the Arizona Trademark License Term, (ii) with respect to the Diamond Licensed Trademarks, be for the Diamond Trademark License Term, (iii) with respect to the Phase- Out Marks, be for the term set forth in Section 6.6, and (iv) with respect to Copyrights, Know-How and Patents, be in perpetuity.",Irrevocable Or Perpetual License,Irrevocable Or Perpetual License,0.9532292485237122,Irrevocable Or Perpetual License,False
ArmstrongFlooringInc_20190107_8-K_EX-10.2_11471795_EX-10.2_Intellectual Property Agreement,"Without limitation to the foregoing, Arizona shall not file applications to register any Company Licensed IP or assist any person in doing the same, or contest, challenge, or otherwise take any action adverse to the Company's and its Affiliates' ownership of or rights in and to the Company Licensed IP, or assist any person in doing the same.",Covenant Not To Sue,Covenant Not To Sue,0.9936754107475281,Covenant Not To Sue,False
ArmstrongFlooringInc_20190107_8-K_EX-10.2_11471795_EX-10.2_Intellectual Property Agreement,"Without limitation to the foregoing, the Company shall not file applications to register any Arizona Licensed IP or assist any person in doing the same, or contest, challenge, or otherwise take any action adverse to Arizona's and its Affiliates' ownership of or rights in and to the Arizona Licensed IP, or assist any person in doing the same.",Covenant Not To Sue,Covenant Not To Sue,0.9936732053756714,Covenant Not To Sue,False
ArmstrongFlooringInc_20190107_8-K_EX-10.2_11471795_EX-10.2_Intellectual Property Agreement,"each of Arizona on the one hand and the Buyer Entities on the other hand, a ""Party"" and collectively, the ""Parties"").",Parties,Parties,0.9946674108505249,Parties,False
ArmstrongFlooringInc_20190107_8-K_EX-10.2_11471795_EX-10.2_Intellectual Property Agreement,"formerly known as Tarzan HoldCo, Inc.)",Parties,Parties,0.995817244052887,Parties,False
"BABCOCK_WILCOXENTERPRISES,INC_08_04_2015-EX-10.17-INTELLECTUAL PROPERTY AGREEMENT between THE BABCOCK _ WILCOX COMPANY and BABCOCK _ WILCOX ENTERPRISES, INC.","Accordingly, (i) with respect to RemainCo's right and interest in and to the Foundational Software, RemainCo, for itself and as representative of all other members of the RemainCo Group, hereby grants to SpinCo (x) a perpetual, irrevocable, exclusive, royalty-free, worldwide right and license to use the Foundational Software, including any Intellectual Property embodied therein, for the continued operation of the SpinCo Business and any future extensions of the SpinCo Business in the SpinCo Core Field and (y) a perpetual, irrevocable, non-exclusive, royalty-free, worldwide right and license to use the Foundational Software, including any Intellectual Property embodied therein, for the continued operation of the SpinCo Business and any future extensions of the SpinCo Business in any field other than the SpinCo Core Field or the RemainCo Core Field; and (ii) with respect to SpinCo's right and interest in and to the Foundational Software, SpinCo, for itself and as representative of all other members",Irrevocable Or Perpetual License,Affiliate License-Licensor,0.49417153000831604,LOW_CONFIDENCE,True
"BABCOCK_WILCOXENTERPRISES,INC_08_04_2015-EX-10.17-INTELLECTUAL PROPERTY AGREEMENT between THE BABCOCK _ WILCOX COMPANY and BABCOCK _ WILCOX ENTERPRISES, INC.","Accordingly, (i) with respect to RemainCo's right and interest in and to the Shared Library Materials, RemainCo, for itself and as representative of all other members of the RemainCo Group, hereby grants to SpinCo (x) a perpetual (subject to Section 4.4), irrevocable, exclusive, royalty-free, worldwide right and license with the right to grant sublicenses (solely as set forth in Section 5.6) to use the Shared Library Materials, including all Know-How and Copyrights embodied therein, for any purpose in the SpinCo Core Field and (y) a perpetual (subject to Section 4.4), irrevocable, non-exclusive, royalty-free, worldwide right and license with the right to grant sublicenses (solely as set forth in Section 5.6) to use the Shared Library Materials, including all Know-How and Copyrights embodied therein, for any purpose in any field other than the RemainCo Core Field or the SpinCo Core Field and (ii) with respect to SpinCo's right and interest in and to the Shared Library Materials, SpinCo, for itself and as representative of all other members of the SpinCo Group, hereby grants to RemainCo (x) a perpetual (subject to Section 4.4), irrevocable, exclusive, royalty-free, worldwide right and license with the right to grant sublicenses (solely as set forth in Section 5.6) to use the Shared Library Materials, including all Know-How and Copyrights embodied therein, for any purpose in the RemainCo Core Field and (y) a perpetual (subject to Section 4.4), irrevocable, non- exclusive, royalty-free, worldwide right and license with the right to grant sublicenses (solely as set forth in Section 5.6) to use the Shared Library Materials, including all Know-How and Copyrights embodied therein, for any purpose in any field other than the SpinCo Core Field or the RemainCo Core Field.",Affiliate License-Licensor,Irrevocable Or Perpetual License,0.5478053092956543,LOW_CONFIDENCE,True
"BABCOCK_WILCOXENTERPRISES,INC_08_04_2015-EX-10.17-INTELLECTUAL PROPERTY AGREEMENT between THE BABCOCK _ WILCOX COMPANY and BABCOCK _ WILCOX ENTERPRISES, INC.","Babcock & Wilcox Enterprises, Inc.",Parties,Parties,0.9968602657318115,Parties,False
"BABCOCK_WILCOXENTERPRISES,INC_08_04_2015-EX-10.17-INTELLECTUAL PROPERTY AGREEMENT between THE BABCOCK _ WILCOX COMPANY and BABCOCK _ WILCOX ENTERPRISES, INC.","However, the Parties agree that the RemainCo Group may continue, beyond such 270-day period, to distribute copies of any existing inventory of its marketing literature, including technical papers, brochures, and printed promotional material, in existence on the Distribution Date, provided, however, that reasonable efforts are made to remove or cover up any SpinCo House Marks appearing thereon prior to distribution.",Post-Termination Services,Post-Termination Services,0.9910066723823547,Post-Termination Services,False
"BABCOCK_WILCOXENTERPRISES,INC_08_04_2015-EX-10.17-INTELLECTUAL PROPERTY AGREEMENT between THE BABCOCK _ WILCOX COMPANY and BABCOCK _ WILCOX ENTERPRISES, INC.",INTELLECTUAL PROPERTY AGREEMENT,Document Name,Document Name,0.9972807168960571,Document Name,False
"BABCOCK_WILCOXENTERPRISES,INC_08_04_2015-EX-10.17-INTELLECTUAL PROPERTY AGREEMENT between THE BABCOCK _ WILCOX COMPANY and BABCOCK _ WILCOX ENTERPRISES, INC.","June 26, 2015",Effective Date,Agreement Date,0.5490379929542542,LOW_CONFIDENCE,True
"BABCOCK_WILCOXENTERPRISES,INC_08_04_2015-EX-10.17-INTELLECTUAL PROPERTY AGREEMENT between THE BABCOCK _ WILCOX COMPANY and BABCOCK _ WILCOX ENTERPRISES, INC.","Notwithstanding the foregoing provisions of this Section 3.2, in no event shall any of the members of the RemainCo Group continue to use the SpinCo House Marks (whether in any of the materials referenced in the immediately preceding sentence or otherwise) following a Change of Control of RemainCo.",Change Of Control,Change Of Control,0.978172779083252,Change Of Control,False
"BABCOCK_WILCOXENTERPRISES,INC_08_04_2015-EX-10.17-INTELLECTUAL PROPERTY AGREEMENT between THE BABCOCK _ WILCOX COMPANY and BABCOCK _ WILCOX ENTERPRISES, INC.",RemainCo,Parties,Parties,0.9960596561431885,Parties,False
"BABCOCK_WILCOXENTERPRISES,INC_08_04_2015-EX-10.17-INTELLECTUAL PROPERTY AGREEMENT between THE BABCOCK _ WILCOX COMPANY and BABCOCK _ WILCOX ENTERPRISES, INC.","RemainCo (i) shall not use or exploit the Licensed RemainCo Intellectual Property in the SpinCo Core Field and (ii) shall not, and shall not permit any member of the RemainCo Group to, license, provide or otherwise grant to any Third Party the right to use, exploit or access any Licensed RemainCo Intellectual Property in the SpinCo Core Field.",License Grant,Affiliate License-Licensor,0.3596399128437042,LOW_CONFIDENCE,True
"BABCOCK_WILCOXENTERPRISES,INC_08_04_2015-EX-10.17-INTELLECTUAL PROPERTY AGREEMENT between THE BABCOCK _ WILCOX COMPANY and BABCOCK _ WILCOX ENTERPRISES, INC.","RemainCo agrees not to, and shall not permit any member of the RemainCo Group to, oppose, petition to cancel, or otherwise challenge or object to the use of or any current application and/or subsequent application for registration by SpinCo or any member of the SpinCo Group of any SpinCo House Marks, as long as such use and/or registration does not make use of the RemainCo House Marks and further agrees to take such actions as may be reasonably requested by SpinCo and execute or cause to be executed by the appropriate members of the RemainCo Group such other agreements, instruments and other documents, including coexistence agreements and letters of consent, as may be reasonably requested by SpinCo to facilitate the registration and continued prosecution of SpinCo House Marks (e.g., in the event that any RemainCo House Mark is cited against an application for a SpinCo House Mark).",Covenant Not To Sue,Covenant Not To Sue,0.9920138716697693,Covenant Not To Sue,False
"BABCOCK_WILCOXENTERPRISES,INC_08_04_2015-EX-10.17-INTELLECTUAL PROPERTY AGREEMENT between THE BABCOCK _ WILCOX COMPANY and BABCOCK _ WILCOX ENTERPRISES, INC.","RemainCo hereby covenants not to sue SpinCo under any Licensed RemainCo Know-How and under RemainCo's right, title and interest in and to Shared Library Materials and Foundational Software, including, without limitation, all applicable Patents, Copyrights, and Know-How, for infringement or misappropriation based upon any action that occurs in connection with the continued operation of the SpinCo Business and any future extensions of the SpinCo Business in any field other than the RemainCo Core Field after the Distribution Date.",Covenant Not To Sue,Covenant Not To Sue,0.9864394664764404,Covenant Not To Sue,False
"BABCOCK_WILCOXENTERPRISES,INC_08_04_2015-EX-10.17-INTELLECTUAL PROPERTY AGREEMENT between THE BABCOCK _ WILCOX COMPANY and BABCOCK _ WILCOX ENTERPRISES, INC.","RemainCo may sublicense the Licensed SpinCo Intellectual Property to Affiliates of RemainCo, even if they become Affiliates after the Distribution Date, solely within the scope of its licenses in Article 5, provided that such sublicense shall only be effective for such time as such entity remains an Affiliate of RemainCo",Affiliate License-Licensee,Affiliate License-Licensee,0.974645733833313,Affiliate License-Licensee,False
"BABCOCK_WILCOXENTERPRISES,INC_08_04_2015-EX-10.17-INTELLECTUAL PROPERTY AGREEMENT between THE BABCOCK _ WILCOX COMPANY and BABCOCK _ WILCOX ENTERPRISES, INC.",RemainCo shall have the right to use the SpinCo House Marks in connection with the operation of the RemainCo Business for a limited period of 270 days following the Distribution Date.,License Grant,Post-Termination Services,0.8433011174201965,Post-Termination Services,False
"BABCOCK_WILCOXENTERPRISES,INC_08_04_2015-EX-10.17-INTELLECTUAL PROPERTY AGREEMENT between THE BABCOCK _ WILCOX COMPANY and BABCOCK _ WILCOX ENTERPRISES, INC.","RemainCo shall have, and SpinCo hereby grants to RemainCo, an unlimited, non-exclusive, perpetual, irrevocable, royalty free, worldwide right and license to use the content contained in the Steam Book, including the current edition and any past edition and any future edition to which RemainCo makes a contribution, for any purpose, including, without limitation, to reproduce, publicly display, modify, make derivative works, distribute, publicly perform and distribute for RemainCo's internal business purposes, including in connection with customer related activities, provided, however, that RemainCo shall (i) not use any non-nuclear content contained in the Steam Book in connection with publishing or distributing a publication which competes with the Steam Book and (ii) provide attribution and accreditation using a copyright notice having the format required by law in connection with the use of any protectable expression of the non-nuclear content contained in the Steam Book",Irrevocable Or Perpetual License,Unlimited/All-You-Can-Eat-License,0.7565645575523376,Unlimited/All-You-Can-Eat-License,False
"BABCOCK_WILCOXENTERPRISES,INC_08_04_2015-EX-10.17-INTELLECTUAL PROPERTY AGREEMENT between THE BABCOCK _ WILCOX COMPANY and BABCOCK _ WILCOX ENTERPRISES, INC.","RemainCo shall have, and SpinCo hereby grants to RemainCo, an unlimited, non-exclusive, perpetual, irrevocable, royalty free, worldwide right and license to use the content contained in the Steam Book, including the current edition and any past edition and any future edition to which RemainCo makes a contribution, for any purpose, including, without limitation, to reproduce, publicly display, modify, make derivative works, distribute, publicly perform and distribute for RemainCo's internal business purposes, including in connection with customer related activities, provided, however, that RemainCo shall (i) not use any non-nuclear content contained in the Steam Book in connection with publishing or distributing a publication which competes with the Steam Book and (ii) provide attribution and accreditation using a copyright notice having the format required by law in connection with the use of any protectable expression of the non-nuclear content contained in the Steam Book.",Unlimited/All-You-Can-Eat-License,Unlimited/All-You-Can-Eat-License,0.7326540350914001,Unlimited/All-You-Can-Eat-License,False
"BABCOCK_WILCOXENTERPRISES,INC_08_04_2015-EX-10.17-INTELLECTUAL PROPERTY AGREEMENT between THE BABCOCK _ WILCOX COMPANY and BABCOCK _ WILCOX ENTERPRISES, INC.","RemainCo, for itself and as representative of all other members of the RemainCo Group, hereby grants to SpinCo (x) a perpetual, irrevocable, exclusive, royalty-free, worldwide right and license with the right to grant sublicenses (solely as set forth in Section 5.6) to use the RemainCo Know-How currently or previously used in connection with the SpinCo Business or otherwise in the possession of SpinCo or any member of the SpinCo Group as of the Distribution Date (the ""Licensed RemainCo Know-How""), for the continued operation of the SpinCo Business and any future extensions of the SpinCo Business in the SpinCo Core Field and (y) a perpetual, irrevocable, non-exclusive, royalty-free, worldwide right and license with the right to grant sublicenses (solely as set forth in Section 5.6) to use the Licensed RemainCo Know-How for the continued operation of the SpinCo Business and any future extensions of the SpinCo Business in any field other than the RemainCo Core Field or the SpinCo Core Field; provided, however, the foregoing licenses shall not extend to (i) RemainCo Know-How licensed by RemainCo or any other member of the RemainCo Group if and to the extent the licensing of same to SpinCo would constitute a breach of an agreement with any Third Party executed prior to the Effective Date or result in any expense to RemainCo or any member of the RemainCo Group for payments to such Third Party or (ii) any intellectual property not owned by one or more members of the RemainCo Group, or as to which no member of the RemainCo Group has the right to grant sublicenses, as of the Effective Date.",Affiliate License-Licensor,Affiliate License-Licensor,0.6268510818481445,Affiliate License-Licensor,False
"BABCOCK_WILCOXENTERPRISES,INC_08_04_2015-EX-10.17-INTELLECTUAL PROPERTY AGREEMENT between THE BABCOCK _ WILCOX COMPANY and BABCOCK _ WILCOX ENTERPRISES, INC.",SpinCo,Parties,Parties,0.9947064518928528,Parties,False
"BABCOCK_WILCOXENTERPRISES,INC_08_04_2015-EX-10.17-INTELLECTUAL PROPERTY AGREEMENT between THE BABCOCK _ WILCOX COMPANY and BABCOCK _ WILCOX ENTERPRISES, INC.","SpinCo (i) shall not use or exploit the Licensed SpinCo Intellectual Property in the RemainCo Core Field and (ii) shall not, and shall not permit any member of the SpinCo Group to, license, provide or otherwise grant to any Third Party the right to use, exploit or access any Licensed SpinCo Intellectual Property in the RemainCo Core Field.",License Grant,Affiliate License-Licensor,0.6883041858673096,Affiliate License-Licensor,False
"BABCOCK_WILCOXENTERPRISES,INC_08_04_2015-EX-10.17-INTELLECTUAL PROPERTY AGREEMENT between THE BABCOCK _ WILCOX COMPANY and BABCOCK _ WILCOX ENTERPRISES, INC.","SpinCo and RemainCo agree and acknowledge that, although RemainCo was responsible for publishing the current forty-second (42nd) edition of the Steam Book, as of the Distribution Date, all rights, responsibilities, duties and obligations related to the publication, distribution and sale of this edition shall be transferred to SpinCo.",Ip Ownership Assignment,Post-Termination Services,0.9591368436813354,Post-Termination Services,False
"BABCOCK_WILCOXENTERPRISES,INC_08_04_2015-EX-10.17-INTELLECTUAL PROPERTY AGREEMENT between THE BABCOCK _ WILCOX COMPANY and BABCOCK _ WILCOX ENTERPRISES, INC.","SpinCo hereby covenants not to sue RemainCo under any Licensed SpinCo Know-How and under SpinCo's right, title and interest in and to Shared Library Materials and Foundational Software, including, without limitation, all applicable Patents, Copyrights, and Know-How, for infringement or misappropriation based upon any action that occurs in connection with the continued operation of the RemainCo Business and any future extensions of the RemainCo Business in any field other than the SpinCo Core Field after the Distribution Date",Covenant Not To Sue,Covenant Not To Sue,0.986847460269928,Covenant Not To Sue,False
"BABCOCK_WILCOXENTERPRISES,INC_08_04_2015-EX-10.17-INTELLECTUAL PROPERTY AGREEMENT between THE BABCOCK _ WILCOX COMPANY and BABCOCK _ WILCOX ENTERPRISES, INC.","SpinCo may sublicense the Licensed RemainCo Intellectual Property to Affiliates of SpinCo, even if they become Affiliates after the Distribution Date, solely within the scope of its licenses in Article 5, provided that such sublicense shall only be effective for such time as such entity remains an Affiliate of SpinCo",Affiliate License-Licensee,Affiliate License-Licensee,0.9759767651557922,Affiliate License-Licensee,False
"BABCOCK_WILCOXENTERPRISES,INC_08_04_2015-EX-10.17-INTELLECTUAL PROPERTY AGREEMENT between THE BABCOCK _ WILCOX COMPANY and BABCOCK _ WILCOX ENTERPRISES, INC.","SpinCo shall have the sole right to determine the content contained in future editions of the Steam Book, provided, however, that SpinCo will provide RemainCo with a right of first refusal to collaborate with SpinCo to provide content related to nuclear subject matter in the forty-third (43rd) edition of the Steam Book, with allocation of costs and revenues and any attribution and Copyright ownership with respect to RemainCo contributed content to be negotiated in good faith by the Parties.",Rofr/Rofo/Rofn,Rofr/Rofo/Rofn,0.9899185299873352,Rofr/Rofo/Rofn,False
"BABCOCK_WILCOXENTERPRISES,INC_08_04_2015-EX-10.17-INTELLECTUAL PROPERTY AGREEMENT between THE BABCOCK _ WILCOX COMPANY and BABCOCK _ WILCOX ENTERPRISES, INC.",SpinCo shall have the sole right to use the title Steam/its generation and use to publish future editions of the Steam Book.,Exclusivity,Exclusivity,0.936233401298523,Exclusivity,False
"BABCOCK_WILCOXENTERPRISES,INC_08_04_2015-EX-10.17-INTELLECTUAL PROPERTY AGREEMENT between THE BABCOCK _ WILCOX COMPANY and BABCOCK _ WILCOX ENTERPRISES, INC.","SpinCo, for itself and as representative of all other members of the SpinCo Group, hereby grants to RemainCo (x) a perpetual, irrevocable, exclusive, royalty-free, worldwide right and license with the right to grant sublicenses (solely as set forth in Section 5.6) to use the SpinCo Know- How currently or previously used in connection with the RemainCo Business or otherwise in the possession of RemainCo or any member of the RemainCo Group as of Distribution Date (the ""Licensed SpinCo Know-How""), for the continued operation of the RemainCo Business and any future extensions of the RemainCo Business in the RemainCo Core Field and (y) a perpetual, irrevocable, non-exclusive, royalty-free, worldwide right and license with the right to grant sublicenses (solely as set forth in Section 5.6) to use the Licensed SpinCo Know-How for the continued operation of the RemainCo Business and any future extensions of the RemainCo Business in any field other than the RemainCo Core Field or the SpinCo Core Field; provided, however, the foregoing licenses shall not extend to (i) SpinCo Know-How",Affiliate License-Licensor,Affiliate License-Licensor,0.622004508972168,Affiliate License-Licensor,False
"BABCOCK_WILCOXENTERPRISES,INC_08_04_2015-EX-10.17-INTELLECTUAL PROPERTY AGREEMENT between THE BABCOCK _ WILCOX COMPANY and BABCOCK _ WILCOX ENTERPRISES, INC.",The Babcock & Wilcox Company,Parties,Parties,0.9968369007110596,Parties,False
"BABCOCK_WILCOXENTERPRISES,INC_08_04_2015-EX-10.17-INTELLECTUAL PROPERTY AGREEMENT between THE BABCOCK _ WILCOX COMPANY and BABCOCK _ WILCOX ENTERPRISES, INC.","The foregoing licenses include the right to reproduce, prepare derivative works, distribute, perform and otherwise exploit such Shared Library Materials and to use the Shared Library Materials to design, develop, manufacture, have manufactured, sell and support products and services, subject in each case to applicable export control Laws and the provisions of Section 4.5.",License Grant,License Grant,0.979025661945343,License Grant,False
"BABCOCK_WILCOXENTERPRISES,INC_08_04_2015-EX-10.17-INTELLECTUAL PROPERTY AGREEMENT between THE BABCOCK _ WILCOX COMPANY and BABCOCK _ WILCOX ENTERPRISES, INC.","The foregoing right of first refusal shall cease in the event of a Change of Control of either RemainCo or SpinCo, provided, however, that the Parties will discuss the feasibility of future collaboration, specifically related to the contribution of nuclear related subject matter by RemainCo, in good faith in the event of a Change of Control.",Change Of Control,Rofr/Rofo/Rofn,0.8418651819229126,Rofr/Rofo/Rofn,False
"BABCOCK_WILCOXENTERPRISES,INC_08_04_2015-EX-10.17-INTELLECTUAL PROPERTY AGREEMENT between THE BABCOCK _ WILCOX COMPANY and BABCOCK _ WILCOX ENTERPRISES, INC.","This Agreement may not be assigned by either Party, except with the prior written consent of the other Party.",Anti-Assignment,Anti-Assignment,0.9892570376396179,Anti-Assignment,False
"BABCOCK_WILCOXENTERPRISES,INC_08_04_2015-EX-10.17-INTELLECTUAL PROPERTY AGREEMENT between THE BABCOCK _ WILCOX COMPANY and BABCOCK _ WILCOX ENTERPRISES, INC.","This Agreement shall be governed by, and construed and enforced in accordance with, the substantive laws of the State of Delaware, without regard to any conflicts of law provisions thereof that would result in the application of the laws of any other jurisdiction.",Governing Law,Governing Law,0.9974468946456909,Governing Law,False
"BABCOCK_WILCOXENTERPRISES,INC_08_04_2015-EX-10.17-INTELLECTUAL PROPERTY AGREEMENT between THE BABCOCK _ WILCOX COMPANY and BABCOCK _ WILCOX ENTERPRISES, INC.","individually as a ""Party,"" and collectively as the ""Parties."" C",Parties,Parties,0.9953194260597229,Parties,False
"BABCOCK_WILCOXENTERPRISES,INC_08_04_2015-EX-10.17-INTELLECTUAL PROPERTY AGREEMENT between THE BABCOCK _ WILCOX COMPANY and BABCOCK _ WILCOX ENTERPRISES, INC.","licensed by SpinCo or any other member of the SpinCo Group if and to the extent the licensing of same to RemainCo would constitute a breach of an agreement with any Third Party executed prior to the Effective Date or result in any expense to SpinCo or any member of the SpinCo Group for payments to such Third Party or (ii) any intellectual property not owned by one or more members of the SpinCo Group, or as to which no member of the SpinCo Group has the right to grant sublicenses, as of the Effective Date.",Affiliate License-Licensor,Affiliate License-Licensor,0.8286756277084351,Affiliate License-Licensor,False
"BABCOCK_WILCOXENTERPRISES,INC_08_04_2015-EX-10.17-INTELLECTUAL PROPERTY AGREEMENT between THE BABCOCK _ WILCOX COMPANY and BABCOCK _ WILCOX ENTERPRISES, INC.","of the SpinCo Group, hereby grants to RemainCo (x) a perpetual, irrevocable, exclusive, royalty-free, worldwide right and license to use the Foundational Software, including any Intellectual Property embodied therein, for the continued operation of the RemainCo Business and any future extensions of the RemainCo Business in the RemainCo Core Field and (y) a perpetual, irrevocable, non-exclusive, royalty-free, worldwide right and license to use the Foundational Software, including any Intellectual Property embodied therein, for the continued operation of the RemainCo Business and any future extensions of the RemainCo Business in any field other than the SpinCo Core Field or the RemainCo Core Field.",License Grant,Irrevocable Or Perpetual License,0.7806420922279358,Irrevocable Or Perpetual License,False
"BABCOCK_WILCOXENTERPRISES,INC_08_04_2015-EX-10.17-INTELLECTUAL PROPERTY AGREEMENT between THE BABCOCK _ WILCOX COMPANY and BABCOCK _ WILCOX ENTERPRISES, INC.","of the SpinCo Group, hereby grants to RemainCo (x) a perpetual, irrevocable, exclusive, royalty-free, worldwide right and license to use the Foundational Software, including any Intellectual Property embodied therein, for the continued operation of the RemainCo Business and any future extensions of the RemainCo Business in the RemainCo Core Field and (y) a perpetual, irrevocable, non-exclusive, royalty-free, worldwide right and license to use the Foundational Software, including any Intellectual Property embodied therein, for the continued operation of the RemainCo Business and any future extensions of the RemainCo Business in any field other than the SpinCo Core Field or the RemainCo Core Field. The foregoing licenses includes the right to reproduce, prepare derivative works, distribute, perform and otherwise exploit such Foundational Software and to use the Foundational Software to design, develop, manufacture, have manufactured, sell and support products and services.",Irrevocable Or Perpetual License,Irrevocable Or Perpetual License,0.8019992113113403,Irrevocable Or Perpetual License,False
BIOAMBERINC_04_10_2013-EX-10.34-DEVELOPMENT AGREEMENT - First Amendment,7/18/11,Agreement Date,Agreement Date,0.5977588891983032,LOW_CONFIDENCE,True
BIOAMBERINC_04_10_2013-EX-10.34-DEVELOPMENT AGREEMENT - First Amendment,BioAmber,Parties,Parties,0.9964662790298462,Parties,False
BIOAMBERINC_04_10_2013-EX-10.34-DEVELOPMENT AGREEMENT - First Amendment,BioAmber S.A.S.,Parties,Parties,0.9966745376586914,Parties,False
BIOAMBERINC_04_10_2013-EX-10.34-DEVELOPMENT AGREEMENT - First Amendment,Cargill,Parties,Parties,0.9966373443603516,Parties,False
BIOAMBERINC_04_10_2013-EX-10.34-DEVELOPMENT AGREEMENT - First Amendment,"Cargill, Incorporated",Parties,Parties,0.9967687129974365,Parties,False
BIOAMBERINC_04_10_2013-EX-10.34-DEVELOPMENT AGREEMENT - First Amendment,First Amendment,Document Name,Document Name,0.9961729645729065,Document Name,False
BIOAMBERINC_04_10_2013-EX-10.34-DEVELOPMENT AGREEMENT - First Amendment,"July 5, 2011",Effective Date,Agreement Date,0.5311052799224854,LOW_CONFIDENCE,True
"BLUEHILLSBANCORP,INC_05_20_2014-EX-1.1-AGENCY AGREEMENT","A Success Fee of 0.85% shall be paid based on the aggregate purchase price of the Shares sold in the Subscription Offering and the Community Offering excluding shares purchased by the Blue Hills Parties' officers, directors, trustees or employees (or members of their immediate family) plus any ESOP, tax-qualified or stock based compensation plans or similar plan created by the Blue Hills Parties for some or all of their directors or employees or by the foundation (or any shares contributed to the foundation).",Revenue/Profit Sharing,Revenue/Profit Sharing,0.9931423664093018,Revenue/Profit Sharing,False
"BLUEHILLSBANCORP,INC_05_20_2014-EX-1.1-AGENCY AGREEMENT",AGENCY AGREEMENT,Document Name,Document Name,0.99735426902771,Document Name,False
"BLUEHILLSBANCORP,INC_05_20_2014-EX-1.1-AGENCY AGREEMENT",Agent,Parties,Parties,0.9961395859718323,Parties,False
"BLUEHILLSBANCORP,INC_05_20_2014-EX-1.1-AGENCY AGREEMENT",Bank,Parties,Parties,0.9961755275726318,Parties,False
"BLUEHILLSBANCORP,INC_05_20_2014-EX-1.1-AGENCY AGREEMENT","Blue Hills Bancorp, Inc.",Parties,Parties,0.996807873249054,Parties,False
"BLUEHILLSBANCORP,INC_05_20_2014-EX-1.1-AGENCY AGREEMENT",Blue Hills Bank,Parties,Parties,0.9963560104370117,Parties,False
"BLUEHILLSBANCORP,INC_05_20_2014-EX-1.1-AGENCY AGREEMENT","Bruyette & Woods, Inc.",Parties,Parties,0.9967095851898193,Parties,False
"BLUEHILLSBANCORP,INC_05_20_2014-EX-1.1-AGENCY AGREEMENT",Holding Company,Parties,Parties,0.996042013168335,Parties,False
"BLUEHILLSBANCORP,INC_05_20_2014-EX-1.1-AGENCY AGREEMENT","Hyde Park Bancorp, Inc.",Parties,Parties,0.9968745708465576,Parties,False
"BLUEHILLSBANCORP,INC_05_20_2014-EX-1.1-AGENCY AGREEMENT","Hyde Park Bancorp, MHC",Parties,Parties,0.9967939257621765,Parties,False
"BLUEHILLSBANCORP,INC_05_20_2014-EX-1.1-AGENCY AGREEMENT","In the event the Holding Company fails to sell the required minimum number of the Shares by the date when such sales must be completed, in accordance with the provisions of the Plan or as required by the Massachusetts Regulations and applicable law, this Agreement shall terminate upon refund by the Holding Company to each person who has subscribed for or ordered any of the Shares the full amount which it may have received from such person, together with interest as provided in the Prospectus, and no party to this Agreement shall have any obligation to the other hereunder, except as set forth in Sections 2(a), 2(e), 7, 9 and 10 hereof.",Minimum Commitment,Minimum Commitment,0.9887627959251404,Minimum Commitment,False
"BLUEHILLSBANCORP,INC_05_20_2014-EX-1.1-AGENCY AGREEMENT","In the event the Holding Company is unable to sell a minimum of 17,850,000 Shares within the period herein provided, this Agreement shall terminate and the Holding Company shall refund to any persons who have subscribed for any of the Shares the full amount which it may have received from them plus accrued interest, as set forth in the Prospectus; and none of the parties to this Agreement shall have any obligation to the other parties hereunder, except as set forth in this Section 2 and in Sections 7, 9 and 10 hereof. In the event the Offering is terminated for any reason not attributable to the action or inaction of the Agent, the Agent shall be paid the fees due to the date of such termination pursuant to subparagraphs (a) and (e) below.",Minimum Commitment,Minimum Commitment,0.989285409450531,Minimum Commitment,False
"BLUEHILLSBANCORP,INC_05_20_2014-EX-1.1-AGENCY AGREEMENT","It is expressly agreed that the Agent shall not be liable for any loss, liability, claim, damage or expense or be required to contribute any amount pursuant to Section 9(b) or this Section 10 which in the aggregate exceeds the amount paid (excluding reimbursable expenses) to the Agent under this Agreement.",Cap On Liability,Cap On Liability,0.9855242371559143,Cap On Liability,False
"BLUEHILLSBANCORP,INC_05_20_2014-EX-1.1-AGENCY AGREEMENT",MHC,Parties,Parties,0.9966279864311218,Parties,False
"BLUEHILLSBANCORP,INC_05_20_2014-EX-1.1-AGENCY AGREEMENT","May 14, 2014",Effective Date,Agreement Date,0.5775651931762695,LOW_CONFIDENCE,True
"BLUEHILLSBANCORP,INC_05_20_2014-EX-1.1-AGENCY AGREEMENT",Mid­Tier,Parties,Parties,0.9965065121650696,Parties,False
"BLUEHILLSBANCORP,INC_05_20_2014-EX-1.1-AGENCY AGREEMENT","Subject to the terms and conditions herein set forth, the Blue Hills Parties hereby appoint the Agent as their exclusive financial advisor and conversion agent (i) to utilize its best efforts to solicit subscriptions for Shares and to advise and assist the Holding Company and the Bank with respect to the sale of the Shares in the Offering and (ii) to participate in the Offering in the areas of market making and in syndicate formation or to act as sole book-running manager in the Underwritten Offering (if necessary).",Exclusivity,Exclusivity,0.9802696108818054,Exclusivity,False
"BLUEHILLSBANCORP,INC_05_20_2014-EX-1.1-AGENCY AGREEMENT","The Blue Hills Parties carry, or are covered by, insurance in such amounts and covering such risks as is adequate for the conduct of their respective businesses and the value of their respective properties as is customary for companies engaged in a similar industry.",Insurance,Insurance,0.9963350296020508,Insurance,False
"BLUEHILLSBANCORP,INC_05_20_2014-EX-1.1-AGENCY AGREEMENT","The Holding Company may engage Agent to offer the Shares to certain members of the general public in the Underwritten Offering with Agent acting as sole book-running manager. In the event that Agent sells Shares in the Underwritten Offering, the underwriting discount will equal 5.25% of the aggregate Purchase Price of the Shares sold in the Underwritten Offering to Agent and to any other broker-dealer participating as an underwriter in the Underwritten Offering.",Revenue/Profit Sharing,Revenue/Profit Sharing,0.9706421494483948,Revenue/Profit Sharing,False
"BLUEHILLSBANCORP,INC_05_20_2014-EX-1.1-AGENCY AGREEMENT","The deposit accounts of the Bank are insured by the FDIC up to the applicable limits, and upon consummation of the Conversion, the liquidation accounts for the benefit of Eligible Account Holders will be duly established in accordance with the requirements of the Massachusetts Regulations.",Insurance,Insurance,0.9078812003135681,Insurance,False
"BLUEHILLSBANCORP,INC_05_20_2014-EX-1.1-AGENCY AGREEMENT",This Agreement shall be governed by and construed in accordance with the laws of the State of New York without regard to principles of conflicts of law.,Governing Law,Governing Law,0.9974925518035889,Governing Law,False
BUFFALOWILDWINGSINC_06_05_1998-EX-10.3-FRANCHISE AGREEMENT,"""we"" or ""us""",Parties,Parties,0.9939098358154297,Parties,False
BUFFALOWILDWINGSINC_06_05_1998-EX-10.3-FRANCHISE AGREEMENT,"2. Employ or seek to employ any person who is at that time employed by us, our affiliates, or by any other franchisee of ours, or otherwise directly or indirectly induce or seek to induce such person to leave his or her employment thereat.",No-Solicit Of Employees,No-Solicit Of Employees,0.9934433698654175,No-Solicit Of Employees,False
BUFFALOWILDWINGSINC_06_05_1998-EX-10.3-FRANCHISE AGREEMENT,"3. Directly or indirectly, for yourself or through, on behalf of, or in conjunction with any person or entity, own, manage, operate, maintain, engage in, consult with or have any interest in: a) any restaurant business, b) any prepared food business, or c) any other business which sells or offers to dispense prepared food products the same as or similar to the type sold in the System.",Non-Compete,Non-Compete,0.975881040096283,Non-Compete,False
BUFFALOWILDWINGSINC_06_05_1998-EX-10.3-FRANCHISE AGREEMENT,"Accordingly, you covenant that, except as otherwise approved in writing by us, you will not, for a period of two (2) years after the expiration or termination of this Agreement, regardless of the cause of termination, or within two (2) years of the sale of the Franchised Restaurant or any interest in you, either directly or indirectly, for yourself, or through, on behalf of, or in conjunction with any person or entity, own, manage, operate, maintain, engage in, consult with or have any interest in: i) any restaurant business, ii) any prepared food business, or iii) any other business which sells or offers to dispense prepared food products the same as or similar to the type sold in the System: 1. At the premises of the former Franchised Restaurant; 2. Within a radius of ten (10) miles of the former Franchised Restaurant; or 3. Within a radius of ten (10) miles of the location of any other business using the System, whether franchised or owned by us or our affiliates.",Non-Compete,Non-Compete,0.986101508140564,Non-Compete,False
BUFFALOWILDWINGSINC_06_05_1998-EX-10.3-FRANCHISE AGREEMENT,"All modifications and enhancements made to the approved information system shall be our property (or the appropriate vendor if we so designate), without regard to the source of the modification or enhancement. You agree to execute any documents, in the form provided by us, that we determine are necessary to reflect such ownership.",Ip Ownership Assignment,Ip Ownership Assignment,0.9889780879020691,Ip Ownership Assignment,False
BUFFALOWILDWINGSINC_06_05_1998-EX-10.3-FRANCHISE AGREEMENT,"Although we will not operate a Buffalo Wild Wings or bw-3 business within the Designated Area, we reserve the right, both within and outside of the Designated Area, to offer and sell at special events (at our option, if you elect not to participate in such events) or at wholesale, through channels of distribution distinct from those of a Franchised Restaurant, products and services which comprise, or may in the future comprise a part of the System, which products may be resold at retail to the general public by such entities.",Competitive Restriction Exception,Competitive Restriction Exception,0.9468974471092224,Competitive Restriction Exception,False
BUFFALOWILDWINGSINC_06_05_1998-EX-10.3-FRANCHISE AGREEMENT,Any developments and improvements by you relating to the Marks or the System shall be our sole property.,Ip Ownership Assignment,Ip Ownership Assignment,0.9889912605285645,Ip Ownership Assignment,False
BUFFALOWILDWINGSINC_06_05_1998-EX-10.3-FRANCHISE AGREEMENT,"Any proposed transfer by you (regardless of the form of transfer) shall be subject to the same terms and conditions contained in the Franchise Agreement. As used herein, the term ""Transfer"" shall mean any sale, assignment, gift, pledge, mortgage or any other encumbrance, transfer by bankruptcy, transfer by judicial order, merger, consolidation, share exchange, transfer by operation of law or otherwise, whether direct or indirect, voluntary or involuntary, of the Agreements or any interest in any of them or any rights or obligations arising under them, or of any material portion of the business assets, or of any interest in the Franchisee. Each of you agree and covenant that you will not at any time during which Franchisee is a Buffalo Wild Wings/bw-3 franchisee and/or developer, directly or indirectly, voluntarily or involuntarily, make any Transfer, unless you first obtain our written approval in compliance with the same provisions applicable to a transfer by you as set forth in the Agreements.",Change Of Control,Change Of Control,0.9115345478057861,Change Of Control,False
BUFFALOWILDWINGSINC_06_05_1998-EX-10.3-FRANCHISE AGREEMENT,"Application for our consent to a transfer and tender of the right of first refusal provided for in Paragraph XX, will be accompanied by the documents (including a copy of the proposed purchase or other transfer agreement) or other information required by us.",Rofr/Rofo/Rofn,Rofr/Rofo/Rofn,0.9888551831245422,Rofr/Rofo/Rofn,False
BUFFALOWILDWINGSINC_06_05_1998-EX-10.3-FRANCHISE AGREEMENT,"As a result, you agree that the following locations (""Special Sites"") are excluded from the Designated Area and we shall have the right to develop (by direct ownership or franchising) such locations: 1) public transportation facilities, including airports, train stations and bus stations; 2) military bases; 3) sports facilities, including race tracks; and 4) amusement and/or theme parks.",Competitive Restriction Exception,Competitive Restriction Exception,0.6302828788757324,Competitive Restriction Exception,False
BUFFALOWILDWINGSINC_06_05_1998-EX-10.3-FRANCHISE AGREEMENT,At least three (3) persons actively involved in the management and operation of the Franchised Restaurant must successfully complete the training program.,Minimum Commitment,Minimum Commitment,0.8581842184066772,Minimum Commitment,False
BUFFALOWILDWINGSINC_06_05_1998-EX-10.3-FRANCHISE AGREEMENT,"At the time of opening you must have a minimum of Fifty Thousand Dollars ($50,000) in immediately accessible working capital funds to be used solely to defray the costs of operating the Restaurant for the initial several months.",Minimum Commitment,Minimum Commitment,0.991251528263092,Minimum Commitment,False
BUFFALOWILDWINGSINC_06_05_1998-EX-10.3-FRANCHISE AGREEMENT,"B. Upon our demand, you will assign to us your interest in any lease then in effect for the Franchised Restaurant premises.",Post-Termination Services,Ip Ownership Assignment,0.9140034914016724,Ip Ownership Assignment,False
BUFFALOWILDWINGSINC_06_05_1998-EX-10.3-FRANCHISE AGREEMENT,"D. You will take such action as may be necessary to cancel or assign to us or our designee, at our option, any assumed name rights or equivalent registration filed with state, city, or county authorities which contains the name ""Buffalo Wild Wings,"" ""bw-3"" or any Mark, and you will furnish us with evidence satisfactory to us of compliance with this obligation within thirty (30) days after termination or expiration of this Agreement.",Post-Termination Services,Post-Termination Services,0.714179515838623,Post-Termination Services,False
BUFFALOWILDWINGSINC_06_05_1998-EX-10.3-FRANCHISE AGREEMENT,"Each of you agrees that during the period Franchisee operates any Buffalo Wild Wings and/or bw-3 Restaurants, or has any beneficial interest therein, or holds any rights to develop one or more such Restaurants (including all renewal periods) you shall not directly or indirectly on your own account or as an employee, consultant, partner, officer, director, shareholder or member of any person, firm, entity, partnership, corporation or company, own, operate, lease franchise, engage in, be connected with, have any interest in, or assist any person or entity engaged in: 1) any restaurant business, 2) any prepared food business, or 3) any other business which sells prepared food products the same or similar as the type sold in our System.",Non-Compete,Non-Compete,0.9845196008682251,Non-Compete,False
BUFFALOWILDWINGSINC_06_05_1998-EX-10.3-FRANCHISE AGREEMENT,"Each of you agrees that for a two-year period after Franchisee ceases to have any interest in any Restaurants or any rights to develop Restaurants, regardless of the reasons such interest ceases or terminates, you will not directly or indirectly on your own account or as an employee, consultant, partner, officer, director, shareholder or member of any person, firm, entity, partnership, corporation or company, own operate, lease franchise, engage in, be connected with, have any interest in, or assist any person or entity engaged in: 1) any restaurant business, 2) any prepared food business, or 3) any other business which sells prepared food products the same or similar as the type sold in our System; which is located at or within a ten (10) mile radius of your former Franchised Restaurant or any Buffalo Wild Wings or bw-3 Restaurant.",Non-Compete,Non-Compete,0.9856781363487244,Non-Compete,False
BUFFALOWILDWINGSINC_06_05_1998-EX-10.3-FRANCHISE AGREEMENT,FRANCHISEE,Parties,Parties,0.99615877866745,Parties,False
BUFFALOWILDWINGSINC_06_05_1998-EX-10.3-FRANCHISE AGREEMENT,FRANCHISOR,Parties,Parties,0.9960457682609558,Parties,False
BUFFALOWILDWINGSINC_06_05_1998-EX-10.3-FRANCHISE AGREEMENT,Franchise Agreement,Document Name,Document Name,0.9972877502441406,Document Name,False
BUFFALOWILDWINGSINC_06_05_1998-EX-10.3-FRANCHISE AGREEMENT,"If an inspection discloses an understatement in any report of two percent (2%) or more, you will also reimburse us for any and all costs and expenses connected with the inspection (including, without limitation, reasonable accounting and attorneys' fees), and we will thereafter have the right to require you to submit annual financial statements, prepared in accordance with generally accepted accounting principles, audited by an independent certified public accountant.",Audit Rights,Audit Rights,0.9957155585289001,Audit Rights,False
BUFFALOWILDWINGSINC_06_05_1998-EX-10.3-FRANCHISE AGREEMENT,"If we do not exercise this right of first refusal, you may accept the offer, subject to our prior written approval, as provided in Paragraph XVIII hereof, provided that if such offer is not so accepted within six (6) months of the date thereof, we will again have the right of first refusal herein described.",Rofr/Rofo/Rofn,Rofr/Rofo/Rofn,0.9894189834594727,Rofr/Rofo/Rofn,False
BUFFALOWILDWINGSINC_06_05_1998-EX-10.3-FRANCHISE AGREEMENT,"If you or your owners propose to sell the Franchised Restaurant (or its assets) or a controlling interest in the ownership of you as defined in Paragraph XVIII, you or your owners will obtain and deliver a bona fide, executed written offer to purchase same to us, which shall, for a period of thirty (30) days from the date of delivery of such offer to us, have the right, exercisable by written notice to you or your owners, to purchase the Franchised Restaurant, (its assets) or an ownership interest in you for the price and on the terms and conditions contained in such offer, provided that we may substitute cash for any form of payment proposed in such offer.",Rofr/Rofo/Rofn,Rofr/Rofo/Rofn,0.9885953068733215,Rofr/Rofo/Rofn,False
BUFFALOWILDWINGSINC_06_05_1998-EX-10.3-FRANCHISE AGREEMENT,"If you propose to offer for sale at the Franchised Restaurant any brand of product, or to use in the operation of the Franchised Restaurant any brand of food ingredient or other material or supply which is not then approved by us as meeting its minimum specifications and quality standards, or to purchase any product from a supplier that is not then designated by us as an approved supplier, you must first notify us and shall upon our request submit samples and such other information as we require for examination and/or testing or to otherwise determine whether such product, material or supply, or such proposed supplier meets its specifications and quality standards.",Exclusivity,Rofr/Rofo/Rofn,0.40253981947898865,LOW_CONFIDENCE,True
BUFFALOWILDWINGSINC_06_05_1998-EX-10.3-FRANCHISE AGREEMENT,"In order to preserve the validity and integrity of the Marks and copyrighted material licensed to you and to assure that you are properly employing the same in the operation of your Franchised Restaurant, we and our agents have the right of entry and inspection of your premises and operating procedures at all reasonable times.",Audit Rights,Audit Rights,0.9960541725158691,Audit Rights,False
BUFFALOWILDWINGSINC_06_05_1998-EX-10.3-FRANCHISE AGREEMENT,"In the event of the death or incapacity of an individual franchisee, or any partner or shareholder of you which is a partnership or corporation, where the aforesaid provisions of Paragraph XVIII have not been fulfilled within the time provided, all rights licensed to you under this Agreement shall, at our option, terminate forthwith and we will have the option to purchase the assets of the Franchised Restaurant in accordance with Paragraph XVII.K. herein.",Change Of Control,Change Of Control,0.8469731211662292,Change Of Control,False
BUFFALOWILDWINGSINC_06_05_1998-EX-10.3-FRANCHISE AGREEMENT,"In the event of your death or incapacity, or the death or incapacity of any partner, any shareholder owning fifty percent (50%) or more of your capital stock, or any Member who owns a majority interest in a limited liability company, the heirs, beneficiaries, devisees, or legal representatives of said individual, partner or shareholders shall, within one hundred eighty (180) days of such event: 1. Apply to us for the right to continue to operate the franchise for the duration of the term of this Agreement and any renewals hereof, which right shall be granted upon the fulfillment of all of the conditions set forth in Paragraph XVIII. of this Agreement (except that no transfer fee shall be required); or 2. Sell, assign, transfer, or convey your interest in compliance with the provisions of Paragraphs XVIII and XX of this Agreement; provided, however, in the event a proper and timely application for the right to continue to operate has been made and rejected, the one hundred eighty (180) days to sell, assign, transfer or convey shall be computed from the date of said rejection. For purposes of this Paragraph, our silence on an application made pursuant to Paragraph XIX.A.1. through the one hundred and eighty (180) days following the event of death or incapacity shall be deemed a rejection made on the last day of such period.",Change Of Control,Post-Termination Services,0.6784325242042542,Post-Termination Services,False
BUFFALOWILDWINGSINC_06_05_1998-EX-10.3-FRANCHISE AGREEMENT,"In the event you are a corporation, partnership, limited liability company or other entity, any transfer of stock (or other form of ownership interest) constituting a controlling interest in you will be subject to the consent, right of first refusal, transfer fee and all other applicable provisions of this Agreement.",Rofr/Rofo/Rofn,Rofr/Rofo/Rofn,0.8913983702659607,Rofr/Rofo/Rofn,False
BUFFALOWILDWINGSINC_06_05_1998-EX-10.3-FRANCHISE AGREEMENT,"J. You hereby acknowledge that all telephone numbers used in the operation of the Franchised Restaurant constitute assets of the Franchised Restaurant; and upon termination or expiration of this Agreement you will assign to us or our designee, all right, title, and interest in and to your telephone numbers and will notify the telephone company and all listing agencies of the termination or expiration of your right to use any telephone number and any regular, classified or other telephone directory listing associated with the Marks and to authorize a transfer of same to or at our direction.",Post-Termination Services,Post-Termination Services,0.4516691565513611,LOW_CONFIDENCE,True
BUFFALOWILDWINGSINC_06_05_1998-EX-10.3-FRANCHISE AGREEMENT,"K. We will have the right (but not the duty), to be exercised by notice of intent to do so within sixty (60) days after termination or expiration, to purchase for cash any or all assets of the Franchised Restaurant, including leasehold improvements, equipment, supplies, and other inventory, advertising materials, and all items bearing the Marks, at your cost or fair market value, whichever is less.",Post-Termination Services,Rofr/Rofo/Rofn,0.8618150949478149,Rofr/Rofo/Rofn,False
BUFFALOWILDWINGSINC_06_05_1998-EX-10.3-FRANCHISE AGREEMENT,Lessor and Lessee expressly agree that bw-3 is a third party beneficiary of this Addendum.,Third Party Beneficiary,Third Party Beneficiary,0.992964506149292,Third Party Beneficiary,False
BUFFALOWILDWINGSINC_06_05_1998-EX-10.3-FRANCHISE AGREEMENT,Other System franchisees shall be deemed third party beneficiaries of such.,Third Party Beneficiary,Third Party Beneficiary,0.9922565221786499,Third Party Beneficiary,False
BUFFALOWILDWINGSINC_06_05_1998-EX-10.3-FRANCHISE AGREEMENT,"Restaurant""), and to use the Marks solely in connection with the System, as it is currently established, and as it may be changed, improved and further developed from time to time, at one (1) location only, such location to be: 1) ____________________________________________________________________________ ___________________________________________________________________________, or 2) at a location to be designated, as provided in Paragraph III within the area described on EXHIBIT B.",License Grant,License Grant,0.9711986780166626,License Grant,False
BUFFALOWILDWINGSINC_06_05_1998-EX-10.3-FRANCHISE AGREEMENT,"Subject to the provisions stated below, we hereby grant you a license to use the ""Buffalo Wild Wings"" Marks and System, and you undertake the obligation to operate a Buffalo Wild Wings restaurant facility featuring the Menu Items and providing sit-down, carry-out and other restaurant services (""Franchised",License Grant,License Grant,0.9822636246681213,License Grant,False
BUFFALOWILDWINGSINC_06_05_1998-EX-10.3-FRANCHISE AGREEMENT,Such certificate shall state that said policy or policies will not be canceled or altered without at least twenty (20) days prior written notice to us and shall reflect proof of payment of premiums.,Insurance,Insurance,0.9963864088058472,Insurance,False
BUFFALOWILDWINGSINC_06_05_1998-EX-10.3-FRANCHISE AGREEMENT,"THIS AGREEMENT TAKES EFFECT UPON ITS ACCEPTANCE AND EXECUTION BY US, AND SHALL BE INTERPRETED AND CONSTRUED UNDER THE LAWS OF THE STATE IN WHICH THE FRANCHISED RESTAURANT IS LOCATED, EXCEPT TO THE EXTENT GOVERNED BY THE UNITED STATES TRADEMARK ACT OF 1946 (LANHAM ACT, 15, U.S.C. SECTIONS 1051 ET SEQ).",Governing Law,Governing Law,0.9966129660606384,Governing Law,False
BUFFALOWILDWINGSINC_06_05_1998-EX-10.3-FRANCHISE AGREEMENT,"The Agreements, and your rights and obligations under them, are and shall remain personal to you.",Anti-Assignment,Anti-Assignment,0.9775829315185547,Anti-Assignment,False
BUFFALOWILDWINGSINC_06_05_1998-EX-10.3-FRANCHISE AGREEMENT,The insurance coverage must commence as of the date the location of the Franchised Restaurant has been secured,Insurance,Insurance,0.9965534210205078,Insurance,False
BUFFALOWILDWINGSINC_06_05_1998-EX-10.3-FRANCHISE AGREEMENT,"The policy or policies shall be written by an insurance company satisfactory to us in accordance with standards and specifications set forth in the Manuals or otherwise in writing, and shall include, at a minimum (except as different coverages and policy limits may reasonably be specified for all franchisees from time to time by us in the Manuals or otherwise in writing) the following: 1. All risks coverage insurance on the Franchised Restaurant and all fixtures, equipment, supplies and other property used in the operation of the Franchised Restaurant, for full repair and replacement value of the machinery, equipment, improvements and betterments, without any applicable co-insurance clause, except that an appropriate deductible clause shall be permitted. 2. Worker's compensation and employer's liability insurance as well as such other insurance as may be required by statute or rule of the state in which the Franchised Restaurant is located and operated. 3. Comprehensive general liability insurance and product liability insurance with minimum limits of ONE MILLION Dollars ($1,000,000) combined single limit including the following coverages: contractual liability; personal injury; products/completed operation; and tenant's fire legal liability; insuring against all claims, suits, obligations, liabilities and damages, including attorneys' fees, based upon or arising out of actual or alleged personal injuries or property damage resulting from, or occurring in the course of, or on or about or otherwise relating to the Franchised Restaurant, provided that the required amounts herein may be modified from time to time by us to reflect inflation or future experience with claims. 4. If you offer delivery service or utilize motor vehicles for any other purpose in the operation of the Franchised Restaurant, automobile liability insurance, including owned, hired and non-owned vehicle coverage, with a combined single limit of at least ONE MILLION Dollars ($1,000,000). 5. Such insurance and types of coverage as may be required by the terms of any lease for the Franchised Restaurant, or as may be required from time to time by us. 6. Liquor liability coverage in a minimum amount of ONE MILLION Dollars ($1,000,000) or such other amount as may be specified by us.",Insurance,Insurance,0.9968543648719788,Insurance,False
BUFFALOWILDWINGSINC_06_05_1998-EX-10.3-FRANCHISE AGREEMENT,"The term ""Transfer"" shall mean any sale, assignment, gift, pledge, mortgage or any other encumbrance, transfer by bankruptcy, transfer by judicial order, merger, consolidation, share exchange, transfer by operation of law or otherwise, whether direct or indirect, voluntary or involuntary, of this Agreement or any interest in it, or any rights or obligations arising under it, or of any material portion of your assets, or of any interest in you. You (and your shareholders, partners and members) will not directly or indirectly make a Transfer without our prior written consent. We will not withhold our consent to a Transfer, subject to all of the following conditions being satisfied: 1. You are in full compliance with this Agreement, you have no uncured defaults, all your fees, debts and financial obligations to us, our affiliates and the Fund are current, and you are current in your required local advertising expenditures; 2. You execute a written agreement in a form satisfactory to us in which you and your owners covenant to observe all applicable post-term obligations and covenants contained in this Agreement; 3. The proposed transferee enters into a written agreement in a form satisfactory to us assuming and agreeing to discharge all of your obligations and covenants under this Agreement for the remainder of its term or, at our option, execute our then-current standard form of franchise agreement (which",Change Of Control,Change Of Control,0.9202824234962463,Change Of Control,False
BUFFALOWILDWINGSINC_06_05_1998-EX-10.3-FRANCHISE AGREEMENT,"The term of this Agreement is for ten (10) years commencing on the date of this Agreement, unless terminated as provided by this Agreement.",Expiration Date,Expiration Date,0.9798380136489868,Expiration Date,False
BUFFALOWILDWINGSINC_06_05_1998-EX-10.3-FRANCHISE AGREEMENT,"This Agreement, and your rights and obligations under it, are and shall remain personal to you.",Anti-Assignment,Anti-Assignment,0.9806698560714722,Anti-Assignment,False
BUFFALOWILDWINGSINC_06_05_1998-EX-10.3-FRANCHISE AGREEMENT,"This guaranty is personal to you and the obligations and duties imposed in it may not be delegated or assigned; provided, this guaranty shall be binding upon your successors, assigns, estates and personal representatives.",Anti-Assignment,Anti-Assignment,0.9855877161026001,Anti-Assignment,False
BUFFALOWILDWINGSINC_06_05_1998-EX-10.3-FRANCHISE AGREEMENT,"Upon expiration or termination of this Agreement, you shall allow our employees or agents to remove the required software from the information system, shall immediately return to us the software, each component thereof, any data generated by the use thereof, all documentation for the software and other materials or information that relate to or reveal the software and its operation.",Post-Termination Services,Post-Termination Services,0.9926161766052246,Post-Termination Services,False
BUFFALOWILDWINGSINC_06_05_1998-EX-10.3-FRANCHISE AGREEMENT,"Upon termination or expiration, this Agreement and all rights granted hereunder to you will forthwith terminate, and:",Post-Termination Services,Post-Termination Services,0.9860450625419617,Post-Termination Services,False
BUFFALOWILDWINGSINC_06_05_1998-EX-10.3-FRANCHISE AGREEMENT,"Upon the expiration or termination of either the Lease or the Franchise Agreement, Landlord will cooperate with and assist us in gaining possession of premises and if bw-3 does not elect to take an assignment of the Lessee's interest, Lessor will allow bw-3 to enter the Premises, without being guilty of trespass and without incurring any liability to Lessor, to remove all signs, awnings, and all other items identifying the Premises as a Franchised Restaurant and to make such other modifications (such as repainting) as are reasonably necessary to protect the bw-3 marks and system, and to distinguish the Premises from Franchised Restaurants.",Post-Termination Services,Post-Termination Services,0.9903984069824219,Post-Termination Services,False
BUFFALOWILDWINGSINC_06_05_1998-EX-10.3-FRANCHISE AGREEMENT,"We also have the right, at any time, to have an independent audit made of your books and records at our expense.",Audit Rights,Audit Rights,0.9955378770828247,Audit Rights,False
BUFFALOWILDWINGSINC_06_05_1998-EX-10.3-FRANCHISE AGREEMENT,We and our affiliated companies shall not engage in catering and delivery services and activities in the Designated Area.,Non-Compete,Non-Compete,0.9761557579040527,Non-Compete,False
BUFFALOWILDWINGSINC_06_05_1998-EX-10.3-FRANCHISE AGREEMENT,We may access the information system in the Franchised Restaurant or from other locations.,Audit Rights,Audit Rights,0.9909746050834656,Audit Rights,False
BUFFALOWILDWINGSINC_06_05_1998-EX-10.3-FRANCHISE AGREEMENT,"We or our designated agents have the right at all reasonable times to examine and copy, at our expense, your books, records, and tax returns.",Audit Rights,Audit Rights,0.9954921007156372,Audit Rights,False
BUFFALOWILDWINGSINC_06_05_1998-EX-10.3-FRANCHISE AGREEMENT,We reserve the right to market and sell Menu Items and Trade Secret Food Products on the Internet/World Wide Web.,Competitive Restriction Exception,License Grant,0.9526857137680054,License Grant,False
BUFFALOWILDWINGSINC_06_05_1998-EX-10.3-FRANCHISE AGREEMENT,We shall give you written notice of our election not to renew the franchise at least three (3) months prior to the expiration of the initial or first renewal term of this Agreement.,Notice Period To Terminate Renewal,Notice Period To Terminate Renewal,0.9836546778678894,Notice Period To Terminate Renewal,False
BUFFALOWILDWINGSINC_06_05_1998-EX-10.3-FRANCHISE AGREEMENT,We shall have no obligation to enforce similar covenants against any other System franchisee.,Competitive Restriction Exception,Covenant Not To Sue,0.23492874205112457,LOW_CONFIDENCE,True
BUFFALOWILDWINGSINC_06_05_1998-EX-10.3-FRANCHISE AGREEMENT,"We shall have the right at all times to access the information system and to retrieve, analyze, download and use all software, data and files stored or used on the information system.",Audit Rights,Audit Rights,0.992190420627594,Audit Rights,False
BUFFALOWILDWINGSINC_06_05_1998-EX-10.3-FRANCHISE AGREEMENT,We will be named an additional insured in such policy or policies.,Insurance,Insurance,0.99647057056427,Insurance,False
BUFFALOWILDWINGSINC_06_05_1998-EX-10.3-FRANCHISE AGREEMENT,"We will have the right (but not the duty), to be exercised by notice of intent to do so within sixty (60) days after termination or expiration, to purchase for cash any or all assets of the Franchised Restaurant, including leasehold improvements, equipment, supplies, and other inventory, advertising materials, and all items bearing the Marks, at your cost or fair market value, whichever is less.",Rofr/Rofo/Rofn,Rofr/Rofo/Rofn,0.9741344451904297,Rofr/Rofo/Rofn,False
BUFFALOWILDWINGSINC_06_05_1998-EX-10.3-FRANCHISE AGREEMENT,"We will have the right to observe the manner in which you are rendering your services and conducting your operations, to confer with your employees and customers, and to select Menu Items, ingredients, food and",Audit Rights,Audit Rights,0.9955527186393738,Audit Rights,False
BUFFALOWILDWINGSINC_06_05_1998-EX-10.3-FRANCHISE AGREEMENT,"Within ninety (90) days of our receipt of your notice to renew, we will furnish you with written notice of: (i) reasons which could cause us not to grant a renewal to you including but not limited to any deficiencies which require correction and a schedule for correction by you; and (ii) our then-current requirements relating to the image, appearance, decoration, furnishing, equipping and stocking of Buffalo Wild Wings businesses, and a schedule for effecting upgrading or modifications in order to bring the Franchised Restaurant in compliance, as a condition of renewal. Renewal of the franchise shall be conditioned upon your compliance with such requirements and continued compliance with all the terms and conditions of this Agreement up to the date of termination of the initial term.",Renewal Term,Renewal Term,0.6841152906417847,Renewal Term,False
BUFFALOWILDWINGSINC_06_05_1998-EX-10.3-FRANCHISE AGREEMENT,"You (and your shareholders, partners and members) will not directly or indirectly make a Transfer without our prior written consent.",Anti-Assignment,Change Of Control,0.7770091891288757,Change Of Control,False
BUFFALOWILDWINGSINC_06_05_1998-EX-10.3-FRANCHISE AGREEMENT,"You agree that from and after the date hereof, you will not solicit, entice, induce to leave employment or hire directly or indirectly, any person who has been employed by us or by our affiliates or franchisees within the previous twelve (12) month period.",No-Solicit Of Employees,No-Solicit Of Employees,0.993550181388855,No-Solicit Of Employees,False
BUFFALOWILDWINGSINC_06_05_1998-EX-10.3-FRANCHISE AGREEMENT,You agree that we have the right to use your data as part of our earnings claim in our Franchise Offering Circular.,License Grant,License Grant,0.9722840189933777,License Grant,False
BUFFALOWILDWINGSINC_06_05_1998-EX-10.3-FRANCHISE AGREEMENT,"You agree that you will not, at any time directly or indirectly challenge or contest the validity of, or take any action to jeopardize our rights in or ownership of, any of the Marks or any registration of a Mark or any copyrighted work.",Covenant Not To Sue,Covenant Not To Sue,0.9934076070785522,Covenant Not To Sue,False
BUFFALOWILDWINGSINC_06_05_1998-EX-10.3-FRANCHISE AGREEMENT,"You agree to deliver to us prior to opening and periodically at any time upon our request, proper certificate evidencing the existence of the insurance coverage which names us as a named insured.",Insurance,Insurance,0.9967617988586426,Insurance,False
BUFFALOWILDWINGSINC_06_05_1998-EX-10.3-FRANCHISE AGREEMENT,"You covenant that during the term of this Agreement, except as otherwise approved in writing by us, you will not, either directly or indirectly, for yourself, or through, on behalf of, or in conjunction with any person, persons, partnership, corporation or company:",No-Solicit Of Employees,No-Solicit Of Customers,0.9764599204063416,No-Solicit Of Customers,False
BUFFALOWILDWINGSINC_06_05_1998-EX-10.3-FRANCHISE AGREEMENT,"You covenant that during the term of this Agreement, except as otherwise approved in writing by us, you will not, either directly or indirectly, for yourself, or through, on behalf of, or in conjunction with any person, persons, partnership, corporation or company: 1. Divert or attempt to divert any business or customer of the Franchised Restaurant to any competitor, by direct or indirect inducement or otherwise, or do or perform, directly or indirectly, any other act injurious or prejudicial to the goodwill associated with the Marks or the System.",No-Solicit Of Customers,No-Solicit Of Customers,0.9878907203674316,No-Solicit Of Customers,False
BUFFALOWILDWINGSINC_06_05_1998-EX-10.3-FRANCHISE AGREEMENT,You do not have any right to sublicense or subfranchise others within or outside of the Designated Area and do not have the right to operate more than one (1) Franchised Restaurant within the Designated Area.,Non-Transferable License,Non-Transferable License,0.7943394184112549,Non-Transferable License,False
BUFFALOWILDWINGSINC_06_05_1998-EX-10.3-FRANCHISE AGREEMENT,"You have the right to renew the franchise for two (2) successive terms equal to five (5) years each, providing you meet all of the following conditions: 1. You have, during the entire term, complied with all the provisions of the Agreement; 2. The premises of the Franchised Restaurant meet our then-current standards for Buffalo Wild Wings restaurants and you are able to maintain possession of the Franchised Restaurant. Before the expiration date of this Agreement you must bring the Franchised Restaurant into full compliance with the specifications and standards then applicable for new or renewing Buffalo Wild Wings businesses and present us with evidence satisfactory that you have the right to remain in possession of the Franchised Restaurant premises for the duration of the renewal term. In the event you are unable to maintain possession of the premises of the Franchised Restaurant or if the premises do not meet our then-current standards, you may secure substitute premises approved by us and provided that you have furnished, stocked and equipped such premises to bring the Franchised Restaurant at its substituted premises into full compliance with the then-current specifications and standards before the expiration date of this Agreement; 3. You have given us written notice of your desire to renew at least six (6) months but not more than twelve (12) months prior to the end of the term; 4. You have satisfied all of your monetary obligations to us and our affiliates and have timely met these obligations throughout the term of this Agreement; 5. You have executed for the renewal term our then-current form of Franchise Agreement (with appropriate modifications to reflect the fact that the agreement relates to the grant of a renewal franchise), which shall supersede in all respects this Agreement, and the terms of which may differ from the terms of this Agreement, including, without limitation, a different percentage Continuing Fee and advertising contribution; provided, however, that the percentage Continuing Fee shall not exceed seven percent (7%) during any renewal period. You will not be required to pay the then-current initial franchise fee or its equivalent; 6. You have complied with our then-current qualification and training requirements; and 7. You have executed a general release, in a form prescribed by us, of all claims against us and our affiliates, and respective officers, directors, agents, shareholders and employees.",Renewal Term,Renewal Term,0.9805694818496704,Renewal Term,False
BUFFALOWILDWINGSINC_06_05_1998-EX-10.3-FRANCHISE AGREEMENT,You pay us a nonrefundable Initial Franchise Fee of ________________ _______________________ Dollars ($________) which is payable in full on the date of this Agreement.,Liquidated Damages,Revenue/Profit Sharing,0.6850939393043518,Revenue/Profit Sharing,False
BUFFALOWILDWINGSINC_06_05_1998-EX-10.3-FRANCHISE AGREEMENT,You receive a Designated Area within which we and our affiliates shall not operate or grant to anyone else a franchise to operate a Buffalo Wild Wings or bw-3 Restaurant so long as this Agreement is in force and effect.,Exclusivity,Non-Compete,0.5377696752548218,LOW_CONFIDENCE,True
BUFFALOWILDWINGSINC_06_05_1998-EX-10.3-FRANCHISE AGREEMENT,You shall not engage in catering and delivery services and activities outside of the Designated Area.,Non-Compete,Non-Compete,0.6106224656105042,Non-Compete,False
BUFFALOWILDWINGSINC_06_05_1998-EX-10.3-FRANCHISE AGREEMENT,You shall not offer for sale any Menu Items or Proprietary Products by means of Internet/World Wide Web programming or advertising.,Non-Compete,Exclusivity,0.5943976640701294,LOW_CONFIDENCE,True
BUFFALOWILDWINGSINC_06_05_1998-EX-10.3-FRANCHISE AGREEMENT,"You specifically acknowledge that our designated representative may take over, control, and operate the Franchised Restaurant, and that you will pay us a service fee of not less than TWO HUNDRED Dollars ($200) per day plus all travel expenses, room and board and other expenses reasonably incurred by such representative so long as it shall be required by the representative to enforce compliance herewith.",Liquidated Damages,Minimum Commitment,0.8320479989051819,Minimum Commitment,False
BUFFALOWILDWINGSINC_06_05_1998-EX-10.3-FRANCHISE AGREEMENT,"You will contribute to the Buffalo Wild Wings Advertising and Development Fund (""Fund"") (which may be one of several regional Funds, if we elect to establish separate Funds to serve various regions in which multiple franchisees are located) an amount equal to three percent (3%) of your Gross Sales, as defined in Paragraph X.",Revenue/Profit Sharing,Revenue/Profit Sharing,0.9928567409515381,Revenue/Profit Sharing,False
BUFFALOWILDWINGSINC_06_05_1998-EX-10.3-FRANCHISE AGREEMENT,You will make available to us all original books and records that we may deem necessary to ascertain your Gross Sales for reasonable inspection at reasonable times.,Audit Rights,Audit Rights,0.9956926703453064,Audit Rights,False
BUFFALOWILDWINGSINC_06_05_1998-EX-10.3-FRANCHISE AGREEMENT,"You will not, at any time during the term of this Agreement or after its termination or expiration, contest the validity or ownership of any of the Marks or assist any other person in contesting the validity or ownership of the Marks.",Covenant Not To Sue,Covenant Not To Sue,0.9935951828956604,Covenant Not To Sue,False
BUFFALOWILDWINGSINC_06_05_1998-EX-10.3-FRANCHISE AGREEMENT,"You will pay us without offset, credit or deduction of any nature, so long as this Agreement is in effect, a monthly Continuing Fee equal to five percent (5%) of the Gross Sales derived from the Franchised Restaurant. The Continuing Fee will be paid monthly in the manner specified below or as otherwise prescribed in the Manuals.",Revenue/Profit Sharing,Revenue/Profit Sharing,0.9934011101722717,Revenue/Profit Sharing,False
BUFFALOWILDWINGSINC_06_05_1998-EX-10.3-FRANCHISE AGREEMENT,"You will procure at your expense and maintain in full force and effect during the term of this Agreement, an insurance policy or policies protecting you, us and our designated affiliates, and their officers, directors, partners and employees against any loss, liability, personal injury, death, or property damage or expense whatsoever arising or occurring upon or in connection with the Franchised Restaurant, as we may reasonably require for our own and your protection.",Insurance,Insurance,0.9966990351676941,Insurance,False
BUFFALOWILDWINGSINC_06_05_1998-EX-10.3-FRANCHISE AGREEMENT,"You will take such action as may be necessary to cancel or assign to us or our designee, at our option, any assumed name rights or equivalent registration filed with state, city, or county authorities which contains the name ""Buffalo Wild Wings,"" ""bw-3"" or any Mark, and you will furnish us with evidence satisfactory to us of compliance with this obligation within thirty (30) days after termination or expiration of this Agreement.",Ip Ownership Assignment,Post-Termination Services,0.6515825390815735,Post-Termination Services,False
BUFFALOWILDWINGSINC_06_05_1998-EX-10.3-FRANCHISE AGREEMENT,"You will, in the event you continue to operate or subsequently begin to operate any other business, not use any reproduction, counterfeit, copy or colorable imitation of the Marks either in connection with such other business or the promotion thereof, which is likely to cause confusion, mistake or deception, or which is likely to dilute our exclusive rights in and to the Marks and will not utilize any designation of origin or description or representation which falsely suggests or represents an association or connection with us so as to constitute unfair competition.",Non-Compete,Non-Compete,0.9789246320724487,Non-Compete,False
BUFFALOWILDWINGSINC_06_05_1998-EX-10.3-FRANCHISE AGREEMENT,"You will, on an annual basis, participate in a minimum of fifty percent (50%) of the promotional programs introduced by us from time to time.",Minimum Commitment,Minimum Commitment,0.9908450245857239,Minimum Commitment,False
BUFFALOWILDWINGSINC_06_05_1998-EX-10.3-FRANCHISE AGREEMENT,"_____ day of ________, 19____",Agreement Date,Agreement Date,0.5530869364738464,LOW_CONFIDENCE,True
BUFFALOWILDWINGSINC_06_05_1998-EX-10.3-FRANCHISE AGREEMENT,"bw-3 FRANCHISE SYSTEMS, INC.",Parties,Parties,0.996159553527832,Parties,False
BUFFALOWILDWINGSINC_06_05_1998-EX-10.3-FRANCHISE AGREEMENT,"may provide for different fees, advertising requirements, duration, and other rights and obligations from those provided in this Agreement); 4. The proposed transferee agrees in writing to perform such maintenance, remodeling and re-equipping of the Restaurant that we determine necessary to bring the Restaurant in compliance with our then-current standards; 5. Prior to the date of the proposed Transfer, the proposed transferee's management team successfully completes such training and instruction as we deem necessary; 6. We are satisfied that the proposed transferee (and if the proposed transferee is an entity, all holders of any interest in such entity) meets all of the requirements for our new franchisees applicable on the date we receive notice of the proposed transfer and including, but not limited to, good reputation and character, business experience, restaurant management experience, and financial strength and liquidity; 7. You and all holders of an interest in you execute a general release, in the form prescribed by us, releasing, to the fullest extent permitted by law, all claims that you or any of your investors may have against us and our affiliates, including our and their respective shareholders, officers, directors and employees, in both their individual and corporate capacities; 8. You pay us a transfer fee equal to one-half (1/2) of the then-current Initial Franchise Fee; and 9. We waive our right of first refusal under Paragraph XX.",Change Of Control,Change Of Control,0.9133387207984924,Change Of Control,False
BUFFALOWILDWINGSINC_06_05_1998-EX-10.3-FRANCHISE AGREEMENT,"non-food products, beverages, and other items, products, delivery vehicles, products and supplies for test of content and evaluation purposes to make certain that the Menu Items, ingredients, food and non-food products, beverages and other items, products, delivery vehicles, materials and supplies are satisfactory and meet our quality control provisions and performance standards.",Audit Rights,Other,0.6200172305107117,Other,False
BUFFALOWILDWINGSINC_06_05_1998-EX-10.3-FRANCHISE AGREEMENT,you,Parties,Parties,0.9544714689254761,Parties,False
BellringBrandsInc_20190920_S-1_EX-10.12_11817081_EX-10.12_Manufacturing Agreement3,AMENDMENT NO. 2,Document Name,Document Name,0.9969306588172913,Document Name,False
BellringBrandsInc_20190920_S-1_EX-10.12_11817081_EX-10.12_Manufacturing Agreement3,Heritage,Parties,Parties,0.9957899451255798,Parties,False
BellringBrandsInc_20190920_S-1_EX-10.12_11817081_EX-10.12_Manufacturing Agreement3,"Heritage and Premier are each referred to herein as a ""Party"" and collectively as the ""Parties"".",Parties,Parties,0.9958254098892212,Parties,False
BellringBrandsInc_20190920_S-1_EX-10.12_11817081_EX-10.12_Manufacturing Agreement3,MANUFACTURING AGREEMENT,Document Name,Document Name,0.9973435997962952,Document Name,False
BellringBrandsInc_20190920_S-1_EX-10.12_11817081_EX-10.12_Manufacturing Agreement3,"October 1, 2018",Effective Date,Effective Date,0.6004263162612915,Effective Date,False
BellringBrandsInc_20190920_S-1_EX-10.12_11817081_EX-10.12_Manufacturing Agreement3,Premier,Parties,Parties,0.9960758090019226,Parties,False
BellringBrandsInc_20190920_S-1_EX-10.12_11817081_EX-10.12_Manufacturing Agreement3,Premier Nutrition Corporation,Parties,Parties,0.9968010187149048,Parties,False
BellringBrandsInc_20190920_S-1_EX-10.12_11817081_EX-10.12_Manufacturing Agreement3,"Stremick's Heritage Foods, LLC",Parties,Parties,0.9968990087509155,Parties,False
BellringBrandsInc_20190920_S-1_EX-10.12_11817081_EX-10.12_Manufacturing Agreement3,"This Second Amendment shall be effective from The Second Amendment Effective Date and shall expire on December 31, 2021.",Expiration Date,Expiration Date,0.732248842716217,Expiration Date,False
BizzingoInc_20120322_8-K_EX-10.17_7504499_EX-10.17_Endorsement Agreement,All books and records relative to Bizzingo's obligations hereunder shall be maintained and made accessible to Theismann for inspection at a location in the United States for at least one year after termination of this Agreement.,Audit Rights,Audit Rights,0.9571318626403809,Audit Rights,False
BizzingoInc_20120322_8-K_EX-10.17_7504499_EX-10.17_Endorsement Agreement,Bizzingo,Parties,Parties,0.9967737793922424,Parties,False
BizzingoInc_20120322_8-K_EX-10.17_7504499_EX-10.17_Endorsement Agreement,"Bizzingo, Inc.",Parties,Parties,0.9968926906585693,Parties,False
BizzingoInc_20120322_8-K_EX-10.17_7504499_EX-10.17_Endorsement Agreement,CELEBRITY ENDORSEMENT AGREEMENT,Document Name,Document Name,0.997316300868988,Document Name,False
BizzingoInc_20120322_8-K_EX-10.17_7504499_EX-10.17_Endorsement Agreement,"In this regarding, within thirty (30) days from the execution of this Agreement, Bizzingo will secure an insurance policy with limits of $5,000,000 per event and $ 5,000,000 umbrella, naming Theismann as an additional insured, covering the losses and claims stated in this sub-paragraph d.",Insurance,Insurance,0.9967706203460693,Insurance,False
BizzingoInc_20120322_8-K_EX-10.17_7504499_EX-10.17_Endorsement Agreement,"It being understood and agreed that Bizzingo shall have the right to exhibit commercials, infomercials, advertisements and otherwise make use of all Property on a worldwide basis and that Bizzingo and its affiliates shall be the sole owner of all commercials, promotional materials and other items produced or created hereunder and all related rights worldwide, including, without limitation, copyright, trademark and intellectual property rights, subject however to the terms and conditions herein.",License Grant,Ip Ownership Assignment,0.7701894640922546,Ip Ownership Assignment,False
BizzingoInc_20120322_8-K_EX-10.17_7504499_EX-10.17_Endorsement Agreement,Joseph Theismann,Parties,Parties,0.9966228008270264,Parties,False
BizzingoInc_20120322_8-K_EX-10.17_7504499_EX-10.17_Endorsement Agreement,"Make four (4) public appearance for the purpose of promoting the Network, which may include autograph sessions, dinner appearances, and/or other appearances not described in 4(a) above, with each such session not exceeding two (2) hours.",Volume Restriction,Volume Restriction,0.9911373853683472,Volume Restriction,False
BizzingoInc_20120322_8-K_EX-10.17_7504499_EX-10.17_Endorsement Agreement,"Make himself available for four (4) sessions for production of photographs, or radio, television, video or other multi-media programming for use in Bizzingo's advertising or promotional materials, with each such session not exceeding eight (8) hours.",Volume Restriction,Volume Restriction,0.9906427264213562,Volume Restriction,False
BizzingoInc_20120322_8-K_EX-10.17_7504499_EX-10.17_Endorsement Agreement,"March 1, 2012",Effective Date,Effective Date,0.5396286249160767,LOW_CONFIDENCE,True
BizzingoInc_20120322_8-K_EX-10.17_7504499_EX-10.17_Endorsement Agreement,"March 14, 2012",Agreement Date,Agreement Date,0.5491238236427307,LOW_CONFIDENCE,True
BizzingoInc_20120322_8-K_EX-10.17_7504499_EX-10.17_Endorsement Agreement,Neither party may assign this Agreement or the rights and obligations thereunder to any third party without the prior express written approval of the other party which shall not be unreasonably withheld.,Anti-Assignment,Anti-Assignment,0.9897027611732483,Anti-Assignment,False
BizzingoInc_20120322_8-K_EX-10.17_7504499_EX-10.17_Endorsement Agreement,"Notwithstanding the foregoing, during the term and for a period of one (1) year thereafter, Theismann shall not use, permit the use of, or license to others the Property in connection with the advertisement, promotion, and sale of any network or Internet service, including but limited to all computer/video games, CD-ROMs, and/or interactive video of any form, except for a pre-existing license by Theismann.",Exclusivity,License Grant,0.7721865177154541,License Grant,False
BizzingoInc_20120322_8-K_EX-10.17_7504499_EX-10.17_Endorsement Agreement,"Subject to the terms and conditions set forth herein, Theismann hereby grants to Bizzingo and its affiliates the unlimited right and privilege during the Term (as defined herein) and within the Territory to use the Property (as defined herein) in connection with the advertisement, promotion, and sale of the Network in the Territory whether through film, television, radio, print and Internet media, including the right to use the Property in or on the Network",Affiliate License-Licensee,Unlimited/All-You-Can-Eat-License,0.9695740342140198,Unlimited/All-You-Can-Eat-License,False
BizzingoInc_20120322_8-K_EX-10.17_7504499_EX-10.17_Endorsement Agreement,"Subject to the terms and conditions set forth herein, Theismann hereby grants to Bizzingo and its affiliates the unlimited right and privilege during the Term (as defined herein) and within the Territory to use the Property (as defined herein) in connection with the advertisement, promotion, and sale of the Network in the Territory whether through film, television, radio, print and Internet media, including the right to use the Property in or on the Network. I",Unlimited/All-You-Can-Eat-License,Unlimited/All-You-Can-Eat-License,0.9698730111122131,Unlimited/All-You-Can-Eat-License,False
BizzingoInc_20120322_8-K_EX-10.17_7504499_EX-10.17_Endorsement Agreement,The Royalty payable under the Agreement shall be in the form of one (1) common stock purchase warrant of Bizzingo (as further described herein) for each Activated User (as defined above) that occurs during a Royalty Period determined on the last day of each Royalty Period during the Term.,Revenue/Profit Sharing,Revenue/Profit Sharing,0.9937708973884583,Revenue/Profit Sharing,False
BizzingoInc_20120322_8-K_EX-10.17_7504499_EX-10.17_Endorsement Agreement,Theismann,Parties,Parties,0.9965035915374756,Parties,False
BizzingoInc_20120322_8-K_EX-10.17_7504499_EX-10.17_Endorsement Agreement,"Theismann or his representatives, at his cost and expense, shall have the right, upon reasonable notice and during normal business hours, to inspect Bizzingo's books and records and all other documents and material in Bizzingo's possession or control with respect to the determination of Royalties payable hereunder. Theismann shall have free and full access thereto for such purposes and may make copies thereof.",Audit Rights,Audit Rights,0.9956360459327698,Audit Rights,False
BizzingoInc_20120322_8-K_EX-10.17_7504499_EX-10.17_Endorsement Agreement,"Theismann represents and warrants that, except as otherwise disclosed herein, he has not granted nor will he grant during the Term and for a period of one (1) year thereafter to any other party any right, permission, or license to use the Property in connection with the advertisement, sale, or promotion of the Network or in connection with networks that are identical or substantially similar to the Network.",Exclusivity,Non-Compete,0.8987939953804016,Non-Compete,False
BizzingoInc_20120322_8-K_EX-10.17_7504499_EX-10.17_Endorsement Agreement,"Theismann shall have the right to terminate this Agreement at any time upon thirty (30) days' written notice to Bizzingo, such termination to become effective at the conclusion of such 30-day period.",Termination For Convenience,Termination For Convenience,0.9860883355140686,Termination For Convenience,False
BizzingoInc_20120322_8-K_EX-10.17_7504499_EX-10.17_Endorsement Agreement,"Unless sooner terminated under the provisions hereof, this Agreement shall commence on the Effective Date and continue for a period of one (1) year (""Term""). provided however, that the Parties may extend the Term for an additional year period by entering into an written addendum of the Agreement extending such term.",Renewal Term,Expiration Date,0.8137605786323547,Expiration Date,False
BravatekSolutionsInc_20170418_8-K_EX-10.1_10205739_EX-10.1_Reseller Agreement,"25% of Net Revenue (as defined in Section 1e.) with a COMPANY-RESELLER AGREED UPON SALE PRICE in writing, the case of COMPANY's software products.",Revenue/Profit Sharing,Revenue/Profit Sharing,0.9936528205871582,Revenue/Profit Sharing,False
BravatekSolutionsInc_20170418_8-K_EX-10.1_10205739_EX-10.1_Reseller Agreement,"7th day of April, 2017",Effective Date,Agreement Date,0.5144756436347961,LOW_CONFIDENCE,True
BravatekSolutionsInc_20170418_8-K_EX-10.1_10205739_EX-10.1_Reseller Agreement,BVTK,Parties,Parties,0.996711015701294,Parties,False
BravatekSolutionsInc_20170418_8-K_EX-10.1_10205739_EX-10.1_Reseller Agreement,"Bravatek Solutions, Inc.",Parties,Parties,0.9968618154525757,Parties,False
BravatekSolutionsInc_20170418_8-K_EX-10.1_10205739_EX-10.1_Reseller Agreement,Contract is renewable for 1 year extension by amendment to this agreement.,Renewal Term,Renewal Term,0.978908896446228,Renewal Term,False
BravatekSolutionsInc_20170418_8-K_EX-10.1_10205739_EX-10.1_Reseller Agreement,"During the Term hereof and for a period of six (6) months following the termination of this Agreement or the discontinuation of any of the Company Products, (i) the Reseller shall have the exclusive right to commission for any Registered Referrals, (ii) the Company shall not market, promote, sell, or distribute Company Products or solicit or procure orders for the Company Products, or for any product(s) or service(s) similar to the Company Products, in the Territory other than through the Reseller and pursuant to this Agreement, except with the prior written consent of the Reseller, and (iii) without limitation to the foregoing, the Company shall not, directly or through other parties (whether agents, representatives, intermediaries, resellers or other parties), market, promote, sell, distribute, solicit or procure orders to any existing or prospective customer of the Reseller.",Exclusivity,No-Solicit Of Customers,0.9807297587394714,No-Solicit Of Customers,False
BravatekSolutionsInc_20170418_8-K_EX-10.1_10205739_EX-10.1_Reseller Agreement,"EXCEPT FOR IN THE EVENT OF WILLFUL MISCONDUCT OR GROSS NEGLIGENCE, THE RESELLER AND ITS AFFILIATES SHALL NOT BE LIABLE TO THE COMPANY, AND SHALL HAVE NO OBLIGATION TO INDEMNIFY OR HOLD HARMLESS THE COMPANY, WITH RESPECT TO OR IN CONNECTION WITH ANY LOSS RESULTING FROM OR CAUSED BY THE COMPANY PRODUCTS.",Cap On Liability,Cap On Liability,0.8620450496673584,Cap On Liability,False
BravatekSolutionsInc_20170418_8-K_EX-10.1_10205739_EX-10.1_Reseller Agreement,Either Party may terminate this agreement for non-cause with a sixty (60) written notice.,Termination For Convenience,Termination For Convenience,0.9863566160202026,Termination For Convenience,False
BravatekSolutionsInc_20170418_8-K_EX-10.1_10205739_EX-10.1_Reseller Agreement,RESELLER AGREEMENT,Document Name,Document Name,0.997368574142456,Document Name,False
BravatekSolutionsInc_20170418_8-K_EX-10.1_10205739_EX-10.1_Reseller Agreement,Reseller,Parties,Parties,0.9963192939758301,Parties,False
BravatekSolutionsInc_20170418_8-K_EX-10.1_10205739_EX-10.1_Reseller Agreement,"Subject to the terms of this Agreement, Company grants Reseller the right to use and display the Company trademarks, tradenames and other designations of source, and proprietary notices, slogans, designs and distinct advertising as may appear on any documentation or other material with respect to Product (""Marks"") with prior approval, that will not be unreasonable withheld.",License Grant,License Grant,0.9837952852249146,License Grant,False
BravatekSolutionsInc_20170418_8-K_EX-10.1_10205739_EX-10.1_Reseller Agreement,This Agreement shall be governed by and construed under the laws of the Commonwealth of Virginia without regard to the conflicts of law provisions thereof.,Governing Law,Governing Law,0.9975117444992065,Governing Law,False
BravatekSolutionsInc_20170418_8-K_EX-10.1_10205739_EX-10.1_Reseller Agreement,i3 ICS,Parties,Parties,0.9969423413276672,Parties,False
BravatekSolutionsInc_20170418_8-K_EX-10.1_10205739_EX-10.1_Reseller Agreement,"i3 Integrative Creative Solutions, LLC",Parties,Parties,0.9969556331634521,Parties,False
BravatekSolutionsInc_20170418_8-K_EX-10.1_10205739_EX-10.1_Reseller Agreement,"the company set forth below (""Company"") (each, individually, a ""party"" and collectively, ""parties""):",Parties,Parties,0.9953551292419434,Parties,False
CHANGEPOINTCORP_03_08_2000-EX-10.6-LICENSE AND HOSTING AGREEMENT,"(c) Customer's exclusive remedy and Changepoint's sole obligation with respect to the breach of any of the foregoing warranties is for Changepoint to (i) make commercially reasonable efforts to correct or provide Customer with a workaround for the failure of the Licensed Software to conform substantially to the description thereof in the Documentation or to comply with the Y2K Warranty, as the case may be, or, at Changepoint's sole option, provide Customer with a refund for the License Fees paid with respect to such Licensed Software, and (ii) provide Customer with replacement media in the event there are defects in materials or workmanship in the media upon which the Licensed Software and Documentation are provided if the media is returned to Changepoint within the Warranty Period.",Cap On Liability,Other,0.8869810104370117,Other,False
CHANGEPOINTCORP_03_08_2000-EX-10.6-LICENSE AND HOSTING AGREEMENT,"ACTION FIRST ARISING, EVEN IF IT IS A CONTINUOUS ONE, OR IN THE AGGREGATE, WITH RESPECT OF ALL CLAIMS ARISING OUT OF OR RELATED TO THIS AGREEMENT, THE TOTAL AMOUNT ACTUALLY PAID BY CORIO UNDER THIS AGREEMENT TO CHANGEPOINT.",Uncapped Liability,Cap On Liability,0.9763436317443848,Cap On Liability,False
CHANGEPOINTCORP_03_08_2000-EX-10.6-LICENSE AND HOSTING AGREEMENT,"All changes, modifications and enhancements or derivative works made to the Software or Documentation by Corio or Changepoint, or jointly by the parties, shall be owned by Changepoint, including all copyrights, patents, trade secret rights, trademarks and other intellectual property rights therein.",Ip Ownership Assignment,Ip Ownership Assignment,0.9498229026794434,Ip Ownership Assignment,False
CHANGEPOINTCORP_03_08_2000-EX-10.6-LICENSE AND HOSTING AGREEMENT,Any assignment in violation of this Section 14.1 shall be null and void.,Anti-Assignment,Anti-Assignment,0.9892438650131226,Anti-Assignment,False
CHANGEPOINTCORP_03_08_2000-EX-10.6-LICENSE AND HOSTING AGREEMENT,CHANGEPOINT,Parties,Parties,0.9964612126350403,Parties,False
CHANGEPOINTCORP_03_08_2000-EX-10.6-LICENSE AND HOSTING AGREEMENT,"CHANGEPOINT'S, LIABILITY UNDER SUCH AGREEMENT FOR DIRECT, INDIRECT, SPECIAL, INCIDENTAL AND/OR CONSEQUENTIAL DAMAGES OF ANY KIND, INCLUDING, WITHOUT LIMITATION, RESTITUTION, WILL NOT, IN ANY EVENT, EXCEED THE FEE PAID BY END USER TO CHANGEPOINT UNDER SUCH AGREEMENT.",Cap On Liability,Cap On Liability,0.9895825386047363,Cap On Liability,False
CHANGEPOINTCORP_03_08_2000-EX-10.6-LICENSE AND HOSTING AGREEMENT,CORIO,Parties,Parties,0.9964308738708496,Parties,False
CHANGEPOINTCORP_03_08_2000-EX-10.6-LICENSE AND HOSTING AGREEMENT,"Changepoint grants to Corio a nonexclusive, nontransferable (except in",License Grant,Non-Transferable License,0.9731699228286743,Non-Transferable License,False
CHANGEPOINTCORP_03_08_2000-EX-10.6-LICENSE AND HOSTING AGREEMENT,"Changepoint grants to Corio a nonexclusive, nontransferable (except in accordance with Section 14.1 of this Agreement), royalty-free, fully paid-up license to install and use the Software, Documentation, and Software tools and utilities if any, for an unlimited number of Corio users, subject to any restrictions placed on the Changepoint by third party software providers and payment of any applicable fees required by such third parties, in machine executable object code for Corio's internal business purposes.",Unlimited/All-You-Can-Eat-License,Unlimited/All-You-Can-Eat-License,0.9616850018501282,Unlimited/All-You-Can-Eat-License,False
CHANGEPOINTCORP_03_08_2000-EX-10.6-LICENSE AND HOSTING AGREEMENT,"Changepoint warrants that during the Warranty Period: (i) the Licensed Software will conform substantially to the description thereof in the Documentation, and (ii) the media upon which the Licensed Software and Documentation are provided will be free from defects in materials and workmanship.",Warranty Duration,Warranty Duration,0.992316484451294,Warranty Duration,False
CHANGEPOINTCORP_03_08_2000-EX-10.6-LICENSE AND HOSTING AGREEMENT,"Changepoint warrants that the Software will perform in substantial accordance with the Documentation, and the media on which the Software is distributed will be free from defects in materials and workmanship under normal use, for a period of one hundred twenty (120) days after delivery of the Software to Corio for Acceptance Testing (the ""Warranty Period"").",Warranty Duration,Warranty Duration,0.9927404522895813,Warranty Duration,False
CHANGEPOINTCORP_03_08_2000-EX-10.6-LICENSE AND HOSTING AGREEMENT,Changepoint will replace any defective media returned to Changepoint during the Warranty Period.,Warranty Duration,Warranty Duration,0.9908602237701416,Warranty Duration,False
CHANGEPOINTCORP_03_08_2000-EX-10.6-LICENSE AND HOSTING AGREEMENT,"Changepoint will replace any defective media returned to Changepoint during the Warranty Period. In the event any such breach of warranty can not be reasonably corrected at Changepoint's sole expense, Corio has the right to terminate this Agreement and receive a",Cap On Liability,Warranty Duration,0.9903479814529419,Warranty Duration,False
CHANGEPOINTCORP_03_08_2000-EX-10.6-LICENSE AND HOSTING AGREEMENT,"Changepoint's independent certified auditors will have the right, exercisable not more than once every twelve (12) months, to inspect upon reasonable notice and during End User's regular business hours, End User's relevant records to verify End User's compliance with the terms of this Agreement and/or Changepoint's compliance with its obligations to Changepoint.",Audit Rights,Audit Rights,0.9954538345336914,Audit Rights,False
CHANGEPOINTCORP_03_08_2000-EX-10.6-LICENSE AND HOSTING AGREEMENT,"Changepoint's sole liability under this Section 7.4 is limited to use of reasonable efforts to correct or replace the defective Software with conforming Software, and if neither of the foregoing are commercially practicable, as determined by Changepoint in its reasonable discretion, Changepoint may, at its option, terminate this Agreement and refund all prepaid fees, if any. The foregoing are Corio's sole and exclusive remedies for breach of this Year 2000 warranty and Changepoint's sole obligation.",Cap On Liability,Cap On Liability,0.98661208152771,Cap On Liability,False
CHANGEPOINTCORP_03_08_2000-EX-10.6-LICENSE AND HOSTING AGREEMENT,"Changepoint, Inc.",Parties,Parties,0.9967232346534729,Parties,False
CHANGEPOINTCORP_03_08_2000-EX-10.6-LICENSE AND HOSTING AGREEMENT,"Changepoint, Inc. (""Changepoint"") shall be a direct and intended third-party beneficiary to this Agreement.",Third Party Beneficiary,Third Party Beneficiary,0.9927873015403748,Third Party Beneficiary,False
CHANGEPOINTCORP_03_08_2000-EX-10.6-LICENSE AND HOSTING AGREEMENT,Corio Inc.,Parties,Parties,0.9966793060302734,Parties,False
CHANGEPOINTCORP_03_08_2000-EX-10.6-LICENSE AND HOSTING AGREEMENT,"Corio shall bear all fees, expenses and other charges to open and maintain such escrow account.",Source Code Escrow,Source Code Escrow,0.9917872548103333,Source Code Escrow,False
CHANGEPOINTCORP_03_08_2000-EX-10.6-LICENSE AND HOSTING AGREEMENT,"Corio shall have the right to resell licenses for the Software to any Corio Customer according to the terms and conditions of Changepoint's standard Distribution Agreement (""Changepoint's Distribution Agreement"").",License Grant,License Grant,0.9676002860069275,License Grant,False
CHANGEPOINTCORP_03_08_2000-EX-10.6-LICENSE AND HOSTING AGREEMENT,"Corio shall not demonstrate the Software to any one Customer for more than sixty (60) days from the start of that Customer demonstration, and Corio shall not demonstrate the Software to more than ten (10) Software Users at any one time.",Volume Restriction,Volume Restriction,0.9908945560455322,Volume Restriction,False
CHANGEPOINTCORP_03_08_2000-EX-10.6-LICENSE AND HOSTING AGREEMENT,"Corio shall notify Changepoint in writing if it believes that one of the following events (the ""RELEASE CONDITIONS"") has occurred and that it intends to seek release of the Source Code from the escrow account: (i) Changepoint's dissolution or ceasing to do business in the normal course, except as a result or a merger, amalgamation or sale of all or a substantial part of the assets of Changepoint, or (ii) Changepoint's repeated and material breach of Changepoint's Software Support and Maintenance obligations defined under Section 5 of this Agreement and EXHIBIT C pertaining to the correction of programming errors and such breach is not cured within sixty (60) days of receipt of written notice thereof from Corio.",Source Code Escrow,Source Code Escrow,0.9916764497756958,Source Code Escrow,False
CHANGEPOINTCORP_03_08_2000-EX-10.6-LICENSE AND HOSTING AGREEMENT,Customer is granted an unlimited number of Client Access Licenses.,Unlimited/All-You-Can-Eat-License,Unlimited/All-You-Can-Eat-License,0.9720778465270996,Unlimited/All-You-Can-Eat-License,False
CHANGEPOINTCORP_03_08_2000-EX-10.6-LICENSE AND HOSTING AGREEMENT,"Customer may assign this Agreement without Changepoint's consent (i) to an Affiliate of Customer; or (ii) to a purchaser of all or substantially all of Customer's assets. Otherwise, neither this Agreement nor any rights granted hereby may be transferred or assigned by Customer to any other person without Changepoint's prior written consent, (such consent shall not be unreasonably withheld), and any such attempted assignment shall be null and void.",Anti-Assignment,Anti-Assignment,0.979004979133606,Anti-Assignment,False
CHANGEPOINTCORP_03_08_2000-EX-10.6-LICENSE AND HOSTING AGREEMENT,"December 13, 1999",Effective Date,Agreement Date,0.5594358444213867,LOW_CONFIDENCE,True
CHANGEPOINTCORP_03_08_2000-EX-10.6-LICENSE AND HOSTING AGREEMENT,"During the term of this Agreement, Corio agrees not to provide the Software in connection with Corio Services or distribute the Software under Section 2.5 of this Agreement to the following companies or their subsidiaries: ***. Corio and Changepoint agree that on an semi-annual basis, this list of companies will be reviewed by the parties and each party agrees that its consent to the other party's request for changes to this list (additions and deletions) will not be unreasonably withheld or delayed.",Non-Compete,Non-Compete,0.629898726940155,Non-Compete,False
CHANGEPOINTCORP_03_08_2000-EX-10.6-LICENSE AND HOSTING AGREEMENT,"During the term of this Agreement, each party authorizes the other party to display and use the other's trademarks, trade names and logos (collectively, the ""TRADEMARKS"") in connection with that party's sale, advertisement, service and promotion of the Corio Services or the Software.",License Grant,License Grant,0.9843336939811707,License Grant,False
CHANGEPOINTCORP_03_08_2000-EX-10.6-LICENSE AND HOSTING AGREEMENT,"EXCEPT FOR LIABILITY ARISING UNDER SECTIONS 2.7, 8, 10 AND 12.3 OF THIS AGREEMENT, IN NO EVENT SHALL EITHER PARTY HAVE ANY LIABILITY TO THE OTHER PARTY FOR ANY LOST PROFITS OR COSTS OF PROCUREMENT OF SUBSTITUTE GOODS OR SERVICES, OR FOR ANY INDIRECT, INCIDENTIAL, SPECIAL OR CONSEQUENTIAL DAMAGES HOWEVER CAUSED AND UNDER ANY THEORY OF LIABILITY AND WHETHER OR NOT SUCH PARTY HAS BEEN ADVISED OF THE POSSIBILITY OF SUCH DAMAGE.",Uncapped Liability,Uncapped Liability,0.9834898710250854,Uncapped Liability,False
CHANGEPOINTCORP_03_08_2000-EX-10.6-LICENSE AND HOSTING AGREEMENT,"EXCEPT FOR LIABILITY ARISING UNDER SECTIONS 2.7, 8, 10 AND 12.3 OF THIS AGREEMENT, IN NO EVENT SHALL EITHER PARTY'S LIABILITY ARISING OUT OF OR RELATED TO THIS AGREEMENT OR THE USE OR PERFORMANCE OF THE SOFTWARE EXCEED THE TOTAL AMOUNT ACTUALLY PAID BY CORIO HEREUNDER FOR THE TRANSACTION WHICH THE LIABILITY RELATES TO DURING THE TWELVE (12) MONTHS IMMEDIATELY PRIOR TO THE CAUSE OF",Uncapped Liability,Uncapped Liability,0.9833753705024719,Uncapped Liability,False
CHANGEPOINTCORP_03_08_2000-EX-10.6-LICENSE AND HOSTING AGREEMENT,"FOR ANY BREACH OR DEFAULT BY CHANGEPOINT OF ANY OF THE PROVISIONS OF THIS AGREEMENT, OR WITH RESPECT TO ANY CLAIM ARISING HEREFROM OR RELATED HERETO, EXCEPT FOR ANY CLAIM FOR BREACH OF SECTION 5.2 (UNAUTHORIZED DISCLOSURE OF CONFIDENTIAL INFORMATION), OR FOR BREACH OF SECTION 6.4(A) (INTELLECTUAL PROPERTY INDEMNITY), CHANGEPOINT'S ENTIRE LIABILITY, REGARDLESS OF THE FORM OF ACTION, WHETHER BASED ON CONTRACT OR TORT, INCLUDING 32 NEGLIGENCE, SHALL IN NO EVENT EXCEED (I) THE AMOUNT PAID BY CUSTOMER HEREUNDER FOR THE LICENSED MATERIALS, (II) THE AMOUNT PAID BY CUSTOMER FOR THE MAINTENANCE SERVICE THAT IS THE SUBJECT OF THE CLAIM IF THE CLAIM RELATES TO A BREACH OR DEFAULT BY CHANGEPOINT OF THE PROVISIONS OF ARTICLE 7, (III) THE AMOUNT PAID BY CUSTOMER FOR THE INSTALLATION SERVICE THAT IS THE SUBJECT OF THE CLAIM IF THE CLAIM RELATES TO A BREACH OR DEFAULT BY CHANGEPOINT OF THE PROVISIONS OF THIS AGREEMENT PERTAINING TO INSTALLATION SERVICE, OR (IV) IN THE AGGREGATE WITH RESPECT TO ALL CLAIMS UNDER OR RELATED TO THIS AGREEMENT, THE AMOUNT PAID BY CUSTOMER UNDER THIS AGREEMENT.",Cap On Liability,Uncapped Liability,0.9543209671974182,Uncapped Liability,False
CHANGEPOINTCORP_03_08_2000-EX-10.6-LICENSE AND HOSTING AGREEMENT,"IN NO EVENT WILL CHANGEPOINT BE LIABLE UNDER SUCH AGREEMENT FOR ANY LOSS OF PROFITS, LOSS OF USE, BUSINESS INTERRUPTION, LOSS OF DATA, COST OF COVER OR INDIRECT, SPECIAL, INCIDENTAL OR CONSEQUENTIAL DAMAGES OF ANY KIND IN CONNECTION WITH OR ARISING OUT OF THE FURNISHING, PERFORMANCE OR USE OF THE SOFTWARE OR SERVICES PERFORMED HEREUNDER, WHETHER ALLEGED AS A BREACH OF CONTRACT OR TORTIOUS CONDUCT, INCLUDING NEGLIGENCE, EVEN IF CHANGEPOINT HAS BEEN ADVISED OF THE POSSIBILITY OF SUCH DAMAGES.",Cap On Liability,Cap On Liability,0.9900874495506287,Cap On Liability,False
CHANGEPOINTCORP_03_08_2000-EX-10.6-LICENSE AND HOSTING AGREEMENT,"If a Release Condition (as defined in Section 12.2 of this Agreement) occurs and the Escrow Agent provides the Source Code to Corio under the escrow agreement, Corio agrees to hold the Source Code in strict confidence, and not to use the Source Code for any purpose other than those purposes set forth under Section 12.3 of this Agreement.",Source Code Escrow,Source Code Escrow,0.9911350011825562,Source Code Escrow,False
CHANGEPOINTCORP_03_08_2000-EX-10.6-LICENSE AND HOSTING AGREEMENT,"In addition, if any such inspection reveals an underpayment of more than five percent (5%) for the period under audit, Corio shall reimburse Changepoint for the reasonable cost of the examination.",Audit Rights,Audit Rights,0.9955251812934875,Audit Rights,False
CHANGEPOINTCORP_03_08_2000-EX-10.6-LICENSE AND HOSTING AGREEMENT,"In consideration for the licenses granted to Corio pursuant to Section 2 (except Section 2.5) of this Agreement, Corio shall pay the revenue sharing fees specified in EXHIBIT B hereto.",Revenue/Profit Sharing,Revenue/Profit Sharing,0.9939718842506409,Revenue/Profit Sharing,False
CHANGEPOINTCORP_03_08_2000-EX-10.6-LICENSE AND HOSTING AGREEMENT,License and Hosting Agreement,Document Name,Document Name,0.9973324537277222,Document Name,False
CHANGEPOINTCORP_03_08_2000-EX-10.6-LICENSE AND HOSTING AGREEMENT,"Neither party may assign this Agreement or any rights or obligations hereunder, whether by operation of law or otherwise, without the prior written consent of the other party.",Anti-Assignment,Anti-Assignment,0.9862073659896851,Anti-Assignment,False
CHANGEPOINTCORP_03_08_2000-EX-10.6-LICENSE AND HOSTING AGREEMENT,"Neither party may bring an action, regardless of form, arising out of or related to this Agreement (other than to recover License Fees or Maintenance Fees) more than two (2) years after the cause of action has arisen or the date of discovery of such cause, whichever is later.",Cap On Liability,Cap On Liability,0.9858799576759338,Cap On Liability,False
CHANGEPOINTCORP_03_08_2000-EX-10.6-LICENSE AND HOSTING AGREEMENT,"Ownership of any works to be created jointly by the parties, including all copyrights, patents, trade secret rights, trademarks and other intellectual property rights therein, shall be decided by the parties at the commencement of such joint efforts.",Joint Ip Ownership,Joint Ip Ownership,0.9884859323501587,Joint Ip Ownership,False
CHANGEPOINTCORP_03_08_2000-EX-10.6-LICENSE AND HOSTING AGREEMENT,REVENUE SHARING FEES: 1. Corio Customer Application Management Revenue: Corio to pay Changepoint *** of all Application Management Revenue from Corio Customers for use of Changepoint Software subject to the following limitations. A. The Corio invoice amounts used to calculate the revenues subject to this revenue share shall not include Professional Service fees or Network access fees. B. These Application Management Revenue fees shall begin accruing when the Corio Customer first commences making payments to Corio for the Corio Services. Software support and maintenance fees are included in the 10% Revenue Sharing Fee.,Revenue/Profit Sharing,Revenue/Profit Sharing,0.9897767305374146,Revenue/Profit Sharing,False
CHANGEPOINTCORP_03_08_2000-EX-10.6-LICENSE AND HOSTING AGREEMENT,"Should the Licensed Materials or any of them become, or in Changepoint's sole opinion be likely to become, the subject of a claim of infringement, misappropriation, or violation of an Intellectual Property Right (an ""Infringement Claim"") Changepoint may (i) procure for Customer, at no cost to Customer the right to continue to use the Licensed Materials which are the subject of the Infringement Claim (ii) replace or modify the Licensed Materials or part thereof subject to such Infringement Claim with software or documentation of at least comparable functionality, at no cost to Customer, or (iii) if neither of the forgoing alternatives are reasonably practical in Changepoint's sole judgement, remove the component that is the subject of the Infringement Claim or any or all other parts of the Licensed Materials and refund to Customer the License Fees paid by Customer for the part removed as depreciated on a straight line five (5) year basis from the date of delivery of the part to Customer.",Cap On Liability,Post-Termination Services,0.9284770488739014,Post-Termination Services,False
CHANGEPOINTCORP_03_08_2000-EX-10.6-LICENSE AND HOSTING AGREEMENT,"Software Support and Maintenance shall automatically continue during the term of this Agreement and thereafter for the remaining term of any contracts Corio has with its Customers to continue providing the Corio Services, provided that Corio continues to pay the revenue sharing fees as provided in EXHIBIT B hereto.",Revenue/Profit Sharing,Post-Termination Services,0.8861170411109924,Post-Termination Services,False
CHANGEPOINTCORP_03_08_2000-EX-10.6-LICENSE AND HOSTING AGREEMENT,"Subject to Corio's payment of the Software revenue sharing fees as set forth in EXHIBIT B hereto and the Software Support and Maintenance fee as provided in Section 2.5 of this Agreement, Changepoint's Software Support and Maintenance obligation shall continue after termination or expiration of this Agreement with respect to all Software Users granted access to the Software prior to termination or expiration of this Agreement for the remaining duration of each such Software Users' rights to use the Software pursuant to agreements between Corio and its Customers.",Post-Termination Services,Post-Termination Services,0.9924067854881287,Post-Termination Services,False
CHANGEPOINTCORP_03_08_2000-EX-10.6-LICENSE AND HOSTING AGREEMENT,"Subject to Corio's payment of the Software support and maintenance fee as set forth in this Section 2.5, Changepoint's Software Support and Maintenance obligation with respect to Software distributed by Corio pursuant to this Section 2.5 shall continue after termination or expiration of this Agreement with respect to all Software Users granted access to the Software prior to termination or expiration of this Agreement, for the remaining duration of each such Software Users' rights to use the Software pursuant to agreements between Corio and its Customers.",Post-Termination Services,Post-Termination Services,0.9926087260246277,Post-Termination Services,False
CHANGEPOINTCORP_03_08_2000-EX-10.6-LICENSE AND HOSTING AGREEMENT,"Subject to the provisions of this Agreement including the provisions of Article 8, Changepoint hereby grants to Customer and Customer hereby accepts from Changepoint the perpetual, personal, non-transferable and non-exclusive Software Licenses to use the Licensed Software for Customer's internal business purposes.",Irrevocable Or Perpetual License,Irrevocable Or Perpetual License,0.8985005617141724,Irrevocable Or Perpetual License,False
CHANGEPOINTCORP_03_08_2000-EX-10.6-LICENSE AND HOSTING AGREEMENT,"Subject to the terms and conditions of this Agreement, Changepoint grants to Corio a nonexclusive, nontransferable (except in accordance with Section 14.1 of this Agreement), royalty-free, fully paid up license in the Territory to reproduce, install and use additional copies of the Software, Documentation, and Software tools and utilities if any, subject to any restrictions placed on the Changepoint by third party software providers and payment of any applicable fees required by such third parties, in machine executable object code for production, testing, development, upgrade, reporting and training for the purpose of allowing the Software to be made available to Customers as part of the Corio Services.",Non-Transferable License,Non-Transferable License,0.9523797035217285,Non-Transferable License,False
CHANGEPOINTCORP_03_08_2000-EX-10.6-LICENSE AND HOSTING AGREEMENT,"Subject to the terms and conditions of this Agreement, Changepoint hereby grants to Corio a fee-bearing, irrevocable, nonexclusive, nontransferable (except in accordance with Section 14.1 of this Agreement) license in the Territory to (i) reproduce the Software in machine executable object code format only for installation on the Corio Servers; (ii) install multiple copies of the Software on Corio's Servers which will be made remotely accessible to Corio's Customers for their internal business purposes, (iii) permit limited access to and use of the Software by Customers through Corio Servers solely for such Customer's internal business purposes; (iv) sublicense an unlimited number of Customers to access and use the Software only through the installation on Corio Servers solely for such Customer's internal business purposes; and (v) use Changepoint's tools and utilities, if any, subject to any restrictions placed on the Changepoint by third party software providers and payment of any applicable fees required by such third parties, to configure, integrate and manage the Software.",Unlimited/All-You-Can-Eat-License,Irrevocable Or Perpetual License,0.9167085289955139,Irrevocable Or Perpetual License,False
CHANGEPOINTCORP_03_08_2000-EX-10.6-LICENSE AND HOSTING AGREEMENT,"Subject to the terms and conditions of this Agreement, Changepoint hereby grants to Corio a fee-bearing, irrevocable, nonexclusive, nontransferable (except in accordance with Section 14.1 of this Agreement) license in the Territory to (i) reproduce the Software in machine executable object code format only for installation on the Corio Servers; (ii) install multiple copies of the Software on Corio's Servers which will be made remotely accessible to Corio's Customers for their internal business purposes, (iii) permit limited access to and use of the Software by Customers through Corio Servers solely for such Customer's internal business purposes; (iv) sublicense an unlimited number of Customers to access and use the Software only through the installation on Corio Servers solely for such Customer's internal business purposes; and (v) use Changepoint's tools and utilities, if any, subject to any restrictions placed on the Changepoint by third party software providers and payment of any applicable fees required by such third parties, to configure, integrate and manage the Software. Corio shall not authorize Customers to download or reproduce the Software for use except as necessary in connection with the Corio Services.",License Grant,Irrevocable Or Perpetual License,0.910900354385376,Irrevocable Or Perpetual License,False
CHANGEPOINTCORP_03_08_2000-EX-10.6-LICENSE AND HOSTING AGREEMENT,"Subject to the terms and conditions of this Agreement, Changepoint hereby grants to Corio a nonexclusive, nontransferable (except in accordance with Section 14.1 of this Agreement) royalty-free, fully paid up right and license in the Territory, on Corio Servers, to make a reasonable number of copies of the Demonstration Software solely for demonstration purposes to potential Customers.",Non-Transferable License,Non-Transferable License,0.9430637955665588,Non-Transferable License,False
CHANGEPOINTCORP_03_08_2000-EX-10.6-LICENSE AND HOSTING AGREEMENT,"Such books and records shall be kept for at least three (3) years following the end of the calendar month to which they pertain, and shall be open for inspection by an independent certified public accountant reasonably acceptable to Corio, and made subject to Corio's standard non-disclosure agreement, for the sole purpose of verifying the amounts payable to Changepoint under this Agreement.",Audit Rights,Audit Rights,0.9950355291366577,Audit Rights,False
CHANGEPOINTCORP_03_08_2000-EX-10.6-LICENSE AND HOSTING AGREEMENT,"Termination of this Agreement by Corio for non conformance of the Software to the Documentation under this Section 3.1 shall, upon a refund of all fees paid to Changepoint, be Corio's sole and exclusive remedy against Changepoint for any nonconformance of the Software with the Documentation.",Cap On Liability,Cap On Liability,0.9867310523986816,Cap On Liability,False
CHANGEPOINTCORP_03_08_2000-EX-10.6-LICENSE AND HOSTING AGREEMENT,The Annual Maintenance Fee is 18% of the undiscounted License Fees due to Changepoint hereunder and is payable annually in advance.,Revenue/Profit Sharing,Revenue/Profit Sharing,0.8110401630401611,Revenue/Profit Sharing,False
CHANGEPOINTCORP_03_08_2000-EX-10.6-LICENSE AND HOSTING AGREEMENT,"The Components of the CHANGEPOINT Software which are licensed to Customer hereunder are the following: CHANGEPOINT, SQL edition, version 5.2, for an unlimited number of users, including the following modules: - Service Delivery Management - Project and Resource Management - Customer Relationship Management",Unlimited/All-You-Can-Eat-License,Unlimited/All-You-Can-Eat-License,0.9735878109931946,Unlimited/All-You-Can-Eat-License,False
CHANGEPOINTCORP_03_08_2000-EX-10.6-LICENSE AND HOSTING AGREEMENT,"The Escrow Agent shall require Changepoint to place in an escrow account in Toronto a copy of the source code of the Software including all Updates and Upgrades thereto, documentation and similar materials (the ""SOURCE CODE"").",Source Code Escrow,Source Code Escrow,0.9919192790985107,Source Code Escrow,False
CHANGEPOINTCORP_03_08_2000-EX-10.6-LICENSE AND HOSTING AGREEMENT,The Warranty Period for the Licensed Software shall mean the period commencing on the Effective Date and ending ninety (90) days thereafter.,Warranty Duration,Warranty Duration,0.9916176199913025,Warranty Duration,False
CHANGEPOINTCORP_03_08_2000-EX-10.6-LICENSE AND HOSTING AGREEMENT,"The term of this Agreement shall commence on the Effective Date and, subject to the provisions of this Agreement, shall continue in full force and effect for an initial period of five (5) years.",Expiration Date,Expiration Date,0.9823192954063416,Expiration Date,False
CHANGEPOINTCORP_03_08_2000-EX-10.6-LICENSE AND HOSTING AGREEMENT,The utilization rights of Customer are as follows: (a) Customer is granted an unlimited number of Client Access Licenses. Each Client Access License entitles Customer to receive one (1) Enable Code from Changepoint which will enable Customer to have one (1) user use the Licensed Materials. (b) Customer may install Licensed Software on one or more computer servers as it desires.,Unlimited/All-You-Can-Eat-License,Unlimited/All-You-Can-Eat-License,0.9719362854957581,Unlimited/All-You-Can-Eat-License,False
CHANGEPOINTCORP_03_08_2000-EX-10.6-LICENSE AND HOSTING AGREEMENT,"Thereafter, this Agreement shall automatically renew for subsequent one (1) year periods unless either party provides the other party with written notification at least thirty (30) days prior to the expiration of the initial five (5) year term or any one (1) year renewal thereof of its intention to terminate this Agreement.",Notice Period To Terminate Renewal,Notice Period To Terminate Renewal,0.9842499494552612,Notice Period To Terminate Renewal,False
CHANGEPOINTCORP_03_08_2000-EX-10.6-LICENSE AND HOSTING AGREEMENT,This,Source Code Escrow,Agreement Date,0.48025035858154297,LOW_CONFIDENCE,True
CHANGEPOINTCORP_03_08_2000-EX-10.6-LICENSE AND HOSTING AGREEMENT,This Agreement shall be effective on the Effective Date and shall terminate in accordance with this Article.,Effective Date,Expiration Date,0.935931384563446,Expiration Date,False
CHANGEPOINTCORP_03_08_2000-EX-10.6-LICENSE AND HOSTING AGREEMENT,This Agreement shall be governed by and construed in accordance with the laws of the State of New York without reference to its conflict or choice of law rules or principles.,Governing Law,Governing Law,0.9975001215934753,Governing Law,False
CHANGEPOINTCORP_03_08_2000-EX-10.6-LICENSE AND HOSTING AGREEMENT,"This Agreement shall be governed by the laws of the State of California, USA, excluding conflict of laws provisions and excluding the 1980 United Nations Convention on Contracts for the International Sale of Goods.",Governing Law,Governing Law,0.9975166320800781,Governing Law,False
CHANGEPOINTCORP_03_08_2000-EX-10.6-LICENSE AND HOSTING AGREEMENT,This Section 6.4 states the entire liability of Changepoint and Customer's sole remedies with respect to any Infringement Claim.,Cap On Liability,Cap On Liability,0.9893810749053955,Cap On Liability,False
CHANGEPOINTCORP_03_08_2000-EX-10.6-LICENSE AND HOSTING AGREEMENT,"Upon the release of the Source Code to Corio pursuant to Section 12.2 of this Agreement, Corio shall have a royalty-free, nonexclusive, nontransferable, right and license at its head office to use and modify the Source Code to support and maintain the Software until the expiration or termination of Corio's Customers' License Agreements for the Corio Services.",Non-Transferable License,Source Code Escrow,0.9914643168449402,Source Code Escrow,False
CHANGEPOINTCORP_03_08_2000-EX-10.6-LICENSE AND HOSTING AGREEMENT,"Within sixty (60) days of the Effective Date, Changepoint agrees to execute an escrow agreement by and among Corio, Changepoint and a mutually acceptable escrow agent (the ""ESCROW AGENT"").",Source Code Escrow,Source Code Escrow,0.9915891289710999,Source Code Escrow,False
CHANGEPOINTCORP_03_08_2000-EX-10.6-LICENSE AND HOSTING AGREEMENT,"refund of all prepaid fees, if any. The foregoing are Corio's sole and exclusive remedies for breach of the foregoing product warranty.",Cap On Liability,Cap On Liability,0.9852338433265686,Cap On Liability,False
CHANGEPOINTCORP_03_08_2000-EX-10.6-LICENSE AND HOSTING AGREEMENT,source code escrow shall survive any termination or expiration of this Agreement for the remaining term of any contracts Corio has with such Customers to continue providing the Corio Services.,Source Code Escrow,Source Code Escrow,0.9244219660758972,Source Code Escrow,False
"CURAEGISTECHNOLOGIES,INC_05_26_2010-EX-1-CORPORATE SPONSORSHIP AGREEMENT",Any attempt to assign without the other party's consent will be null and void and will afford the non-assigning party the right to immediately cancel and terminate this Agreement.,Anti-Assignment,Anti-Assignment,0.9895406365394592,Anti-Assignment,False
"CURAEGISTECHNOLOGIES,INC_05_26_2010-EX-1-CORPORATE SPONSORSHIP AGREEMENT","CGL coverages shall be written on ISO occurrence form CG 00 01 or a substitute form providing equivalent coverage and shall cover liabilities arising from events, premises, operations, independent contractors, products-completed operations, personal injury and advertising injury, and liability assumed under an insured contract.",Insurance,Insurance,0.9967807531356812,Insurance,False
"CURAEGISTECHNOLOGIES,INC_05_26_2010-EX-1-CORPORATE SPONSORSHIP AGREEMENT",CORPORATE SPONSORSHIP AGREEMENT,Document Name,Document Name,0.9973559379577637,Document Name,False
"CURAEGISTECHNOLOGIES,INC_05_26_2010-EX-1-CORPORATE SPONSORSHIP AGREEMENT","Each party shall have a non-exclusive, royalty free, non-transferable license to use the name, logo, any item used in connection with that name or logo, and the registered symbols and trademarks of the other party (the ""Trademarks"") only for the purposes set forth in this Agreement.",Non-Transferable License,Non-Transferable License,0.9760690927505493,Non-Transferable License,False
"CURAEGISTECHNOLOGIES,INC_05_26_2010-EX-1-CORPORATE SPONSORSHIP AGREEMENT","May 18, 2010",Effective Date,Agreement Date,0.5405333638191223,LOW_CONFIDENCE,True
"CURAEGISTECHNOLOGIES,INC_05_26_2010-EX-1-CORPORATE SPONSORSHIP AGREEMENT","Neither party may assign its rights or powers under this Agreement without the express written consent of the other, which consent shall",Anti-Assignment,Anti-Assignment,0.9895499348640442,Anti-Assignment,False
"CURAEGISTECHNOLOGIES,INC_05_26_2010-EX-1-CORPORATE SPONSORSHIP AGREEMENT","Phoenix Performance, LLC",Parties,Parties,0.9969411492347717,Parties,False
"CURAEGISTECHNOLOGIES,INC_05_26_2010-EX-1-CORPORATE SPONSORSHIP AGREEMENT","Subaru of America, Inc., its parent and subsidiaries shall be included as additional insureds under the CGL using ISO additional insured endorsement CG 20 10 or a substitute providing equivalent coverage.",Insurance,Insurance,0.9967492818832397,Insurance,False
"CURAEGISTECHNOLOGIES,INC_05_26_2010-EX-1-CORPORATE SPONSORSHIP AGREEMENT","The term of this Agreement (the ""Term"") shall commence on the Effective Date and conclude on October 31, 2010, unless renewed by agreement or sooner terminated in accordance with this Agreement.",Expiration Date,Expiration Date,0.9764388799667358,Expiration Date,False
"CURAEGISTECHNOLOGIES,INC_05_26_2010-EX-1-CORPORATE SPONSORSHIP AGREEMENT",This Agreement is to be governed and construed according to the laws of the State of New York without regard to conflicts of law.,Governing Law,Governing Law,0.9974896907806396,Governing Law,False
"CURAEGISTECHNOLOGIES,INC_05_26_2010-EX-1-CORPORATE SPONSORSHIP AGREEMENT",Torvec,Parties,Parties,0.9964487552642822,Parties,False
"CURAEGISTECHNOLOGIES,INC_05_26_2010-EX-1-CORPORATE SPONSORSHIP AGREEMENT",Torvec Inc.,Parties,Parties,0.9965689182281494,Parties,False
"CURAEGISTECHNOLOGIES,INC_05_26_2010-EX-1-CORPORATE SPONSORSHIP AGREEMENT","Upon termination of this Agreement, NEITHER PARTY SHALL BE LIABLE TO THE OTHER FOR ANY CONSEQUENTIAL, EXEMPLARY, SPECIAL, INCIDENTAL OR PUNITIVE DAMAGES, EVEN IF IT HAS BEEN ADVISED OF THE POSSIBILITY OF SUCH DAMAGES, WHICH ARE RELATED TO THE AGREEMENT OR ITS BREACH.",Cap On Liability,Cap On Liability,0.9898860454559326,Cap On Liability,False
"CURAEGISTECHNOLOGIES,INC_05_26_2010-EX-1-CORPORATE SPONSORSHIP AGREEMENT",Vendor,Parties,Parties,0.9960592985153198,Parties,False
"CURAEGISTECHNOLOGIES,INC_05_26_2010-EX-1-CORPORATE SPONSORSHIP AGREEMENT",Vendor shall maintain commercial general liability (CGL) insurance with a limit of not less than $1 million each occurrence.,Insurance,Insurance,0.9967864751815796,Insurance,False
"CURAEGISTECHNOLOGIES,INC_05_26_2010-EX-1-CORPORATE SPONSORSHIP AGREEMENT","Vendor shall maintain insurance for not less than the following limits and coverage with duly licensed insurance companies having an A.M. Best rating of A-, X or better.",Insurance,Insurance,0.996747612953186,Insurance,False
"CURAEGISTECHNOLOGIES,INC_05_26_2010-EX-1-CORPORATE SPONSORSHIP AGREEMENT",not be unreasonably withheld.,Anti-Assignment,Other,0.41391053795814514,LOW_CONFIDENCE,True
ClickstreamCorp_20200330_1-A_EX1A-6 MAT CTRCT_12089935_EX1A-6 MAT CTRCT_Development Agreement,90 days warranty (bugfixing) support is included.,Warranty Duration,Warranty Duration,0.9924063086509705,Warranty Duration,False
ClickstreamCorp_20200330_1-A_EX1A-6 MAT CTRCT_12089935_EX1A-6 MAT CTRCT_Development Agreement,APPLICATION DEVELOPMENT AGREEMENT,Document Name,Document Name,0.9973257780075073,Document Name,False
ClickstreamCorp_20200330_1-A_EX1A-6 MAT CTRCT_12089935_EX1A-6 MAT CTRCT_Development Agreement,"Because of the trade secret subject matter of Developer's business, Client agrees that, during the term of this Agreement and for a period of two (2) years thereafter, it will not solicit the services of any of Developer's employees, consultants or suppliers for Client's own benefit or for the benefit of any other person or entity.",No-Solicit Of Employees,No-Solicit Of Employees,0.9912968873977661,No-Solicit Of Employees,False
ClickstreamCorp_20200330_1-A_EX1A-6 MAT CTRCT_12089935_EX1A-6 MAT CTRCT_Development Agreement,Clickstream Corporation,Parties,Parties,0.9967531561851501,Parties,False
ClickstreamCorp_20200330_1-A_EX1A-6 MAT CTRCT_12089935_EX1A-6 MAT CTRCT_Development Agreement,Client,Parties,Parties,0.9959520101547241,Parties,False
ClickstreamCorp_20200330_1-A_EX1A-6 MAT CTRCT_12089935_EX1A-6 MAT CTRCT_Development Agreement,Client has the unilateral right to cancel this agreement at any time within a 7-day notice period.,Termination For Convenience,Termination For Convenience,0.9842733144760132,Termination For Convenience,False
ClickstreamCorp_20200330_1-A_EX1A-6 MAT CTRCT_12089935_EX1A-6 MAT CTRCT_Development Agreement,Developer,Parties,Parties,0.9956784844398499,Parties,False
ClickstreamCorp_20200330_1-A_EX1A-6 MAT CTRCT_12089935_EX1A-6 MAT CTRCT_Development Agreement,"If programming errors or other defects are discovered during the Support Period, the Developer shall promptly remedy those errors or defects at its own expense.",Warranty Duration,Warranty Duration,0.7678451538085938,Warranty Duration,False
ClickstreamCorp_20200330_1-A_EX1A-6 MAT CTRCT_12089935_EX1A-6 MAT CTRCT_Development Agreement,"If the Client, in its reasonable discretion, consents, the Client is hereby granted an exclusive, worldwide, royalty-free, perpetual, irrevocable license to use, distribute, modify, publish, and otherwise exploit the incorporated items in connection with the work product developed for the Client.",Irrevocable Or Perpetual License,Irrevocable Or Perpetual License,0.9639475345611572,Irrevocable Or Perpetual License,False
ClickstreamCorp_20200330_1-A_EX1A-6 MAT CTRCT_12089935_EX1A-6 MAT CTRCT_Development Agreement,InfinixSoft Global LLC,Parties,Parties,0.9969583749771118,Parties,False
ClickstreamCorp_20200330_1-A_EX1A-6 MAT CTRCT_12089935_EX1A-6 MAT CTRCT_Development Agreement,"March 20, 2020",Effective Date,Agreement Date,0.5351245999336243,LOW_CONFIDENCE,True
ClickstreamCorp_20200330_1-A_EX1A-6 MAT CTRCT_12089935_EX1A-6 MAT CTRCT_Development Agreement,"The Developer expressly acknowledges and agrees that any all proprietary materials prepared by the Developer under this Agreement shall be considered ""works for hire"" and the exclusive property of the Client unless otherwise specified.",Ip Ownership Assignment,Ip Ownership Assignment,0.98918217420578,Ip Ownership Assignment,False
ClickstreamCorp_20200330_1-A_EX1A-6 MAT CTRCT_12089935_EX1A-6 MAT CTRCT_Development Agreement,"The Developer hereby warrants and represents that following delivery of the Application System to the Client (which shall be deeded to occur only on the date the Web Application is uploaded to the AWS for distribution) pursuant to Exhibit A (the ""Support Period""), the Application will be free from programming errors and defects in workmanship and materials, and will conform to the specifications of Exhibit A",Warranty Duration,Warranty Duration,0.9875685572624207,Warranty Duration,False
ClickstreamCorp_20200330_1-A_EX1A-6 MAT CTRCT_12089935_EX1A-6 MAT CTRCT_Development Agreement,"The Developer may not, without the written consent of the Client, assign, subcontract, or delegate its obligations under this Agreement, except that the Developer may transfer the right to receive any amounts that may be payable to it for its Services under this Agreement, which transfer will be effective only after receipt by the Client of written notice of such assignment or transfer.",Anti-Assignment,Anti-Assignment,0.9857627153396606,Anti-Assignment,False
ClickstreamCorp_20200330_1-A_EX1A-6 MAT CTRCT_12089935_EX1A-6 MAT CTRCT_Development Agreement,The Developer recognizes that the complete Intellectual Property of the project belongs to the Client,Ip Ownership Assignment,Ip Ownership Assignment,0.9699937701225281,Ip Ownership Assignment,False
ClickstreamCorp_20200330_1-A_EX1A-6 MAT CTRCT_12089935_EX1A-6 MAT CTRCT_Development Agreement,"The Developer recognizes the Client's right, title, and interest in and to all service marks, trademarks, trade names , Copyrights and Patents used by the Client and agrees not to engage in any activities or commit any acts, directly or indirectly, that may contest, dispute, or otherwise impair the Client's right, title, and interest therein, nor shall the Developer cause diminishment of value of said trademarks or trade names through any act or representation",Covenant Not To Sue,Covenant Not To Sue,0.993436872959137,Covenant Not To Sue,False
ClickstreamCorp_20200330_1-A_EX1A-6 MAT CTRCT_12089935_EX1A-6 MAT CTRCT_Development Agreement,"The Developer shall not develop, maintain or market a similar platform and will not compete with the Client directly or indirectly worldwide.",Non-Compete,Non-Compete,0.9855746030807495,Non-Compete,False
ClickstreamCorp_20200330_1-A_EX1A-6 MAT CTRCT_12089935_EX1A-6 MAT CTRCT_Development Agreement,The developer will fix any bugs that may come up from the original contract after the 90 days warranty has passed.,Warranty Duration,Warranty Duration,0.9921401143074036,Warranty Duration,False
ClickstreamCorp_20200330_1-A_EX1A-6 MAT CTRCT_12089935_EX1A-6 MAT CTRCT_Development Agreement,This Agreement shall be governed by the laws of the state of Florida.,Governing Law,Governing Law,0.9975003600120544,Governing Law,False
ClickstreamCorp_20200330_1-A_EX1A-6 MAT CTRCT_12089935_EX1A-6 MAT CTRCT_Development Agreement,"This Agreement shall become effective as of the Effective Date and, unless otherwise terminated in accordance with the provisions of Section 4 of this Agreement, will continue until the expiration of the Warranty Period as defined in subsection 9(a) of this Agreement.",Expiration Date,Expiration Date,0.9777440428733826,Expiration Date,False
ClickstreamCorp_20200330_1-A_EX1A-6 MAT CTRCT_12089935_EX1A-6 MAT CTRCT_Development Agreement,"To the extent such work may not be deemed a ""work for hire"" under applicable law, the Developer hereby assigns to the Client all of its right, title, and interest in and to such work.",Ip Ownership Assignment,Ip Ownership Assignment,0.9875911474227905,Ip Ownership Assignment,False
"DUOSTECHNOLOGIESGROUP,INC_04_21_2009-EX-10.1-STRATEGIC ALLIANCE AGREEMENT","15 April, 2009",Effective Date,Agreement Date,0.5420099496841431,LOW_CONFIDENCE,True
"DUOSTECHNOLOGIESGROUP,INC_04_21_2009-EX-10.1-STRATEGIC ALLIANCE AGREEMENT","As regards Intellectual Property created by Rubicon, Rubicon acknowledges and agrees that those Works, as defined below, shall belong exclusively to ISA subject to payment in accordance with clause 4.2",Ip Ownership Assignment,Ip Ownership Assignment,0.9886493682861328,Ip Ownership Assignment,False
"DUOSTECHNOLOGIESGROUP,INC_04_21_2009-EX-10.1-STRATEGIC ALLIANCE AGREEMENT","During the period beginning on the Effective Date and ending on the later of (i) the end of the Initial Term and (ii) the date falling two years after completion of the most recent services provided by Rubicon under clause 7 (the ""Non-Competition Period"") and in the ISA Geographic Area, as defined below, Rubicon agrees not to in any capacity, engage or have a financial interest in any ISA Competing Business, as defined below, or provide managerial, supervisory, administrative, or financial services relating to any ISA Competing Business, including making available any information or funding to any such ISA Competing Business.",Non-Compete,Non-Compete,0.9839876890182495,Non-Compete,False
"DUOSTECHNOLOGIESGROUP,INC_04_21_2009-EX-10.1-STRATEGIC ALLIANCE AGREEMENT","During the period beginning on the Effective Date and ending on the later of (i) the end of the Initial Term and (ii) the date falling two years after completion of the most recent services provided by Rubicon under clause 7 (the ""Non-Competition Period"") and in the Rubicon Geographic Area, as defined below, ISA agrees not to in any capacity, engage or have a financial interest in any Rubicon Competing Business, as defined below, or provide managerial, supervisory, administrative, or financial services relating to any Rubicon Competing Business, including making available any information or funding to any such Rubicon Competing Business.",Non-Compete,Non-Compete,0.9839069843292236,Non-Compete,False
"DUOSTECHNOLOGIESGROUP,INC_04_21_2009-EX-10.1-STRATEGIC ALLIANCE AGREEMENT","EXCEPT IN CONNECTION WITH A BREACH BY EITHER PARTY OF SECTION 8, EACH PARTY'S LIABILITY FOR DAMAGES HEREUNDER (OTHER THAN IN RESPECT OF ANY CLAIM FOR MONIES DUE) SHALL NOT EXCEED £200,000.",Uncapped Liability,Uncapped Liability,0.9796671867370605,Uncapped Liability,False
"DUOSTECHNOLOGIESGROUP,INC_04_21_2009-EX-10.1-STRATEGIC ALLIANCE AGREEMENT","EXCEPT IN CONNECTION WITH A BREACH BY EITHER PARTY OF SECTION 8, NEITHER PARTY WILL BE LIABLE FOR ANY SPECIAL, INDIRECT, CONSEQUENTIAL, EXEMPLARY, PUNITIVE OR INCIDENTAL DAMAGES ARISING OUT OF OR RELATED TO THIS AGREEMENT, HOWEVER CAUSED AND UNDER ANY THEORY OF LIABILITY (INCLUDING NEGLIGENCE), EVEN IF SUCH PARTY HAS BEEN ADVISED OF THE POSSIBILITY OF SUCH DAMAGES",Cap On Liability,Uncapped Liability,0.9814152121543884,Uncapped Liability,False
"DUOSTECHNOLOGIESGROUP,INC_04_21_2009-EX-10.1-STRATEGIC ALLIANCE AGREEMENT","EXCEPT IN CONNECTION WITH A BREACH BY EITHER PARTY OF SECTION 8, NEITHER PARTY WILL BE LIABLE FOR ANY SPECIAL, INDIRECT, CONSEQUENTIAL, EXEMPLARY, PUNITIVE OR INCIDENTAL DAMAGES ARISING OUT OF OR RELATED TO THIS AGREEMENT, HOWEVER CAUSED AND UNDER ANY THEORY OF LIABILITY (INCLUDING NEGLIGENCE), EVEN IF SUCH PARTY HAS BEEN ADVISED OF THE POSSIBILITY OF SUCH DAMAGES.",Uncapped Liability,Uncapped Liability,0.9820578098297119,Uncapped Liability,False
"DUOSTECHNOLOGIESGROUP,INC_04_21_2009-EX-10.1-STRATEGIC ALLIANCE AGREEMENT",Each Party shall retain the financial records relating to all payments owed and/or paid under this Agreement for a period of six years from the date such payment obligation arose.,Post-Termination Services,Post-Termination Services,0.5743501782417297,LOW_CONFIDENCE,True
"DUOSTECHNOLOGIESGROUP,INC_04_21_2009-EX-10.1-STRATEGIC ALLIANCE AGREEMENT","Either Party may terminate this Agreement upon ten Business Day's Notice to the other Party in the event the other Party contests or challenges to a material degree any of the other Party's Intellectual Property rights referred to in Sections 5.1, and 5.3, respectively.",Covenant Not To Sue,Covenant Not To Sue,0.9899299740791321,Covenant Not To Sue,False
"DUOSTECHNOLOGIESGROUP,INC_04_21_2009-EX-10.1-STRATEGIC ALLIANCE AGREEMENT","Except as set forth in Sections 10.3 and 10.4, nothing in this Agreement is intended to confer benefits, rights or remedies unto any person or entity other than the Parties and their permitted successors and assigns.",Third Party Beneficiary,Third Party Beneficiary,0.38610750436782837,LOW_CONFIDENCE,True
"DUOSTECHNOLOGIESGROUP,INC_04_21_2009-EX-10.1-STRATEGIC ALLIANCE AGREEMENT","Further, during the Non-Competition Period, ISA shall not solicit any employee of Rubicon or any employee of any Rubicon Client.",No-Solicit Of Employees,No-Solicit Of Employees,0.9932458996772766,No-Solicit Of Employees,False
"DUOSTECHNOLOGIESGROUP,INC_04_21_2009-EX-10.1-STRATEGIC ALLIANCE AGREEMENT","Further, during the Non-Competition Period, Rubicon shall not solicit any employee of ISA or any employee of any ISA Client.",No-Solicit Of Employees,No-Solicit Of Employees,0.9928610920906067,No-Solicit Of Employees,False
"DUOSTECHNOLOGIESGROUP,INC_04_21_2009-EX-10.1-STRATEGIC ALLIANCE AGREEMENT",ISA,Parties,Parties,0.9962161183357239,Parties,False
"DUOSTECHNOLOGIESGROUP,INC_04_21_2009-EX-10.1-STRATEGIC ALLIANCE AGREEMENT",ISA shall not contest ownership by Rubicon of any of the foregoing.,Covenant Not To Sue,Covenant Not To Sue,0.9933033585548401,Covenant Not To Sue,False
"DUOSTECHNOLOGIESGROUP,INC_04_21_2009-EX-10.1-STRATEGIC ALLIANCE AGREEMENT","In addition to the payments set forth in sections 4.2.1 and 4.2.2, above, ISA will pay Rubicon 30% of ISA's profits (defined as gross revenues less costs directly incurred in the generation of such revenues) on projects for which Rubicon has provided Contract Services after ISA has recouped any directly attributable start-up costs with respect to such project up to a cumulative maximum of £100,000 of such costs associated with all such projects from the date of this agreement.",Revenue/Profit Sharing,Revenue/Profit Sharing,0.9939119815826416,Revenue/Profit Sharing,False
"DUOSTECHNOLOGIESGROUP,INC_04_21_2009-EX-10.1-STRATEGIC ALLIANCE AGREEMENT","In the event that ISA wishes to carry out any software development work of any nature during the Non-Competition Period, it will notify Rubicon of the same and allow Rubicon the opportunity to pitch for such work.",Competitive Restriction Exception,Non-Compete,0.9408714175224304,Non-Compete,False
"DUOSTECHNOLOGIESGROUP,INC_04_21_2009-EX-10.1-STRATEGIC ALLIANCE AGREEMENT","Neither Party shall transfer, assign or cede any rights or delegate any obligations hereunder, in whole or in part, whether voluntarily or by operation of law, without the prior written consent of the other Party, which consent may be withheld at the other Party's reasonable business discretion; provided, however, that in connection with a merger, sale or transfer of substantially all of the assets or stock of one of the Parties that Party may provide for the assignee to be bound by the terms hereof.",Anti-Assignment,Anti-Assignment,0.9782946705818176,Anti-Assignment,False
"DUOSTECHNOLOGIESGROUP,INC_04_21_2009-EX-10.1-STRATEGIC ALLIANCE AGREEMENT",Rubicon,Parties,Parties,0.9966086149215698,Parties,False
"DUOSTECHNOLOGIESGROUP,INC_04_21_2009-EX-10.1-STRATEGIC ALLIANCE AGREEMENT",Rubicon Software Group plc,Parties,Parties,0.9967544674873352,Parties,False
"DUOSTECHNOLOGIESGROUP,INC_04_21_2009-EX-10.1-STRATEGIC ALLIANCE AGREEMENT","Rubicon hereby grants to ISA during the Term (as defined below) and subject to the exclusions described in 2.4 below an exclusive, non-transferable license in the United States to market, sell, use, display, perform, sublicense and distribute the Rubicon Offerings, the Documentation and, subject to Section 2.2, any upgrades thereto, subject to the conditions set forth in this Agreement",Exclusivity,Non-Transferable License,0.9736725687980652,Non-Transferable License,False
"DUOSTECHNOLOGIESGROUP,INC_04_21_2009-EX-10.1-STRATEGIC ALLIANCE AGREEMENT","Rubicon hereby grants to ISA during the Term (as defined below) and subject to the exclusions described in 2.4 below an exclusive, non-transferable license in the United States to market, sell, use, display, perform, sublicense and distribute the Rubicon Offerings, the Documentation and, subject to Section 2.2, any upgrades thereto, subject to the conditions set forth in this Agreement.",Non-Transferable License,Non-Transferable License,0.9739708304405212,Non-Transferable License,False
"DUOSTECHNOLOGIESGROUP,INC_04_21_2009-EX-10.1-STRATEGIC ALLIANCE AGREEMENT","Rubicon hereby grants to ISA during the Term and subject to the exclusions described in 2.4 below an exclusive, non-transferable license in the United States to grant licenses to use, display, perform and distribute the Rubicon Offerings and the Documentation to other resellers, including, but not limited to, distributors, Original Equipment Manufacturers, system integrators and Value-Added Resellers, for further sale and distribution to End Users for their use as described above, subject to the conditions set forth in this Agreement.",Non-Transferable License,Non-Transferable License,0.9679597020149231,Non-Transferable License,False
"DUOSTECHNOLOGIESGROUP,INC_04_21_2009-EX-10.1-STRATEGIC ALLIANCE AGREEMENT",Rubicon shall make full and prompt disclosure to ISA of all Works as they are made (whether or not conceived or made jointly with others).,Ip Ownership Assignment,Ip Ownership Assignment,0.8292452096939087,Ip Ownership Assignment,False
"DUOSTECHNOLOGIESGROUP,INC_04_21_2009-EX-10.1-STRATEGIC ALLIANCE AGREEMENT",Rubicon shall not contest ownership by ISA of any of the foregoing.,Covenant Not To Sue,Covenant Not To Sue,0.9932768940925598,Covenant Not To Sue,False
"DUOSTECHNOLOGIESGROUP,INC_04_21_2009-EX-10.1-STRATEGIC ALLIANCE AGREEMENT",Strategic Alliance Agreement,Document Name,Document Name,0.9973166584968567,Document Name,False
"DUOSTECHNOLOGIESGROUP,INC_04_21_2009-EX-10.1-STRATEGIC ALLIANCE AGREEMENT","System Associates, Inc.",Parties,Parties,0.9967861175537109,Parties,False
"DUOSTECHNOLOGIESGROUP,INC_04_21_2009-EX-10.1-STRATEGIC ALLIANCE AGREEMENT","This Agreement shall be governed by and interpreted under the laws of the State of Florida, USA,.",Governing Law,Governing Law,0.997520387172699,Governing Law,False
"DUOSTECHNOLOGIESGROUP,INC_04_21_2009-EX-10.1-STRATEGIC ALLIANCE AGREEMENT","To the extent copyrightable, all Works shall be deemed to be ""works for hire"" and ISA shall be deemed to be the author thereof under the U.S. Copyright Act.",Ip Ownership Assignment,Ip Ownership Assignment,0.9758790135383606,Ip Ownership Assignment,False
"DUOSTECHNOLOGIESGROUP,INC_04_21_2009-EX-10.1-STRATEGIC ALLIANCE AGREEMENT","Unless terminated sooner, the term of this Agreement shall begin on the Effective Date and continue for three (3) years thereafter (the ""Initial Term"") and shall automatically renew for additional one (1) year terms on the terms and conditions set forth herein (each a ""Renewal Term"" and collectively, the ""Term"") unless either party gives the other Party Notice of its intention to terminate this Agreement ninety (90) days before the end of the Initial Term or Renewal Term, if any.",Notice Period To Terminate Renewal,Notice Period To Terminate Renewal,0.9834169745445251,Notice Period To Terminate Renewal,False
"DUOSTECHNOLOGIESGROUP,INC_04_21_2009-EX-10.1-STRATEGIC ALLIANCE AGREEMENT","With respect to Works that do not constitute ""works for hire,"" Rubicon, its employees, contractors, consultants and agents do hereby assign to ISA or its designee all of their respective right, title and interest in and to such Works and all related patents, patent applications, copyrights and copyright applications and does hereby agree that these obligations are binding upon their respective assigns, executors, administrators and other legal representatives.",Ip Ownership Assignment,Ip Ownership Assignment,0.9886282086372375,Ip Ownership Assignment,False
"DUOSTECHNOLOGIESGROUP,INC_04_21_2009-EX-10.1-STRATEGIC ALLIANCE AGREEMENT","Works means, collectively, any work product (of any type), software, developments, processes, improvements, and all works of authorship, in whole or in part, whether patentable or not and whether copyrightable or not created as services provided directly to ISA or on behalf of ISA by Rubicon, which (i) are conceived or made by Rubicon, its employees, contractors, consultants or agents during the Term and relate directly to the business in which ISA and Rubicon(during the Term by ISA) are, had been or were proposing to be engaged in; or (ii) are conceived or made by Rubicon, its employees, contractors, consultants or agents during or after the Term and are made through the use of any ISA Confidential Information, or which result from any work performed by Rubicon, its employees, contractors, consultants or agents for ISA.",Ip Ownership Assignment,Affiliate License-Licensor,0.7327342629432678,Affiliate License-Licensor,False
ENTERTAINMENTGAMINGASIAINC_02_15_2005-EX-10.5-DISTRIBUTOR AGREEMENT,"4.4. Subject to Section 4.5 of this Agreement, for a period of twenty-four (24) months after the Effective Date, not to develop, manufacture, market, distribute, sell or supply anywhere in the world to any individual or entity a gaming chip-sorting machine for use in a casino; and",Non-Compete,Non-Compete,0.41799378395080566,LOW_CONFIDENCE,True
ENTERTAINMENTGAMINGASIAINC_02_15_2005-EX-10.5-DISTRIBUTOR AGREEMENT,"Although Vendor intends to provide a six-month limited warranty to the end user, Distributor shall make no warranties or representations with respect to the Products on behalf of Vendor",Warranty Duration,Warranty Duration,0.9914352297782898,Warranty Duration,False
ENTERTAINMENTGAMINGASIAINC_02_15_2005-EX-10.5-DISTRIBUTOR AGREEMENT,"As part of the exclusive distribution right granted in this Section 2, Vendor hereby grants Distributor the non- exclusive, non-transferable right to use and display Vendor's trademarks, logos, Product photographs and images, Product advertising and promotional copy, including but not limited to the materials contained in Vendor's website, in connection with the promotion, advertising and distribution of the Products.",Non-Transferable License,Non-Transferable License,0.9609005451202393,Non-Transferable License,False
ENTERTAINMENTGAMINGASIAINC_02_15_2005-EX-10.5-DISTRIBUTOR AGREEMENT,"As provided for in this Section 1, the term of this Agreement shall be for a period of five (5) years, beginning on the Effective Date (the ""Initial Term""); provided, however, the Initial Term shall be subject to automatic successive renewal terms of three (3) years each (the ""Renewal Terms"" and together with the Initial Term, the ""Term"").",Renewal Term,Renewal Term,0.7204024791717529,Renewal Term,False
ENTERTAINMENTGAMINGASIAINC_02_15_2005-EX-10.5-DISTRIBUTOR AGREEMENT,"By either Vendor or Distributor, upon written notice of termination of this Agreement no later than ninety (90) calendar days prior to the expiration of the relevant Term, then in effect;",Notice Period To Terminate Renewal,Notice Period To Terminate Renewal,0.9210766553878784,Notice Period To Terminate Renewal,False
ENTERTAINMENTGAMINGASIAINC_02_15_2005-EX-10.5-DISTRIBUTOR AGREEMENT,DISTRIBUTOR AGREEMENT,Document Name,Document Name,0.9973639845848083,Document Name,False
ENTERTAINMENTGAMINGASIAINC_02_15_2005-EX-10.5-DISTRIBUTOR AGREEMENT,Distributor,Parties,Parties,0.995665967464447,Parties,False
ENTERTAINMENTGAMINGASIAINC_02_15_2005-EX-10.5-DISTRIBUTOR AGREEMENT,"Distributor agrees not to use in any manner whatsoever the marks, logos, images and copy of Vendor following the expiration or termination of this Agreement, except as may be needed to sell any Products remaining in Distributor's inventory.",Post-Termination Services,Post-Termination Services,0.9916203022003174,Post-Termination Services,False
ENTERTAINMENTGAMINGASIAINC_02_15_2005-EX-10.5-DISTRIBUTOR AGREEMENT,"Distributor agrees that, without the prior written consent of the Vendor, for a period beginning from the date of this Agreement and ending three (3) years after the termination of this Agreement, neither Distributor nor any of its affiliates or representatives will: (1) employ or solicit to employ any of the employees of Vendor; or (2) encourage of the employees of the Vendor or its subsidiaries to leave the employment of Vendor; provided, however, this Section shall not apply to any such employee who has been terminated by or left the employment of Vendor prior to the Effective Date or, if employed by Vendor as of the Effective Date, any employee who has not been employed by Vendor for at least one (1) year after the end of such employment.",No-Solicit Of Employees,No-Solicit Of Employees,0.9936805963516235,No-Solicit Of Employees,False
ENTERTAINMENTGAMINGASIAINC_02_15_2005-EX-10.5-DISTRIBUTOR AGREEMENT,"Distributor may, no later than one hundred and twenty (120) calendar days after a Product is sold by Distributor to a customer, return to Vendor, at Distributor's expense, any Product received by Distributor from Vendor during the 120-day period prior to such return, which Distributor or its customer believes to be defective.",Warranty Duration,Warranty Duration,0.9913329482078552,Warranty Duration,False
ENTERTAINMENTGAMINGASIAINC_02_15_2005-EX-10.5-DISTRIBUTOR AGREEMENT,Distributor shall not be liable for any losses or damages incurred by Vendor as a result of Distributor's failure to meet its obligations under Section 5.1 of this Agreement.,Cap On Liability,Cap On Liability,0.9901300072669983,Cap On Liability,False
ENTERTAINMENTGAMINGASIAINC_02_15_2005-EX-10.5-DISTRIBUTOR AGREEMENT,"Distributor shall not obtain, purchase, receive or source any other card shuffling machine from any third party or other source under any circumstance other than from Vendor with the exception of all Shuffle Master, Inc. shuffling machines which are held in stock at the Effective Date which Distributor is free to sell, rent purchase or lease until all of the said stock has been depleted.",Exclusivity,Exclusivity,0.910393238067627,Exclusivity,False
ENTERTAINMENTGAMINGASIAINC_02_15_2005-EX-10.5-DISTRIBUTOR AGREEMENT,"Distributor shall not sell or otherwise transfer any of the rights granted pursuant to this Agreement to any third party without the prior written consent of Vendor; provided, however, Distributor may enter into distribution arrangements with regional distributors within the Territory in its efforts to promote, advertise and distribute the Products in accordance with this Agreement;",Anti-Assignment,Anti-Assignment,0.9817313551902771,Anti-Assignment,False
ENTERTAINMENTGAMINGASIAINC_02_15_2005-EX-10.5-DISTRIBUTOR AGREEMENT,"In consideration for the purchase of the Products by Distributor from Vendor, Vendor grants Distributor the exclusive right to market, sell, rent, lease, service and maintain the Products and all improvements thereon within the Territory (as defined herein) according to the terms and conditions as set forth herein.",Exclusivity,Exclusivity,0.978272020816803,Exclusivity,False
ENTERTAINMENTGAMINGASIAINC_02_15_2005-EX-10.5-DISTRIBUTOR AGREEMENT,"In exchange for the exclusive distribution right and license granted to Distributor pursuant to this Agreement, during the Term, Distributor hereby agrees to purchase the Products from Vendor, where such Products are fit for purpose and ready for sale in the Territory, as determined by Distributor, as follows: 5.1.1. As of the Effective Date, one hundred (100) units of the PokerOne™ Shuffler at a price of Four Thousand Nine Hundred Dollars ($4,950.00 U.S.) per unit, where Vendor shall ship the units no later than the end of January 2005; 5.1.2. Upon the delivery of two (2) units of the Random Plus™ Shuffler to Distributor and the expiration of a review period ending thirty (30) calendar days after the receipt of delivery by Distributor,, where such review by Distributor determines that the Random Plus™ Shuffler is fit for purpose and ready for commercial sale in the Territory, one hundred (100) units of the Random Plus™ Shuffler at a price of Four Thousand Nine Hundred Fifty Dollars ($4,950.00 U.S.) per unit, where Vendor shall ship the units no later than 30 days after the review period; -5- 5.1.3. Upon the receipt of any necessary approvals or approval waivers and the expiration of a review period ending thirty (30) calendar days after the receipt of delivery by Distributor of two (2) units of the Continuous Plus™ Shuffler, where such review by Distributor determines that the Continuous Plus™ Shuffler is fit for purpose and ready for commercial sale in the Territory, one hundred (100) units of the Continuous Plus™ Shuffler at a price of Five Thousand Nine Hundred Fifty Dollars ($5,950.00 U.S.); 5.1.4. Within thirty (30) days of the one (1) year anniversary of the Effective Date, an additional two hundred (200) units of the Products comprising any mix of the shuffler products offered by Vendor; and 5.1.5. Any additional number of units of the Products as may be submitted by Distributor to Vendor pursuant to a Purchase Order (as defined herein).",Exclusivity,Exclusivity,0.9479489922523499,Exclusivity,False
ENTERTAINMENTGAMINGASIAINC_02_15_2005-EX-10.5-DISTRIBUTOR AGREEMENT,"In exchange for the exclusive distribution right and license provided in Section 2 of this Agreement, Distributor hereby agrees during the Term to use its best commercial efforts to promote, advertise and distribute the Products throughout the Territory, including, without limitation, the following:",Exclusivity,Exclusivity,0.9780414700508118,Exclusivity,False
ENTERTAINMENTGAMINGASIAINC_02_15_2005-EX-10.5-DISTRIBUTOR AGREEMENT,"In exchange for the marketing and selling of the Products provided in Section 3, Vendor hereby agrees:",Non-Compete,Other,0.3329533636569977,LOW_CONFIDENCE,True
ENTERTAINMENTGAMINGASIAINC_02_15_2005-EX-10.5-DISTRIBUTOR AGREEMENT,"In exchange for the marketing and selling of the Products provided in Section 3, Vendor hereby agrees: 4.1. To provide Distributor with the appropriate product brochures, and two (2) fully working and fit for purpose samples of each model of shuffling machine free of charge; 4.2. To prominently display and advertise that Distributor is the sole and exclusive distributor of Vendor for the Products in the Territory; 4.3. Subject to Section 2.6 of this Agreement, not to market, distribute, sell or supply the Products covered by this Agreement to any individual or entity in the Territory directly in response to a request from that person or entity without the prior written consent of Distributor; 4.4. Subject to Section 4.5 of this Agreement, for a period of twenty-four (24) months after the Effective Date, not to develop, manufacture, market, distribute, sell or supply anywhere in the world to any individual or entity a gaming chip-sorting machine for use in a casino; and",Exclusivity,Exclusivity,0.9736026525497437,Exclusivity,False
ENTERTAINMENTGAMINGASIAINC_02_15_2005-EX-10.5-DISTRIBUTOR AGREEMENT,"In the event of the termination of this Agreement for any reason whatsoever, the exclusive distribution right and license granted to Distributor pursuant to this Agreement shall automatically revert to Vendor as Vendor's sole property.",License Grant,Ip Ownership Assignment,0.9874098896980286,Ip Ownership Assignment,False
ENTERTAINMENTGAMINGASIAINC_02_15_2005-EX-10.5-DISTRIBUTOR AGREEMENT,"In the event that Vendor is forced to allocate the distribution of the Products due to limited supply, Distributor shall be treated no less favorably than any other distributor and shall receive its pro rata allocation of the Products.",Most Favored Nation,Most Favored Nation,0.9865476489067078,Most Favored Nation,False
ENTERTAINMENTGAMINGASIAINC_02_15_2005-EX-10.5-DISTRIBUTOR AGREEMENT,"In the event that this Agreement is terminated pursuant to either Section 1.1.4 or 1.1.5 of this Agreement, this shall not of itself be deemed a breach hereof but Distributor shall have the right to receive monthly compensation from Vendor, or successor to the Vendor, representing the amount of profit to Distributor lost as a result of the termination (the ""Monthly Compensation"").",Post-Termination Services,Liquidated Damages,0.985824465751648,Liquidated Damages,False
ENTERTAINMENTGAMINGASIAINC_02_15_2005-EX-10.5-DISTRIBUTOR AGREEMENT,"January 21, 2005",Effective Date,Agreement Date,0.5619810819625854,LOW_CONFIDENCE,True
ENTERTAINMENTGAMINGASIAINC_02_15_2005-EX-10.5-DISTRIBUTOR AGREEMENT,"Neither party shall be liable to the other for lost profits or indirect, special consequential or punitive damages of any kind arising in connection with the manufacture, sale and distribution of the products, even if such party has been advised of the possibility of such damages.",Cap On Liability,Cap On Liability,0.9902273416519165,Cap On Liability,False
ENTERTAINMENTGAMINGASIAINC_02_15_2005-EX-10.5-DISTRIBUTOR AGREEMENT,"No assignment by either Party of any rights, including rights to money due or to become due under this Agreement, or delegation of any duties under this Agreement or under any purchase orders subject to this Agreement, shall be binding on the nonassigning Party unless and until a written consent has been obtained from the nonassigning Party.",Anti-Assignment,Anti-Assignment,0.9887380599975586,Anti-Assignment,False
ENTERTAINMENTGAMINGASIAINC_02_15_2005-EX-10.5-DISTRIBUTOR AGREEMENT,"Subject to Section 1.6, by Vendor (or successor to Vendor), upon written notice to Distributor of a change of control of Vendor and the election by Vendor (or successor to Vendor) to terminate this Agreement, where a ""change of control"" shall mean a change in ownership of the Vendor such that an unaffiliated third party acquires a majority of the voting power of Vendor;",Change Of Control,Change Of Control,0.9886154532432556,Change Of Control,False
ENTERTAINMENTGAMINGASIAINC_02_15_2005-EX-10.5-DISTRIBUTOR AGREEMENT,"Subject to the mutual agreement of Vendor and Distributor, in the event that Vendor provides a new sales lead to Distributor that results in the sale of the Products, Distributor shall pay to Vendor a commission equal to twenty-five percent (25%) of the gross profit for the Products, where gross profit shall mean the difference between the price paid by the customer (where Distributor will determine the customer price for the Products on a case by case basis) and the price paid by Distributor for the Products.",Revenue/Profit Sharing,Revenue/Profit Sharing,0.9940733313560486,Revenue/Profit Sharing,False
ENTERTAINMENTGAMINGASIAINC_02_15_2005-EX-10.5-DISTRIBUTOR AGREEMENT,Technical Casino Supplies Ltd,Parties,Parties,0.9968168139457703,Parties,False
ENTERTAINMENTGAMINGASIAINC_02_15_2005-EX-10.5-DISTRIBUTOR AGREEMENT,"The Monthly Compensation shall be paid for the remaining monthly periods remaining in the Term, as if the termination of this Agreement had not occurred, or twenty four (24) calendar months, which ever period is less, where payment shall be made no later than thirty (30) calendar days after the end of the relevant monthly period.",Post-Termination Services,Post-Termination Services,0.9696869850158691,Post-Termination Services,False
ENTERTAINMENTGAMINGASIAINC_02_15_2005-EX-10.5-DISTRIBUTOR AGREEMENT,This Agreement may be terminated subject to the following clauses:,Change Of Control,Change Of Control,0.8036056756973267,Change Of Control,False
ENTERTAINMENTGAMINGASIAINC_02_15_2005-EX-10.5-DISTRIBUTOR AGREEMENT,"This Agreement may be terminated subject to the following clauses: 1.1.1. By either Vendor or Distributor, upon written notice of termination of this Agreement no later than ninety (90) calendar days prior to the expiration of the relevant Term, then in effect;",Termination For Convenience,Notice Period To Terminate Renewal,0.8776355385780334,Notice Period To Terminate Renewal,False
ENTERTAINMENTGAMINGASIAINC_02_15_2005-EX-10.5-DISTRIBUTOR AGREEMENT,"This Agreement shall be governed by, construed in accordance with the laws of Ontario, Canada.",Governing Law,Governing Law,0.9974746108055115,Governing Law,False
ENTERTAINMENTGAMINGASIAINC_02_15_2005-EX-10.5-DISTRIBUTOR AGREEMENT,VendingData Corporation,Parties,Parties,0.996766209602356,Parties,False
ENTERTAINMENTGAMINGASIAINC_02_15_2005-EX-10.5-DISTRIBUTOR AGREEMENT,Vendor,Parties,Parties,0.9960592985153198,Parties,False
ENTERTAINMENTGAMINGASIAINC_02_15_2005-EX-10.5-DISTRIBUTOR AGREEMENT,"Vendor agrees that, without the prior written consent of the Distributor, for a period beginning from the date of this Agreement and ending three (3) years after the termination of this Agreement, neither Vendor nor any of its affiliates or representatives will: (1) employ or solicit to employ any of the employees of Distributor; or (2) encourage of the employees of the Distributor or its subsidiaries to leave the employment of Distributor; provided, however, this Section shall not apply to any such employee who has been terminated by or left the employment of Distributor prior to the Effective Date or, if employed by Distributor as of the Effective Date, any employee who has not been employed by Distributor for at least one (1) year after the end of such employment.",No-Solicit Of Employees,No-Solicit Of Employees,0.9936606287956238,No-Solicit Of Employees,False
ENTERTAINMENTGAMINGASIAINC_02_15_2005-EX-10.5-DISTRIBUTOR AGREEMENT,Vendor will provide an initial supply of spare Products and parts as Distributor may reasonably required in accordance with Sections 8 and 10.3 to permit Distributor to offer a six-month warranty on the Products to customers and to enable Distributor to provide a warranty service to customers,Warranty Duration,Warranty Duration,0.9924145340919495,Warranty Duration,False
ENTRUSTINC_07_24_1998-EX-10.5-STRATEGIC ALLIANCE AGREEMENT,"""Entrust Patents"" shall mean all Patents: (i) which are owned or controlled at --------------- any time during the Patent License Term by Entrust or any Entrust Subsidiary; or (ii) with respect to which, and to the extent to which, Entrust or any Entrust Subsidiary shall at any time during the Patent License Term have the right to grant the licenses and rights which are granted herein by Entrust. The Entrust Patents as of the Effective Date are set forth in Exhibit A of the NTL Transfer Agreement.",Affiliate License-Licensor,Affiliate License-Licensor,0.9363235831260681,Affiliate License-Licensor,False
ENTRUSTINC_07_24_1998-EX-10.5-STRATEGIC ALLIANCE AGREEMENT,"""Nortel Patents"" shall mean all Patents other than Patents included in NTL -------------- Technology: (i) which are owned or controlled at any time during the Patent License Term by Nortel or any Nortel Subsidiary; or (ii) with respect to which, and to the extent to which, Nortel or any Nortel Subsidiary shall at any time during the Patent License Term have the right to grant the licenses and rights which are herein granted by Nortel including through cross licenses or otherwise.",Affiliate License-Licensor,Affiliate License-Licensor,0.9440242648124695,Affiliate License-Licensor,False
ENTRUSTINC_07_24_1998-EX-10.5-STRATEGIC ALLIANCE AGREEMENT,"(c) to make and have made, to use and have used, and to maintain machines, tools, materials and other manufacturing instrumentalities, and to use and have used methods and processes, insofar as such machines, tools, materials, other manufacturing instrumentalities, methods and processes are involved in or incidental to the development, manufacture, installation, testing, maintenance or repair of Licensed Products, or to the training of personnel in the use of such Licensed Products; provided, however, that the rights granted in this Section 6.03(c) shall not serve to enlarge the scope of the rights granted in Section 6.03(b);",License Grant,License Grant,0.9756719470024109,License Grant,False
ENTRUSTINC_07_24_1998-EX-10.5-STRATEGIC ALLIANCE AGREEMENT,1996,Agreement Date,Agreement Date,0.5522114038467407,LOW_CONFIDENCE,True
ENTRUSTINC_07_24_1998-EX-10.5-STRATEGIC ALLIANCE AGREEMENT,"31 December,",Agreement Date,Effective Date,0.39328116178512573,LOW_CONFIDENCE,True
ENTRUSTINC_07_24_1998-EX-10.5-STRATEGIC ALLIANCE AGREEMENT,Any rights or license granted under this Article VI to a ----------------- corporation or other legal entity which becomes a Subsidiary of a Party at a date later than the Effective Date shall become effective as of the date upon which such corporation or other legal entity becomes a Subsidiary of such Party.,Affiliate License-Licensee,Effective Date,0.49649888277053833,LOW_CONFIDENCE,True
ENTRUSTINC_07_24_1998-EX-10.5-STRATEGIC ALLIANCE AGREEMENT,"During the life of the Reseller Agreement, ----------------------- it is the intention of ETI that the terms of the Reseller Agreement shall be no less favourable to Nortel than the terms in effect with any of Entrust's resellers of Entrust Products at the time the Reseller Agreement is executed.",Most Favored Nation,Most Favored Nation,0.989327073097229,Most Favored Nation,False
ENTRUSTINC_07_24_1998-EX-10.5-STRATEGIC ALLIANCE AGREEMENT,ENTRUST TECHNOLOGIES INC.,Parties,Parties,0.9969149827957153,Parties,False
ENTRUSTINC_07_24_1998-EX-10.5-STRATEGIC ALLIANCE AGREEMENT,ETI,Parties,Parties,0.9957127571105957,Parties,False
ENTRUSTINC_07_24_1998-EX-10.5-STRATEGIC ALLIANCE AGREEMENT,"ETI's liability to Nortel arising from or relating to the intellectual property indemnity set forth in the Enterprise License shall not exceed 50% (fifty percent) of the monies paid by Nortel thereunder to a maximum of U.S.$1,000,000 (one million U.S. dollars).",Cap On Liability,Cap On Liability,0.9855587482452393,Cap On Liability,False
ENTRUSTINC_07_24_1998-EX-10.5-STRATEGIC ALLIANCE AGREEMENT,"ETI, on behalf of Entrust, grants to NTL and its ------------ Affiliates (as defined in the Enterprise License) a non-exclusive, fully paid- up, worldwide, perpetual license to use an unlimited number of copies of the Entrust Products subject to the terms and conditions of an agreement to be concluded between NTL and ETI promptly after the Effective Date in substantially the form of the license set forth in Exhibit B (the ""Enterprise License"") save ------------------ as amended to comply with the provisions of this Article III.",Unlimited/All-You-Can-Eat-License,Unlimited/All-You-Can-Eat-License,0.9009143114089966,Unlimited/All-You-Can-Eat-License,False
ENTRUSTINC_07_24_1998-EX-10.5-STRATEGIC ALLIANCE AGREEMENT,"Each Grantor undertakes not to assert any -------------------- claim for Patent infringement with respect to use and maintenance of Licensed Products against any end user, customer or distributor of Grantee, or any subsequent vendee, lessee, or transferee to the extent the Licensed Products have been acquired from Grantee after the Effective Date and are used for the purpose for which they predominantly have been made (without modification or amendment).",Covenant Not To Sue,Covenant Not To Sue,0.9911496639251709,Covenant Not To Sue,False
ENTRUSTINC_07_24_1998-EX-10.5-STRATEGIC ALLIANCE AGREEMENT,"Each Party's rights under this Agreement are ---------------- personal to that Party and that Party shall not assign, sublet or otherwise transfer any right or interest under this Agreement to anyone, without the prior written consent of the other Party, which shall not be unreasonably withheld.",Anti-Assignment,Anti-Assignment,0.9882979989051819,Anti-Assignment,False
ENTRUSTINC_07_24_1998-EX-10.5-STRATEGIC ALLIANCE AGREEMENT,"Except as otherwise provided in this Agreement, this ---- Agreement shall terminate on the later of (i) the third anniversary of the Effective Date or (ii) the date on which ETI ceases to be a Subsidiary of NTL.",Expiration Date,Expiration Date,0.9786059260368347,Expiration Date,False
ENTRUSTINC_07_24_1998-EX-10.5-STRATEGIC ALLIANCE AGREEMENT,"Except for breach of Article ------------------------------- VIII and for Article XII, in no event shall either Party be liable to the other Party for any indirect, incidental and/or consequential damages resulting from a breach of this agreement, including without limitation lost business, lost savings, and lost profits even if the breaching Party has been advised of the possibility of the occurrence of such damages.",Uncapped Liability,Uncapped Liability,0.9853953123092651,Uncapped Liability,False
ENTRUSTINC_07_24_1998-EX-10.5-STRATEGIC ALLIANCE AGREEMENT,"For any cause of action arising under this --------------- Agreement, Nortel's liability to Entrust, and Entrust's liability to Nortel shall not exceed U.S.$5,000,000.",Cap On Liability,Cap On Liability,0.9863872528076172,Cap On Liability,False
ENTRUSTINC_07_24_1998-EX-10.5-STRATEGIC ALLIANCE AGREEMENT,"For so long as ETI remains a Subsidiary ----------------------- of NTL, it is the intention of ETI that the terms of the Source Code License be no less favourable to Nortel than the terms then in effect with any of Entrust's source code licensees that receives substantially similar rights taking into account the relative size of the licensee and Entrust's potential benefits.",Most Favored Nation,Most Favored Nation,0.9810172915458679,Most Favored Nation,False
ENTRUSTINC_07_24_1998-EX-10.5-STRATEGIC ALLIANCE AGREEMENT,In no event shall either Party be liable for any special or punitive damages arising from breach of this Agreement.,Cap On Liability,Cap On Liability,0.9902730584144592,Cap On Liability,False
ENTRUSTINC_07_24_1998-EX-10.5-STRATEGIC ALLIANCE AGREEMENT,NORTHERN TELECOM LIMITED,Parties,Parties,0.9968923926353455,Parties,False
ENTRUSTINC_07_24_1998-EX-10.5-STRATEGIC ALLIANCE AGREEMENT,NTL,Parties,Parties,0.9965840578079224,Parties,False
ENTRUSTINC_07_24_1998-EX-10.5-STRATEGIC ALLIANCE AGREEMENT,"Notwithstanding any provision of the Source Code ----------------- License, ETI shall not be required to honour any product warranty or intellectual property indemnity set forth in the Source Code License, to the extent that such breach of warranty or indemnity relates to a defect in any of the Entrust Products as of the Effective Date or the infringement or misappropriation of any third party rights incorporated into the Entrust Products as of the Effective Date.",Cap On Liability,Source Code Escrow,0.9841952323913574,Source Code Escrow,False
ENTRUSTINC_07_24_1998-EX-10.5-STRATEGIC ALLIANCE AGREEMENT,"Notwithstanding the foregoing, each of Nortel's and Entrust's liability to the other Party for breach of Article II shall not exceed U.S.$10,000,000.",Cap On Liability,Cap On Liability,0.9331495761871338,Cap On Liability,False
ENTRUSTINC_07_24_1998-EX-10.5-STRATEGIC ALLIANCE AGREEMENT,STRATEGIC ALLIANCE AGREEMENT,Document Name,Document Name,0.997391939163208,Document Name,False
ENTRUSTINC_07_24_1998-EX-10.5-STRATEGIC ALLIANCE AGREEMENT,"Sections 6.01 and 6.02 (each such license being a ""Patent License"") include the",License Grant,License Grant,0.9715397953987122,License Grant,False
ENTRUSTINC_07_24_1998-EX-10.5-STRATEGIC ALLIANCE AGREEMENT,"Subject to the terms and -------------------------------- conditions of this Agreement, NTL, to the extent of its legal right to do so, hereby grants to Entrust under the Nortel Patents, a non-transferable, non- assignable, indivisible, non-exclusive, royalty-free, worldwide license for Licensed Products and Licensed Services.",Affiliate License-Licensor,Non-Transferable License,0.9780314564704895,Non-Transferable License,False
ENTRUSTINC_07_24_1998-EX-10.5-STRATEGIC ALLIANCE AGREEMENT,"Subject to the terms and ----------------------------------- conditions of this Agreement, Entrust, to the extent of its legal right to do so, hereby grants to Nortel, under the Entrust Patents, an irrevocable, non- transferable, non-assignable, indivisible, non-exclusive, royalty-free, worldwide license for Licensed Products and Licensed Services.",Affiliate License-Licensor,Irrevocable Or Perpetual License,0.9302603602409363,Irrevocable Or Perpetual License,False
ENTRUSTINC_07_24_1998-EX-10.5-STRATEGIC ALLIANCE AGREEMENT,The licenses granted hereunder do not --------------------------- include for the Grantee the right to grant sublicenses to any third party except as expressly provide in Section 6.03.,Non-Transferable License,Non-Transferable License,0.9001044631004333,Non-Transferable License,False
ENTRUSTINC_07_24_1998-EX-10.5-STRATEGIC ALLIANCE AGREEMENT,The licenses granted pursuant to,License Grant,License Grant,0.8892093300819397,License Grant,False
ENTRUSTINC_07_24_1998-EX-10.5-STRATEGIC ALLIANCE AGREEMENT,"This Agreement shall be governed by and be --------- ---- construed in accordance with the laws of the Province of Ontario, Canada.",Governing Law,Governing Law,0.9975046515464783,Governing Law,False
ENTRUSTINC_07_24_1998-EX-10.5-STRATEGIC ALLIANCE AGREEMENT,"following rights: (a) to make, use, lease, sell or otherwise dispose of, maintain and repair, Licensed Products, to license the use of Licensed Products made by or for Grantee, to practice any process involved in the manufacture or use of Licensed Products, and to provide Licensed Services; (b) to have made Licensed Products by another manufacturer for the use, lease, sale, disposal or transfer by Grantee, but only when both of the following conditions are met: (i) the designs, specifications and working drawings for the manufacture of such Licensed Products are furnished by Grantee; and (ii) such designs, specifications and working drawings are in sufficient detail that no additional design by the manufacturer is required other than adaptation to the production processes and standards normally used by the manufacturer which change the characteristics of the products only to a negligible extent;",License Grant,License Grant,0.9710686802864075,License Grant,False
FEDERATEDGOVERNMENTINCOMESECURITIESINC_04_28_2020-EX-99.SERV AGREE-SERVICES AGREEMENT_AMENDMENT,AMENDMENT TO SERVICES AGREEMENT,Document Name,Document Name,0.9973976612091064,Document Name,False
FEDERATEDGOVERNMENTINCOMESECURITIESINC_04_28_2020-EX-99.SERV AGREE-SERVICES AGREEMENT_AMENDMENT,Adviser,Parties,Parties,0.9961183071136475,Parties,False
FEDERATEDGOVERNMENTINCOMESECURITIESINC_04_28_2020-EX-99.SERV AGREE-SERVICES AGREEMENT_AMENDMENT,FASC,Parties,Parties,0.9965818524360657,Parties,False
FEDERATEDGOVERNMENTINCOMESECURITIESINC_04_28_2020-EX-99.SERV AGREE-SERVICES AGREEMENT_AMENDMENT,FEDERATED ADVISORY SERVICES COMPANY,Parties,Parties,0.9966371059417725,Parties,False
FEDERATEDGOVERNMENTINCOMESECURITIESINC_04_28_2020-EX-99.SERV AGREE-SERVICES AGREEMENT_AMENDMENT,FEDERATED INVESTMENT MANAGEMENT COMPANY,Parties,Parties,0.9967267513275146,Parties,False
FEDERATEDGOVERNMENTINCOMESECURITIESINC_04_28_2020-EX-99.SERV AGREE-SERVICES AGREEMENT_AMENDMENT,"March 30, 2009",Effective Date,Effective Date,0.5710872411727905,LOW_CONFIDENCE,True
FEDERATEDGOVERNMENTINCOMESECURITIESINC_04_28_2020-EX-99.SERV AGREE-SERVICES AGREEMENT_AMENDMENT,This Amendment shall be governed by and construed in accordance with the laws of the Commonwealth of Pennsylvania.,Governing Law,Governing Law,0.9975104331970215,Governing Law,False
"FOUNDATIONMEDICINE,INC_02_02_2015-EX-10.2-Collaboration Agreement","(""Roche US""; Roche Basel and Roche US together referred to as ""Roche"")",Parties,Parties,0.9960175156593323,Parties,False
"FOUNDATIONMEDICINE,INC_02_02_2015-EX-10.2-Collaboration Agreement","All information, data documents and abstracts herein referred to shall be used only for the purpose of verifying payment obligations, shall be treated as the audited Party's Confidential Information subject to the obligations of this Agreement and need neither be retained more than [… ***…] after completion of an audit hereof, if an audit has been requested; nor more than […***…] from the end of the […***…] to which each shall pertain; nor more than […***…] after the date of termination of this Agreement.",Audit Rights,Audit Rights,0.9859758019447327,Audit Rights,False
"FOUNDATIONMEDICINE,INC_02_02_2015-EX-10.2-Collaboration Agreement","At least […***…] during the time a Work Stream remains in effect, unless otherwise agreed by the Parties, FMI shall have the obligation to prepare and provide to the JRDC a summary presentation on the progress of the work performed by FMI in the course of each Work Stream during the preceding […***…].",Audit Rights,Minimum Commitment,0.9500129818916321,Minimum Commitment,False
"FOUNDATIONMEDICINE,INC_02_02_2015-EX-10.2-Collaboration Agreement","At the expense of the auditing Party, the auditing Party shall have the right to engage an internationally recognized, independent public accountant reasonably accept able to the other Party to perform, on behalf of such Party an audit of such books and records of the audited Party and its Affiliates, its licensees and Sublicensees, that are deemed necessary for the period or periods requested by the auditing Party and the correctness of any financial report or payments made under this Agreement, including with respect to benefits and terms complying with the most favored",Audit Rights,Audit Rights,0.995536208152771,Audit Rights,False
"FOUNDATIONMEDICINE,INC_02_02_2015-EX-10.2-Collaboration Agreement",Collaboration Agreement,Document Name,Document Name,0.9973402619361877,Document Name,False
"FOUNDATIONMEDICINE,INC_02_02_2015-EX-10.2-Collaboration Agreement","Each Party grants to the other Party during the time that a Work Stream is in effect, a non-exclusive right and license under Know-How and Patent Rights, including the Background IP, Controlled by such Party and that are necessary or useful solely to enable the other Party to perform the activities contemplated under this Agreement; […***…].",License Grant,License Grant,0.9611868262290955,License Grant,False
"FOUNDATIONMEDICINE,INC_02_02_2015-EX-10.2-Collaboration Agreement","Each Party shall keep, and shall require its Affiliates and Sublicensees to keep, full, true and accurate books of account containing all particulars that may be necessary for the purpose of calculating all payments payable under this Agreement, including, for Roche, the right to audit materials necessary to ensure compliance with the most favored customer provisions of Article 5.",Audit Rights,Audit Rights,0.9947196245193481,Audit Rights,False
"FOUNDATIONMEDICINE,INC_02_02_2015-EX-10.2-Collaboration Agreement","Effective after the Immunotherapy Exclusivity Period, Roche hereby grants to FMI a non-exclusive, royalty-free, worldwide, perpetual, and sublicensable to Affiliates, license to any intellectual property arising from the Immunotherapy Testing Platform Development Program Controlled by Roche (excluding Roche Immunotherapy Sample Results) to the extent necessary",Affiliate License-Licensee,Affiliate License-Licensor,0.529141366481781,LOW_CONFIDENCE,True
"FOUNDATIONMEDICINE,INC_02_02_2015-EX-10.2-Collaboration Agreement","Except for Excepted Activities, for the lesser of (i) […***…] after the Effective Date or (ii) […***…] (the ""Immunotherapy Exclusivity Period""), FMI will work exclusively with Roche with respect to […***…]. Except with regard to Excepted Activities, FMI will not (i) work directly or indirectly with any Third Party in the field of […***…], (ii) use for the benefit of any Third Party the […***…] or (iii) transfer to or otherwise enable any Third Party to make use of any data, technology or results from the Immunotherapy Testing Platform Development Program for […***…].",Exclusivity,Exclusivity,0.9551572203636169,Exclusivity,False
"FOUNDATIONMEDICINE,INC_02_02_2015-EX-10.2-Collaboration Agreement",F. Hoffmann-La Roche Ltd,Parties,Parties,0.9965595602989197,Parties,False
"FOUNDATIONMEDICINE,INC_02_02_2015-EX-10.2-Collaboration Agreement",FMI,Parties,Parties,0.9966559410095215,Parties,False
"FOUNDATIONMEDICINE,INC_02_02_2015-EX-10.2-Collaboration Agreement","FMI agrees that the pricing terms for Products and Services provided by FMI to Roche herein, and services provided under the Molecular Information Platform Program, are, and will be, at least as favorable as the pricing terms granted by FMI to any existing customer or collaborator for such (or substantially similar) products or services.",Most Favored Nation,Most Favored Nation,0.9903860092163086,Most Favored Nation,False
"FOUNDATIONMEDICINE,INC_02_02_2015-EX-10.2-Collaboration Agreement",FMI and Roche shall jointly own all Joint Inventions.,Joint Ip Ownership,Joint Ip Ownership,0.9888462424278259,Joint Ip Ownership,False
"FOUNDATIONMEDICINE,INC_02_02_2015-EX-10.2-Collaboration Agreement","FMI hereby grants to Roche (i) an exclusive, royalty-free, sublicensable, worldwide and perpetual license to any intellectual property rights arising from the ctDNA Development Platform Program that are necessary for Roche to develop, make, have made, use, offer for sale, sell, import and commercialize Roche products other than diagnostic products (including the use, formulation, methods of treatment, clinical data or other data, information or results relating to the Roche therapeutic product) solely for use in connection with such activities and such Roche products and (ii) a non-exclusive, royalty-free, worldwide and perpetual license, with the right to grant sublicenses solely to Roche Affiliates, to any intellectual property rights arising from the ctDNA Development Platform Program, for internal research purposes.",Exclusivity,Affiliate License-Licensor,0.49686551094055176,LOW_CONFIDENCE,True
"FOUNDATIONMEDICINE,INC_02_02_2015-EX-10.2-Collaboration Agreement","FMI hereby grants to Roche (i) an exclusive, royalty-free, sublicensable, worldwide and perpetual license to any intellectual property rights arising from the ctDNA Development Platform Program that are necessary for Roche to develop, make, have made, use, offer for sale, sell, import and commercialize Roche products other than diagnostic products (including the use, formulation, methods of treatment, clinical data or other data, information or results relating to the Roche therapeutic product) solely for use in connection with such activities and such Roche products and (ii) a non-exclusive, royalty-free, worldwide and perpetual license, with the right to grant sublicenses solely to Roche Affiliates, to any intellectual property rights arising from the ctDNA Development Platform Program, for internal research purposes. Roche hereby grants to FMI a non-exclusive, royalty-free, worldwide, perpetual, and sublicensable license to any IP Controlled by Roche and developed under the ctDNA Platform Development Program (excluding Roche Immunotherapy Sample Results) to the extent necessary for FMI to research, develop, make, have made, use, offer for sale, sell, import and commercialize the ctDNA Assays.",Irrevocable Or Perpetual License,Affiliate License-Licensor,0.5816234350204468,LOW_CONFIDENCE,True
"FOUNDATIONMEDICINE,INC_02_02_2015-EX-10.2-Collaboration Agreement","FMI hereby grants to Roche a non-exclusive license under the FMI CDx IP for internal research purposes, and to the extent necessary to research, develop, make, have made, use, offer for sale, sell, import and commercialize Roche products other than diagnostic products.",License Grant,License Grant,0.9860155582427979,License Grant,False
"FOUNDATIONMEDICINE,INC_02_02_2015-EX-10.2-Collaboration Agreement","FMI hereby grants to Roche a non-exclusive, royalty-free, worldwide and perpetual license, sublicensable to Roche's Affiliates under any FMI Improvements for Roche's internal research purposes and to develop, make, have made, use, offer for sale, sell, import and commercialize Roche's products and services other than diagnostic products and services.",Irrevocable Or Perpetual License,Affiliate License-Licensee,0.5009567737579346,LOW_CONFIDENCE,True
"FOUNDATIONMEDICINE,INC_02_02_2015-EX-10.2-Collaboration Agreement","FMI hereby grants to Roche a non-exclusive, royalty-free, worldwide, perpetual, and sublicensable license to any intellectual property arising from the Immunotherapy Testing Platform Program Controlled by FMI for internal research purposes and to the extent necessary for Roche to research, develop, make, have made, use, offer for sale, sell, import and commercialize Roche products other than diagnostic products.",Irrevocable Or Perpetual License,Irrevocable Or Perpetual License,0.8704280257225037,Irrevocable Or Perpetual License,False
"FOUNDATIONMEDICINE,INC_02_02_2015-EX-10.2-Collaboration Agreement",FMI shall assign to Roche its rights to any intellectual property in or arising from the Sample Results (except for FMI Improvements).,Ip Ownership Assignment,Ip Ownership Assignment,0.9872726798057556,Ip Ownership Assignment,False
"FOUNDATIONMEDICINE,INC_02_02_2015-EX-10.2-Collaboration Agreement","Following the Immunotherapy Exclusivity Period, FMI shall have the right to work with Third Parties in the field of cancer immunotherapy, and to otherwise commercialize the Immuno-Biomarker Discovery Platform, subject to the Related Agreements.",Exclusivity,Exclusivity,0.538748562335968,LOW_CONFIDENCE,True
"FOUNDATIONMEDICINE,INC_02_02_2015-EX-10.2-Collaboration Agreement","For avoidance of doubt, all audits under this Section shall be conducted solely by an independent public accountant as described in the foregoing sentence.",Audit Rights,Audit Rights,0.995520830154419,Audit Rights,False
"FOUNDATIONMEDICINE,INC_02_02_2015-EX-10.2-Collaboration Agreement","Foundation Medicine, Inc",Parties,Parties,0.9968472123146057,Parties,False
"FOUNDATIONMEDICINE,INC_02_02_2015-EX-10.2-Collaboration Agreement",Hoffmann-La Roche Inc,Parties,Parties,0.9966164231300354,Parties,False
"FOUNDATIONMEDICINE,INC_02_02_2015-EX-10.2-Collaboration Agreement","IN NO EVENT SHALL EITHER FMI OR ROCHE BE LIABLE FOR SPECIAL, INDIRECT, INCIDENTAL OR CONSEQUENTIAL DAMAGES ARISING OUT OF THIS AGREEMENT BASED ON CONTRACT, TORT OR ANY OTHER LEGAL THEORY.",Cap On Liability,Cap On Liability,0.9899795055389404,Cap On Liability,False
"FOUNDATIONMEDICINE,INC_02_02_2015-EX-10.2-Collaboration Agreement","If FMI enters into any subsequent agreement with another customer or collaborator which provides for pricing terms for substantially the same product or services at substantially the same (or a lesser) scale, which pricing terms are more favorable than those contained herein, then FMI shall notify Roche and Roche will have the right to modify this agreement to provide Roche with those more favorable pricing terms. […***…].",Most Favored Nation,Most Favored Nation,0.9900492429733276,Most Favored Nation,False
"FOUNDATIONMEDICINE,INC_02_02_2015-EX-10.2-Collaboration Agreement","If FMI is unable or unwilling to develop and commercialize an Immuno Clinical Study assay or CDx assay resulting from the Immunotherapy Testing Platform Development Program in a given country within the Territory as specified in an R&D Plan for any reason other than a breach of this Agreement by Roche, and on the timeline agreed to in such R&D Plan, then, effective on the end of the timeline specified in such R&D Plan, FMI hereby grants to Roche a non-exclusive, royalty-free, perpetual, and sublicensable license under any intellectual property invented by FMI arising from the Immunotherapy Testing Platform Program or the Immunotherapy Testing Platform Development that is necessary for Roche to develop and commercialize such tests in such country in the Territory.",Irrevocable Or Perpetual License,Irrevocable Or Perpetual License,0.6579240560531616,Irrevocable Or Perpetual License,False
"FOUNDATIONMEDICINE,INC_02_02_2015-EX-10.2-Collaboration Agreement","If FMI is unwilling or unable to develop and commercialize a CDx Assay for a given country in the Territory as specified in the R&D Plan, and on the timeline set forth in the relevant R&D Plan, for any reason other than a breach of this Agreement by Roche, then FMI hereby grants to Roche a non-exclusive, royalty-free, sublicensable, and perpetual license under any intellectual property invented by FMI arising from the CDx Development Program that is necessary for Roche to develop and commercialize a CDx Assay equivalent in such country in the Territory.",Irrevocable Or Perpetual License,Irrevocable Or Perpetual License,0.823519766330719,Irrevocable Or Perpetual License,False
"FOUNDATIONMEDICINE,INC_02_02_2015-EX-10.2-Collaboration Agreement",Neither Party shall have the right to assign the present Agreement or any part thereof to any Third Party other than Affiliates without the prior written approval of the other Party.,Anti-Assignment,Anti-Assignment,0.9887416958808899,Anti-Assignment,False
"FOUNDATIONMEDICINE,INC_02_02_2015-EX-10.2-Collaboration Agreement","Not later than the first Business Day of […***…] during the Profiling Term and Profiling Renewal Terms, Roche will provide FMI with a rolling forecast of its estimated requirements for Sample Profiling for the following […***…], the rolling forecast for the […***…] of which shall be deemed to be a binding order for sample volume (including specifications for the number of samples to be run using each of FMI's different tests) (""Binding Orders"").",Minimum Commitment,Minimum Commitment,0.9646156430244446,Minimum Commitment,False
"FOUNDATIONMEDICINE,INC_02_02_2015-EX-10.2-Collaboration Agreement","Promptly upon expiry of such Work Stream, other than the Molecular Information Platform Program, FMI shall provide a final written report summarizing its activities under such Work Stream and the results thereof.",Audit Rights,Post-Termination Services,0.9786714315414429,Post-Termination Services,False
"FOUNDATIONMEDICINE,INC_02_02_2015-EX-10.2-Collaboration Agreement",Roche Basel,Parties,Parties,0.9959098100662231,Parties,False
"FOUNDATIONMEDICINE,INC_02_02_2015-EX-10.2-Collaboration Agreement","Roche hereby grants to FMI a non-exclusive, royalty-free, worldwide and perpetual license, sublicensable to Affiliates, to use the Roche-Owned Advanced Genomic Analysis Results to develop, make, have made, use, offer for sale, sell, import and commercialize FMI's products and services relating to genomic analysis.",Irrevocable Or Perpetual License,Irrevocable Or Perpetual License,0.4388844668865204,LOW_CONFIDENCE,True
"FOUNDATIONMEDICINE,INC_02_02_2015-EX-10.2-Collaboration Agreement","Roche hereby grants to FMI a non-exclusive, royalty-free, worldwide and perpetual license, sublicensable to FMI's Affiliates, under any intellectual property rights arising directly from the Sample Results, or the correlation of the Sample Results to patient data (""Biomarker IP"") (i) to the extent such Biomarker IP becomes publicly known, for internal research purposes, (ii) to the extent such Biomarker IP becomes publicly known, to develop, make, have made, use, offer for sale, sell, import, and commercialize FMI's Products and Services relating to genomic analysis, and (iii) […***…].",Irrevocable Or Perpetual License,Affiliate License-Licensor,0.5515041351318359,LOW_CONFIDENCE,True
"FOUNDATIONMEDICINE,INC_02_02_2015-EX-10.2-Collaboration Agreement","Roche hereby grants to FMI a non-exclusive, royalty-free, worldwide, perpetual, and sublicensable license to any IP Controlled by Roche and developed under the ctDNA Platform Development Program (excluding Roche Immunotherapy Sample Results) to the extent necessary for FMI to research, develop, make, have made, use, offer for sale, sell, import and commercialize the ctDNA Assays.",Irrevocable Or Perpetual License,Irrevocable Or Perpetual License,0.8260215520858765,Irrevocable Or Perpetual License,False
"FOUNDATIONMEDICINE,INC_02_02_2015-EX-10.2-Collaboration Agreement","Roche shall be entitled, upon reasonable notice and during FMI's regular business hours, to visit FMI's facility (and those facilities of its subcontractors), including FMI's CLIA-compliant",Audit Rights,Audit Rights,0.9956879019737244,Audit Rights,False
"FOUNDATIONMEDICINE,INC_02_02_2015-EX-10.2-Collaboration Agreement","Roche shall exclusively own all information, results, and intellectual property from Advanced Genomic Analyses performed on Roche samples (""Roche-Owned Advanced Genomic Analysis Results""), and any inventions arising from the Roche-Owned Advanced Genomic Analysis Results, and FMI will assign all rights to any such inventions to Roche (except for FMI Improvements).",Ip Ownership Assignment,Ip Ownership Assignment,0.9891340136528015,Ip Ownership Assignment,False
"FOUNDATIONMEDICINE,INC_02_02_2015-EX-10.2-Collaboration Agreement","Roche shall exclusively own, and FMI shall assign to Roche, all intellectual property arising from the Immunotherapy Testing Platform Development that Covers methods of treatment, stratifying patients, or identifying patients that would benefit from a particular treatment, and all other methods useful in connection with the therapeutic treatment of a patient.",Ip Ownership Assignment,Ip Ownership Assignment,0.9882291555404663,Ip Ownership Assignment,False
"FOUNDATIONMEDICINE,INC_02_02_2015-EX-10.2-Collaboration Agreement","Roche shall have the right to extend the Immunotherapy Testing Platform Development Program, upon [...***...] written notice to FMI as specified in Section 19.13, for up to six (6)",Renewal Term,Renewal Term,0.9547634720802307,Renewal Term,False
"FOUNDATIONMEDICINE,INC_02_02_2015-EX-10.2-Collaboration Agreement","Roche shall have the right to extend the term of the CDx Development Program, upon […***…] prior written notice to FMI as specified in Section 19.13, for additional three (3) year periods, during any period of time in which Roche is a majority shareholder of FMI.",Renewal Term,Renewal Term,0.9805290102958679,Renewal Term,False
"FOUNDATIONMEDICINE,INC_02_02_2015-EX-10.2-Collaboration Agreement","Roche shall have the right to terminate the Agreement in its entirety, or on a Work Stream-by-Work Stream basis, except for the ctDNA Work Stream, upon […***…] prior written notice, without cause.",Termination For Convenience,Termination For Convenience,0.9851208925247192,Termination For Convenience,False
"FOUNDATIONMEDICINE,INC_02_02_2015-EX-10.2-Collaboration Agreement","Such audit shall not be performed more frequently than […***…] nor more frequently than […***…] with respect to records covering, or impacting in accordance with Article 5, any specific period of time.",Audit Rights,Audit Rights,0.9954788684844971,Audit Rights,False
"FOUNDATIONMEDICINE,INC_02_02_2015-EX-10.2-Collaboration Agreement",Such audits may be conducted up to […***…] and Roche shall use reasonable effort not to disrupt ongoing operations during such audits.,Audit Rights,Audit Rights,0.9955019354820251,Audit Rights,False
"FOUNDATIONMEDICINE,INC_02_02_2015-EX-10.2-Collaboration Agreement","Term may be extended at Roche's option, upon […***…] notice to FMI as specified in Section 19.13, for additional three (3) year periods, during any period of time in which Roche is a majority shareholder of FMI (each a ""Database Renewal Term"").",Renewal Term,Renewal Term,0.9802435636520386,Renewal Term,False
"FOUNDATIONMEDICINE,INC_02_02_2015-EX-10.2-Collaboration Agreement",The Database Insights,Renewal Term,Parties,0.996623158454895,Parties,False
"FOUNDATIONMEDICINE,INC_02_02_2015-EX-10.2-Collaboration Agreement",The initial term of the Immunotherapy Testing Platform Development Program will be five (5) years beginning on the Effective Date.,Expiration Date,Expiration Date,0.9830748438835144,Expiration Date,False
"FOUNDATIONMEDICINE,INC_02_02_2015-EX-10.2-Collaboration Agreement",The initial term of the ctDNA Platform Development Program will be twelve (12) months.,Expiration Date,Expiration Date,0.9804392457008362,Expiration Date,False
"FOUNDATIONMEDICINE,INC_02_02_2015-EX-10.2-Collaboration Agreement","The term ""Agreement Term"" shall mean the period of time commencing on the Effective Date and, unless this Agreement is terminated sooner as provided in Article 17, expiring on the date when all work has been completed or terminated under all R&D Plans.",Expiration Date,Expiration Date,0.982883632183075,Expiration Date,False
"FOUNDATIONMEDICINE,INC_02_02_2015-EX-10.2-Collaboration Agreement","The term ""Effective Date"" shall mean the latest of (a) the date of the last signature of this Agreement, or (b) if a HSR filing is made, the second Business Day immediately following the earlier of: (i) the date upon which the waiting period under HSR expires or terminates early or (ii) the date upon which all requests to the Parties by the Federal Trade Commission or the Justice Department, as the case may be, with regard to the transaction contemplated by this Agreement",Effective Date,Effective Date,0.9372562170028687,Effective Date,False
"FOUNDATIONMEDICINE,INC_02_02_2015-EX-10.2-Collaboration Agreement","The term for Database Insights under Section 3.1.8 shall commence on the Effective Date and continue for five (5) years thereafter (the ""Database Insights Term"").",Expiration Date,Expiration Date,0.9825841784477234,Expiration Date,False
"FOUNDATIONMEDICINE,INC_02_02_2015-EX-10.2-Collaboration Agreement","The term for Sample Profiling set forth in Section 3.1.4 shall commence on the Effective Date and continue for five (5) years thereafter (the ""Profiling Term"").",Expiration Date,Expiration Date,0.9826974272727966,Expiration Date,False
"FOUNDATIONMEDICINE,INC_02_02_2015-EX-10.2-Collaboration Agreement",The term of the CDx Development Program shall be five (5) years.,Expiration Date,Expiration Date,0.9806290864944458,Expiration Date,False
"FOUNDATIONMEDICINE,INC_02_02_2015-EX-10.2-Collaboration Agreement","This Agreement shall be governed by and construed in accordance with the laws of New York, US, without reference to its conflict of laws principles, and shall not be governed by the United Nations Convention of International Contracts on the Sale of Goods (the Vienna Convention).",Governing Law,Governing Law,0.9975112676620483,Governing Law,False
"FOUNDATIONMEDICINE,INC_02_02_2015-EX-10.2-Collaboration Agreement",This Agreement shall commence upon the Effective Date and continue for the Agreement Term.,Expiration Date,Expiration Date,0.9796760082244873,Expiration Date,False
"FOUNDATIONMEDICINE,INC_02_02_2015-EX-10.2-Collaboration Agreement","Upon any termination of the Agreement, a Work Stream (or Approved Marker or Investigational Marker program), or this Agreement under Section 17.2.2, (i) FMI shall promptly return to Roche unused or remaining Samples that were provided for use in a terminated Work Stream (or related to the relevant Approved Marker or Investigational Marker), or, at Roche's option, securely dispose of all such unused or remaining Samples and provide Roche with a written notice of such disposal, (ii) each Party shall wind-down their activities under the Agreement in a manner that is intended to be expeditious and to mitigate losses arising from non-cancellable expenses and financial commitments to Third Parties, (iii) upon any termination by Roche under Section 17.2.3, or by FMI under Section 17.2.1 or Section 17.2.2, that includes the Immunotherapy Testing Platform Development Work Stream, the obligations in Section 3.2.8 shall terminate, (iv) each Party shall continue to Control its own intellectual property, including Patent Rights and Know-How, and Handle its own Patent Rights, and (v) Joint Patent Rights, if any, shall be handled by Roche subject to the provisions of Section 12.4 and 12.6, and each Party shall have the right to fully exploit such Joint Patent Rights.",Post-Termination Services,Post-Termination Services,0.9785732626914978,Post-Termination Services,False
"FOUNDATIONMEDICINE,INC_02_02_2015-EX-10.2-Collaboration Agreement","Upon termination of the Agreement or the Work Stream requiring the use of the Samples, or upon completion of those activities requiring use of the Samples, FMI shall promptly return to Roche unused or remaining Samples, or, at FMI's option, securely dispose of all unused or remaining Samples and provide Roche with a written notice of such disposal.",Post-Termination Services,Post-Termination Services,0.9919933080673218,Post-Termination Services,False
"FOUNDATIONMEDICINE,INC_02_02_2015-EX-10.2-Collaboration Agreement","Upon timely request and at least […***…] prior written notice from the auditing Party, such audit shall be conducted in the countries specifically requested by the auditing Party, during regular business hours in such a manner as to not unnecessarily interfere with the audited Party's normal business activities, and shall be limited to results in the […***…] prior to audit notification.",Audit Rights,Audit Rights,0.9956392049789429,Audit Rights,False
"FOUNDATIONMEDICINE,INC_02_02_2015-EX-10.2-Collaboration Agreement","With regard to the CDx Development Program, Roche shall also have the right to terminate, without cause, the development of an Approved Marker and/or an Investigational Marker for inclusion in a CDx Assay, upon […***…] prior written notice; provided however that this right shall expire with respect to each Approved Marker for inclusion in a particular CDx Assay at such time as FMI has completed analytical validation for such Approved Marker.",Termination For Convenience,Termination For Convenience,0.9580711126327515,Termination For Convenience,False
"FOUNDATIONMEDICINE,INC_02_02_2015-EX-10.2-Collaboration Agreement","With regard to the Molecular Information Platform Program, Roche shall have the right to terminate without cause either or both of the Sample Profiling or Molecular Information Database Access activities individually.",Termination For Convenience,Termination For Convenience,0.9561818242073059,Termination For Convenience,False
"FOUNDATIONMEDICINE,INC_02_02_2015-EX-10.2-Collaboration Agreement","additional one (1) year periods, during any period of time in which Roche is a majority shareholder of FMI (each a ""Signature Identification Renewal Term""), provided, for clarity, that during any Signature Identification Renewal Term, FMI's obligations under Section 16.1 shall continue to apply to any signature identified under this Agreement but that exclusivity under Section 3.2.8 shall not apply to the Immuno-Biomarker Discovery Platform.",Renewal Term,Renewal Term,0.9643279910087585,Renewal Term,False
"FOUNDATIONMEDICINE,INC_02_02_2015-EX-10.2-Collaboration Agreement",customer provisions of Article 5.,Audit Rights,Document Name,0.4171125888824463,LOW_CONFIDENCE,True
"FOUNDATIONMEDICINE,INC_02_02_2015-EX-10.2-Collaboration Agreement","facilities, to audit for quality assurance purposes its facilities, documentation and procedures used in conducting its activities pursuant to this Agreement.",Audit Rights,Audit Rights,0.9955803751945496,Audit Rights,False
"FOUNDATIONMEDICINE,INC_02_02_2015-EX-10.2-Collaboration Agreement","for FMI to develop, make, have made, use, offer for sale, sell, import and commercialize the Immuno-Biomarker Discovery Platform, Signature Identification services, Clinical Study assays, CDx assays, or any other FMI testing or services (including that are part of the Genomic Analysis Platform).",Affiliate License-Licensee,License Grant,0.815032958984375,License Grant,False
"FOUNDATIONMEDICINE,INC_02_02_2015-EX-10.2-Collaboration Agreement","have been satisfactorily met and no objection on the part of the Federal Trade Commission or the Justice Department remains, or (c) the occurrence of the Acceptance Time (as defined in the Transaction Agreement).",Effective Date,Warranty Duration,0.987095057964325,Warranty Duration,False
"GRIDIRONBIONUTRIENTS,INC_02_05_2020-EX-10.3-SUPPLY AGREEMENT",1/27/2020,Agreement Date,Agreement Date,0.574167013168335,LOW_CONFIDENCE,True
"GRIDIRONBIONUTRIENTS,INC_02_05_2020-EX-10.3-SUPPLY AGREEMENT","EWSD 1, LLC, d/b/a/ SHI FARMS",Parties,Parties,0.9965392351150513,Parties,False
"GRIDIRONBIONUTRIENTS,INC_02_05_2020-EX-10.3-SUPPLY AGREEMENT",Either Party may terminate this Agreement at any time prior to delivery of the Product.,Termination For Convenience,Termination For Convenience,0.9810879230499268,Termination For Convenience,False
"GRIDIRONBIONUTRIENTS,INC_02_05_2020-EX-10.3-SUPPLY AGREEMENT",Gridiron,Parties,Parties,0.9966070652008057,Parties,False
"GRIDIRONBIONUTRIENTS,INC_02_05_2020-EX-10.3-SUPPLY AGREEMENT","Gridiron BioNutrients, Inc",Parties,Parties,0.9968196153640747,Parties,False
"GRIDIRONBIONUTRIENTS,INC_02_05_2020-EX-10.3-SUPPLY AGREEMENT",SUPPLY AGREEMENT,Document Name,Document Name,0.9973368048667908,Document Name,False
"GRIDIRONBIONUTRIENTS,INC_02_05_2020-EX-10.3-SUPPLY AGREEMENT",Shi Farms,Parties,Parties,0.9966075420379639,Parties,False
"GRIDIRONBIONUTRIENTS,INC_02_05_2020-EX-10.3-SUPPLY AGREEMENT",This Agreement and any amendments thereto shall be construed according to the laws of the State of Colorado without regard to conflicts of law principles and any disputes hereunder shall be litigated in a state court in Colorado.,Governing Law,Governing Law,0.9975437521934509,Governing Law,False
"GRIDIRONBIONUTRIENTS,INC_02_05_2020-EX-10.3-SUPPLY AGREEMENT","This Agreement may not be waived, amended or assigned without an agreed written and signed document, signed by both Parties.",Anti-Assignment,Anti-Assignment,0.9822140336036682,Anti-Assignment,False
"GRIDIRONBIONUTRIENTS,INC_02_05_2020-EX-10.3-SUPPLY AGREEMENT","each individually ""a Party,"" and collectively, ""the Parties.""",Parties,Parties,0.995821475982666,Parties,False
"GWG HOLDINGS, INC. - ORDERLY MARKETING AGREEMENT","December 27, 2018",Effective Date,Agreement Date,0.5280712842941284,LOW_CONFIDENCE,True
"GWG HOLDINGS, INC. - ORDERLY MARKETING AGREEMENT","Each of GWG and the Trust Advisors may be referred to herein as a ""Party"" and collectively as the ""Parties.""",Parties,Parties,0.995824933052063,Parties,False
"GWG HOLDINGS, INC. - ORDERLY MARKETING AGREEMENT",GWG,Parties,Parties,0.9968356490135193,Parties,False
"GWG HOLDINGS, INC. - ORDERLY MARKETING AGREEMENT","GWG Holdings, Inc.",Parties,Parties,0.9968734383583069,Parties,False
"GWG HOLDINGS, INC. - ORDERLY MARKETING AGREEMENT","Notwithstanding the foregoing, this OMA may be terminated with or without cause at any time after the Effective Date and without liability or continuing obligation by any of the Parties hereto (i) by mutual written agreement of all of the Parties; and (ii) in writing by the Trust Advisors in their sole discretion.",Termination For Convenience,Termination For Convenience,0.9793055653572083,Termination For Convenience,False
"GWG HOLDINGS, INC. - ORDERLY MARKETING AGREEMENT",ORDERLY MARKETING AGREEMENT,Document Name,Document Name,0.9973551034927368,Document Name,False
"GWG HOLDINGS, INC. - ORDERLY MARKETING AGREEMENT",The Engagement Letter shall provide that the Bank may terminate its engagement at any time upon not less than 45 days' prior written notice to the other Parties.,Termination For Convenience,Termination For Convenience,0.9855709075927734,Termination For Convenience,False
"GWG HOLDINGS, INC. - ORDERLY MARKETING AGREEMENT","This OMA shall expire upon the earlier of (i) the first anniversary of the Effective Date and (ii) the date that all Shares of Stock of the Seller Trusts as set forth on Schedule A hereto have been sold (the ""Term"").",Expiration Date,Expiration Date,0.9825881123542786,Expiration Date,False
"GWG HOLDINGS, INC. - ORDERLY MARKETING AGREEMENT","This OMA, and all claims or causes of action (whether in contract or tort) that may be based upon, arise out of or relate to this OMA or the negotiation, execution or performance of this OMA (including any claim or cause of action based upon, arising out of or related to any representation or warranty made in or in connection with this OMA), will be construed in accordance with and governed by the law of the State of New York without regard to principles of conflicts of laws that would result in the application of the law of any other jurisdiction.",Governing Law,Governing Law,0.9974141120910645,Governing Law,False
"GWG HOLDINGS, INC. - ORDERLY MARKETING AGREEMENT",Trust Advisors,Parties,Parties,0.9966879487037659,Parties,False
"GWG HOLDINGS, INC. - ORDERLY MARKETING AGREEMENT",Trust Advisors to the Seller Trusts,Parties,Parties,0.9967464208602905,Parties,False
IMAGEWARESYSTEMSINC_12_20_1999-EX-10.22-MAINTENANCE AGREEMENT,(c) give title to all modifications and improvements to the PSS Software which XIMAGE generally makes available to its other customers (at no additional Charge) under standard software maintenance agreements relating to the Software.,Ip Ownership Assignment,Post-Termination Services,0.9280970692634583,Post-Termination Services,False
IMAGEWARESYSTEMSINC_12_20_1999-EX-10.22-MAINTENANCE AGREEMENT,"31 January, 1994",Agreement Date,Effective Date,0.5434888601303101,LOW_CONFIDENCE,True
IMAGEWARESYSTEMSINC_12_20_1999-EX-10.22-MAINTENANCE AGREEMENT,"All interventions on site are subject to a minimum total charge of $2,000.",Minimum Commitment,Minimum Commitment,0.9910019040107727,Minimum Commitment,False
IMAGEWARESYSTEMSINC_12_20_1999-EX-10.22-MAINTENANCE AGREEMENT,"December 10, 1993",Effective Date,Agreement Date,0.5181770324707031,LOW_CONFIDENCE,True
IMAGEWARESYSTEMSINC_12_20_1999-EX-10.22-MAINTENANCE AGREEMENT,"IN NO EVENT SHALL, XIMAGE BE LIABLE TO MORPHO FOR ANY INCIDENTAL, CONSEQUENTIAL, SPECIAL OR INDIRECT DAMAGES (INCLUDING WITHOUT LIMITATION, DAMAGES ARISING FROM LOSS OF BUSINESS, DATA, PROFITS OR GOODWILL) INCURRED OR SUFFERED BY MORPHO IN CONNECTION WITH, OR ARISING OUT OF, THIS AGREEMENT OR MORPHO'S USE OF ANY DOCUMENTATION OR SOFTWARE OR SERVICES PROVIDED, OR TO BE PROVIDED, HEREUNDER, EVEN IF XIMAGE HAS BEEN APPRISED OF THE LIKELIHOOD OF THE SAME. NO ACTION, REGARDLESS OF FORM, RELATED TO TRANSACTIONS OCCURRING UNDER, OR CONTEMPLATED BY, THIS AGREEMENT MAY BE BROUGHT BY EITHER PARTY MORE THAN ONE (1) YEAR AFTER THE CAUSE OF ACTION HAS ACCRUED.",Cap On Liability,Cap On Liability,0.9897155165672302,Cap On Liability,False
IMAGEWARESYSTEMSINC_12_20_1999-EX-10.22-MAINTENANCE AGREEMENT,"In addition, XIMAGE will provide the following as additional Customer Support Services:",Ip Ownership Assignment,Other,0.7429940104484558,Other,False
IMAGEWARESYSTEMSINC_12_20_1999-EX-10.22-MAINTENANCE AGREEMENT,MAINTENANCE AGREEMENT,Document Name,Document Name,0.9973393082618713,Document Name,False
IMAGEWARESYSTEMSINC_12_20_1999-EX-10.22-MAINTENANCE AGREEMENT,MORPHO,Parties,Parties,0.9966391324996948,Parties,False
IMAGEWARESYSTEMSINC_12_20_1999-EX-10.22-MAINTENANCE AGREEMENT,"MORPHO agrees that XIMAGE's total liability to MORPHO for any damages suffered in connection with, or arising out of, this Agreement or MORPHO's use of any documentation, product or service provided (or to be provided) hereunder, regardless of whether any such liability is based upon contract, tort or other basis, shall be limited to an amount not to exceed the basic Monthly Maintenance Charges, for a sixty (60) day term under this Agreement.",Cap On Liability,Cap On Liability,0.9895492792129517,Cap On Liability,False
IMAGEWARESYSTEMSINC_12_20_1999-EX-10.22-MAINTENANCE AGREEMENT,SAGEM S.A.,Parties,Parties,0.9969297051429749,Parties,False
IMAGEWARESYSTEMSINC_12_20_1999-EX-10.22-MAINTENANCE AGREEMENT,"The interests of MORPHO in this Agreement are personal and shall not be assigned, transferred, shared or divided in any manner by MORPHO without a prior written consent of XIMAGE.",Anti-Assignment,Anti-Assignment,0.9862451553344727,Anti-Assignment,False
IMAGEWARESYSTEMSINC_12_20_1999-EX-10.22-MAINTENANCE AGREEMENT,This Agreement shall automatically renew for consecutive one (1) year terms at XIMAGE's then prevailing rates at the end of each one (1) year term unless either party gives at least sixty (60) days prior written notice of the non-renewal of this Agreement.,Notice Period To Terminate Renewal,Notice Period To Terminate Renewal,0.983954906463623,Notice Period To Terminate Renewal,False
IMAGEWARESYSTEMSINC_12_20_1999-EX-10.22-MAINTENANCE AGREEMENT,XIMAGE,Parties,Parties,0.9968005418777466,Parties,False
IMAGEWARESYSTEMSINC_12_20_1999-EX-10.22-MAINTENANCE AGREEMENT,XIMAGE corporation,Parties,Parties,0.9969038367271423,Parties,False
IMAGEWARESYSTEMSINC_12_20_1999-EX-10.22-MAINTENANCE AGREEMENT,"XIMAGE's obligations hereunder shall become effective upon the ""Effective Date"" and, unless sooner terminated as provided herein, shall remain in full force and effect for at least one year thereafter.",Expiration Date,Expiration Date,0.6632356643676758,Expiration Date,False
"IOVANCEBIOTHERAPEUTICS,INC_08_03_2017-EX-10.1-STRATEGIC ALLIANCE AGREEMENT","Accordingly, LBIO shall have available, in addition to any other right or remedy available to it, the right to seek an injunction from a court of competent jurisdiction restraining such a breach (or threatened breach) and to specific performance of any such Section.",Uncapped Liability,Cap On Liability,0.6906521320343018,Cap On Liability,False
"IOVANCEBIOTHERAPEUTICS,INC_08_03_2017-EX-10.1-STRATEGIC ALLIANCE AGREEMENT","April 17, 2017",Effective Date,Agreement Date,0.5352630615234375,LOW_CONFIDENCE,True
"IOVANCEBIOTHERAPEUTICS,INC_08_03_2017-EX-10.1-STRATEGIC ALLIANCE AGREEMENT","As between the Parties, and without limiting MD Anderson's assistance obligations under Section 7.2(b), LBIO shall have the sole and exclusive right to file patents covering or claiming Inventions and shall bear all costs with respect to the prosecution and maintenance thereof.",Exclusivity,Exclusivity,0.5666527152061462,LOW_CONFIDENCE,True
"IOVANCEBIOTHERAPEUTICS,INC_08_03_2017-EX-10.1-STRATEGIC ALLIANCE AGREEMENT","However, to the extent that any Work may not, by operation of any Laws, be a work made for hire, MD Anderson hereby assigns, transfers and conveys to LBIO all of MD Anderson's worldwide right, title and interest in and to such Work, including all Intellectual Property Rights therein and relating thereto, subject to MD Anderson's right to use such Work for internal research, academic, and non-commercial patient care purposes prior to publication or public disclosure.",Ip Ownership Assignment,Ip Ownership Assignment,0.9867553114891052,Ip Ownership Assignment,False
"IOVANCEBIOTHERAPEUTICS,INC_08_03_2017-EX-10.1-STRATEGIC ALLIANCE AGREEMENT","In addition, to the extent that it is legally able to do so, MD Anderson hereby grants LBIO a royalty-free right and license to use and reproduce any Publication.",License Grant,License Grant,0.981479823589325,License Grant,False
"IOVANCEBIOTHERAPEUTICS,INC_08_03_2017-EX-10.1-STRATEGIC ALLIANCE AGREEMENT",LBIO,Parties,Parties,0.9963646531105042,Parties,False
"IOVANCEBIOTHERAPEUTICS,INC_08_03_2017-EX-10.1-STRATEGIC ALLIANCE AGREEMENT","LBIO agrees to commit funding in an amount not to exceed $14,211,864.00 for the performance of the Studies during the Term (collectively, ""Initial Funding""), with the Initial Funding specifically allocated as follows: (a) $[* * *] for an upfront payment, and a minimum of $[* * *] for enrollment and treatment of a minimum of 40 patients in the Study described in Exhibit I (i.e., the Minimum Enrollment Target as defined in Exhibit 1) or up to $[* * *] (an ""Individual Study Budget"") for enrollment and treatment of up to 60 patients in the Study described in Exhibit I (i.e., the Maximum Enrollment Target as defined in Exhibit 1); (b) $[* * *] (which shall also be considered an Individual Study Budget) for enrollment, manufacturing of product, and treatment of 30 patients in the Study described in Exhibit II; and (c) $[* * *] for the Study described in Exhibit III.",Minimum Commitment,Volume Restriction,0.9747055172920227,Volume Restriction,False
"IOVANCEBIOTHERAPEUTICS,INC_08_03_2017-EX-10.1-STRATEGIC ALLIANCE AGREEMENT",LBIO may assign or transfer this Agreement without the prior written consent of but with written notice to MD Anderson promptly following consummation of the relevant transaction.,Anti-Assignment,Anti-Assignment,0.9795429706573486,Anti-Assignment,False
"IOVANCEBIOTHERAPEUTICS,INC_08_03_2017-EX-10.1-STRATEGIC ALLIANCE AGREEMENT","LBIO may use the records and Reports (as defined below) for any purpose, including interactions and communications with, and/or submissions and filings to the applicable governmental or regulatory authorities.",Audit Rights,Audit Rights,0.5147234797477722,LOW_CONFIDENCE,True
"IOVANCEBIOTHERAPEUTICS,INC_08_03_2017-EX-10.1-STRATEGIC ALLIANCE AGREEMENT","Lion Biotechnologies, Inc.",Parties,Parties,0.9968189001083374,Parties,False
"IOVANCEBIOTHERAPEUTICS,INC_08_03_2017-EX-10.1-STRATEGIC ALLIANCE AGREEMENT",MD Anderson,Parties,Parties,0.9966852068901062,Parties,False
"IOVANCEBIOTHERAPEUTICS,INC_08_03_2017-EX-10.1-STRATEGIC ALLIANCE AGREEMENT","MD Anderson also grants LBIO a non-exclusive, royalty free, perpetual license (with rights to sub-license) under, in and to any and all data generated by MD Anderson in conducting studies of TILs in double refractory melanoma outside of the Collaboration and as of the Effective Date, and LBIO shall have unrestricted rights to use such double refractory melanoma data in governmental and regulatory submissions, including submissions that may become public.",Irrevocable Or Perpetual License,Irrevocable Or Perpetual License,0.9258949160575867,Irrevocable Or Perpetual License,False
"IOVANCEBIOTHERAPEUTICS,INC_08_03_2017-EX-10.1-STRATEGIC ALLIANCE AGREEMENT","MD Anderson and LBIO are hereinafter individually referred to as a ""Party"" and are collectively known as the ""Parties"".",Parties,Parties,0.9958434700965881,Parties,False
"IOVANCEBIOTHERAPEUTICS,INC_08_03_2017-EX-10.1-STRATEGIC ALLIANCE AGREEMENT","MD Anderson further acknowledges and agrees that all original works of authorship that are made by MD Anderson (solely or jointly with others) in the performance of the Research, excluding any publication made in accordance with Section 6.4 (a ""Work"") and that are protectable by copyright are ""works made for hire,"" as that term is defined in the United States Copyright Act.",Ip Ownership Assignment,Ip Ownership Assignment,0.9827237725257874,Ip Ownership Assignment,False
"IOVANCEBIOTHERAPEUTICS,INC_08_03_2017-EX-10.1-STRATEGIC ALLIANCE AGREEMENT","MD Anderson hereby acknowledges and agrees that the rights and obligations hereunder are of a personal nature and, therefore, neither this Agreement nor any right or obligation contained within shall be assignable, transferable or delegable in whole or in part by MD Anderson and MD Anderson shall not, without the prior written consent of LBIO, sub-contract or otherwise engage any consultant or other third party to perform any of MD Anderson's activities or obligations under this Agreement or any Study Order.",Anti-Assignment,Anti-Assignment,0.9838494062423706,Anti-Assignment,False
"IOVANCEBIOTHERAPEUTICS,INC_08_03_2017-EX-10.1-STRATEGIC ALLIANCE AGREEMENT","MD Anderson hereby grants LBIO a non-exclusive, royalty free, perpetual license (with rights to sub-license) under, in and to all Background Intellectual Property that is: (a) owned by MD Anderson; (b) consists of and/or comprises the manufacturing protocol utilized by MD Anderson in the conduct of a Study; and (c) reasonably necessary to exploit (including developing, obtaining and maintaining regulatory approval for, manufacturing, or commercializing) any Invention, Study result, or Study article, or any improvement or derivative thereof, strictly limited to the Fields (collectively, the ""Non-Exclusively Licensed MD Anderson Background Intellectual Property""), to the extent that such Non- Exclusively Licensed MD Anderson Background Intellectual Property does not include Third Party IP (as defined hereinafter).",Irrevocable Or Perpetual License,Irrevocable Or Perpetual License,0.7079116106033325,Irrevocable Or Perpetual License,False
"IOVANCEBIOTHERAPEUTICS,INC_08_03_2017-EX-10.1-STRATEGIC ALLIANCE AGREEMENT",MD Anderson shall make such records available to LBIO upon reasonable notice during MD Anderson's normal business hours.,Audit Rights,Audit Rights,0.9954168796539307,Audit Rights,False
"IOVANCEBIOTHERAPEUTICS,INC_08_03_2017-EX-10.1-STRATEGIC ALLIANCE AGREEMENT","MD Anderson shall promptly make full written disclosure to LBIO, shall hold in trust for the sole right and benefit of LBIO, and hereby assigns, transfers and conveys to LBIO, or its designee, all of MD Anderson's worldwide right, title and interest in and to any and all Inventions and all Intellectual Property Rights therein and relating thereto[, provided that MD Anderson shall retain the right to use any such Invention for internal research, academic, and patient care purposes]",Ip Ownership Assignment,Ip Ownership Assignment,0.9877211451530457,Ip Ownership Assignment,False
"IOVANCEBIOTHERAPEUTICS,INC_08_03_2017-EX-10.1-STRATEGIC ALLIANCE AGREEMENT","NEITHER LBIO NOR MD ANDERSON, NOR ANY OF THEIR AFFILIATES, NOR ANY OF THEIR RESPECTIVE DIRECTORS, OFFICERS, MEMBERS OR EMPLOYEES, SHALL HAVE ANY LIABILITY OF ANY TYPE, FOR ANY SPECIAL, PUNITIVE, INCIDENTAL, INDIRECT OR CONSEQUENTIAL DAMAGES, INCLUDING THE LOSS OF OPPORTUNITY, LOSS OF USE, OR LOSS OF REVENUE OR PROFIT, IN CONNECTION WITH OR ARISING OUT OF THIS AGREEMENT OR ANY STUDY ORDER; PROVIDED, THAT, THE FOREGOING DISCLAIMER SHALL NOT APPLY WITH RESPECT TO (1) A PARTY'S INDEMNIFICATION OBLIGATIONS, (2) A PARTY'S BREACH OF ITS OBLIGATIONS UNDER THIS AGREEMENT WITH RESPECT TO CONFIDENTIALITY AND NON-USE OR INTELLECTUAL PROPERTY-RELATED MATTERS OR (3) A PARTY'S GROSS NEGLIGENCE OR WILLFUL MISCONDUCT.",Uncapped Liability,Uncapped Liability,0.9609025120735168,Uncapped Liability,False
"IOVANCEBIOTHERAPEUTICS,INC_08_03_2017-EX-10.1-STRATEGIC ALLIANCE AGREEMENT",STRATEGIC ALLIANCE AGREEMENT,Document Name,Document Name,0.997391939163208,Document Name,False
"IOVANCEBIOTHERAPEUTICS,INC_08_03_2017-EX-10.1-STRATEGIC ALLIANCE AGREEMENT",The University of Texas M. D. Anderson Cancer Center,Parties,Parties,0.9876682162284851,Parties,False
"IOVANCEBIOTHERAPEUTICS,INC_08_03_2017-EX-10.1-STRATEGIC ALLIANCE AGREEMENT","The term of this Agreement commences on the Effective Date and shall continue in effect until the later of (a) the fourth (4th) anniversary of the Effective Date, or (b) the completion or termination of the Research and receipt by LBIO of all deliverables due from MD Anderson hereunder, unless sooner terminated in accordance with the provisions of Section 2.2 or Section 9.14.",Expiration Date,Expiration Date,0.9805266857147217,Expiration Date,False
"IOVANCEBIOTHERAPEUTICS,INC_08_03_2017-EX-10.1-STRATEGIC ALLIANCE AGREEMENT","This Agreement shall be governed by and interpreted in accordance with the laws of the State of Texas, United States of America, without giving effect to any conflict of laws provisions.",Governing Law,Governing Law,0.997503936290741,Governing Law,False
"IOVANCEBIOTHERAPEUTICS,INC_08_03_2017-EX-10.1-STRATEGIC ALLIANCE AGREEMENT","With respect to Exhibit 1, the Individual Study Budget shall be the one associated with the Minimum Enrollment Target (as defined in Exhibit 1), and in the event that the Parties move to the Maximum Enrollment Target (as defined in Exhibit 1) then this table shall be applied to the incremental additional patients as if the incremental additional patients constitute their own protocol/budget.",Minimum Commitment,Minimum Commitment,0.989163875579834,Minimum Commitment,False
IdeanomicsInc_20160330_10-K_EX-10.26_9512211_EX-10.26_Content License Agreement,"2) For Titles listed in Schedule A3: For ""天下女人"": No satellite TV broadcasting rights granted. Titles other than ""猜 猜女人心"", ""赏深越慕"" , ""职场新女性挑战行动"", "" 杨澜访谈录"" (自第192期及以后的节 目),""人生相对论 "", "" 天下女人"", and ""正青春"" cannot be edited in any way; 3) For Titles listed in Schedule A4: Other than the versions (dubbed or translated) in which the Titles in Schedule A4 already exist in (and were delivered in), no further dubbing, translation, or editing may be performed by any party on Schedule A4's Titles.",License Grant,Other,0.9891608357429504,Other,False
IdeanomicsInc_20160330_10-K_EX-10.26_9512211_EX-10.26_Content License Agreement,"2) For Titles listed in Schedule A3: For ""天下女人"": No satellite TV broadcasting rights granted. Titles other than ""猜 猜女人心"", ""赏深越慕"" , ""职场新女性挑战行动"", "" 杨澜访谈录"" (自第192期及以后的节 目),""人生相对论 "", "" 天下女人"", and ""正青春"" cannot be edited in any way; 3) For Titles listed in Schedule A4: Other than the versions (dubbed or translated) in which the Titles in Schedule A4 already exist in (and were delivered in), no further dubbing, translation, or editing may be performed by any party on Schedule A4's Titles. 4) For Titles listed in Schedule A5 (except ""Summer in February""): Limitations on Rights Granted: the following distribution methods are permitted: non-theatrical, public video, ship and hotel rights (all not earlier than the US theatrical release); home video rental, home video sell through, and commercial video rights (all not earlier than the US video release); cable TV (pay & free), terrestrial TV (pay & free), satellite pay TV; internet TV (pay & free), residential and non-residential pay-per-view, residential and non-residential internet pay-per-view, VOD, near VOD, and internet VOD (all no earlier than the corresponding exploitation in the USA).",Irrevocable Or Perpetual License,Other,0.8389646410942078,Other,False
IdeanomicsInc_20160330_10-K_EX-10.26_9512211_EX-10.26_Content License Agreement,Beijing Sun Seven Stars Culture Development Limited,Parties,Parties,0.996863842010498,Parties,False
IdeanomicsInc_20160330_10-K_EX-10.26_9512211_EX-10.26_Content License Agreement,CONTENT LICENSE AGREEMENT,Document Name,Document Name,0.9973633885383606,Document Name,False
IdeanomicsInc_20160330_10-K_EX-10.26_9512211_EX-10.26_Content License Agreement,"December 21, 2015",Effective Date,Agreement Date,0.559698760509491,LOW_CONFIDENCE,True
IdeanomicsInc_20160330_10-K_EX-10.26_9512211_EX-10.26_Content License Agreement,"EXCEPT FOR THE ABOVE INDEMNIFICATION OBLIGATIONS AND FOR BREACHES OF SECTION 14, NEITHER PARTY SHALL BE LIABLE TO THE OTHER FOR ANY INCIDENTAL, CONSEQUENTIAL, SPECIAL OR PUNITIVE DAMAGES ARISING OUT OF THIS AGREEMENT (INCLUDING, BUT NOT LIMITED TO, LOSS OF PROFITS), WHETHER IN AN ACTION OR ARISING OUT OF BREACH OF CONTRACT, TORT OR ANY OTHER CAUSE OF ACTION EVEN IF SUCH PARTY HAS BEEN ADVISED OF THE POSSIBILITY OF SUCH DAMAGES.",Uncapped Liability,Uncapped Liability,0.9841264486312866,Uncapped Liability,False
IdeanomicsInc_20160330_10-K_EX-10.26_9512211_EX-10.26_Content License Agreement,"Except as otherwise specified in the previous sentence, Licensee may not sublicense any of its rights under Section 2(a) [License Grant] without Licensor's prior written consent, which shall not be unreasonably withheld or delayed.",Anti-Assignment,Anti-Assignment,0.8844525814056396,Anti-Assignment,False
IdeanomicsInc_20160330_10-K_EX-10.26_9512211_EX-10.26_Content License Agreement,"For content listed in Schedule A6 of Schedule A (each a ""Project""), Licensor will only grant Licensee certain profit participation rights, for certain durations, as detailed and set forth in Schedule A6 of Schedule A.",Revenue/Profit Sharing,Revenue/Profit Sharing,0.9926196932792664,Revenue/Profit Sharing,False
IdeanomicsInc_20160330_10-K_EX-10.26_9512211_EX-10.26_Content License Agreement,"If, during the Term, Licensor develops or obtains the rights to license any live action or animated feature-length motion picture (each an ""Additional Title""), Licensor shall give Licensee the first right of negotiation for each Additional Title (i.e., the preferred vendor).",Rofr/Rofo/Rofn,Rofr/Rofo/Rofn,0.9887363314628601,Rofr/Rofo/Rofn,False
IdeanomicsInc_20160330_10-K_EX-10.26_9512211_EX-10.26_Content License Agreement,"In exchange for the Share Consideration, Licensor hereby grants to Licensee a non-exclusive, royalty-free, perpetual and non-perpetual license (subject to the duration and scope, and format limitations for which Licensor has the rights to each Title as specified in Schedule A1-A6 of Schedule A) to: i. license, exhibit, distribute, reproduce, transmit, perform, display, and otherwise exploit and make available each Title within the Territory in any language by VOD (including SVOD, TVOD, AVOD and free VOD) for Internet, TV and mobile platforms (including, but not limited to, OTT streaming services, Sites and Mobile Sites), subject to these limitations for each of the Title in Schedule A1-A6: 1) For Titles listed in Schedule A1-A2: Licensor can only grant Licensee distribution rights to up to six (6) MSOs plus two (2) of China's Internet TV license holders or their OTT Internet-based video partners by VOD (including SVOD, TVOD, AVOD and free VOD). China's current Internet TV license holders include: CNTV (中国网络电视台/未来电视), BesTV (百视通), Wasu (华数), Southern Media Cooperation (南方传媒), Hunan TV (芒果 TV), China National Radio/Galaxy Internet TV (GITV) (银河电视), and China Radio International (中国国际 广播电台);",Irrevocable Or Perpetual License,Irrevocable Or Perpetual License,0.9427595734596252,Irrevocable Or Perpetual License,False
IdeanomicsInc_20160330_10-K_EX-10.26_9512211_EX-10.26_Content License Agreement,Licensee,Parties,Parties,0.9948397278785706,Parties,False
IdeanomicsInc_20160330_10-K_EX-10.26_9512211_EX-10.26_Content License Agreement,"Licensee shall have the right to assign or sublicense any or all of its rights granted under this Agreement, in whole or in part, to third parties exhibiting the Titles in the ordinary course of Licensee's business with prior written notice to Licensor and subject to the applicable limitations (if any) in Section 2(a)(i) [License Grant]",Anti-Assignment,Anti-Assignment,0.9768956899642944,Anti-Assignment,False
IdeanomicsInc_20160330_10-K_EX-10.26_9512211_EX-10.26_Content License Agreement,Licensor,Parties,Parties,0.9953600764274597,Parties,False
IdeanomicsInc_20160330_10-K_EX-10.26_9512211_EX-10.26_Content License Agreement,"Licensor hereby grants Licensee a non-exclusive license to use the logos, trademarks and service marks used by Licensor to identify the Titles (collectively, ""Licensor Marks"") in connection with the use of the Titles as set forth in this Agreement.",License Grant,License Grant,0.9843059778213501,License Grant,False
IdeanomicsInc_20160330_10-K_EX-10.26_9512211_EX-10.26_Content License Agreement,Licensor will promptly provide written notice to Licensee in which Licensor lists each Additional Title.,Rofr/Rofo/Rofn,Insurance,0.3729309141635895,LOW_CONFIDENCE,True
IdeanomicsInc_20160330_10-K_EX-10.26_9512211_EX-10.26_Content License Agreement,"Limitations on Rights Granted: the following distribution methods are permitted: non-theatrical, public video, ship and hotel rights (all not earlier than the US theatrical release); home video rental, home video sell through, and commercial video rights (all not earlier than the US video release); cable TV (pay & free), terrestrial TV (pay & free), satellite pay TV; internet TV (pay & free), residential and non-residential pay-per-view, residential and non-residential internet pay-per-view, VOD, near VOD, and internet VOD (all no earlier than the corresponding exploitation in the USA).",License Grant,License Grant,0.9399019479751587,License Grant,False
IdeanomicsInc_20160330_10-K_EX-10.26_9512211_EX-10.26_Content License Agreement,"Neither party may assign its rights, duties or obligations under this Agreement to any third party in whole or in part, without the other party's prior written consent, except that (i) Licensee may assign its rights and obligations to this Agreement to any of its Affiliate or subsidiaries with the prior written consent of the Licensor, and (ii) Licensor may assign its rights and obligations in this Agreement to its Affiliates or subsidiaries and either party may assign this Agreement in its entirety to any purchaser of all or substantially all of its business or assets pertaining to the line of business to which this Agreement relates or to any Affiliate of the party without the other party's approval.",Anti-Assignment,Anti-Assignment,0.9885107278823853,Anti-Assignment,False
IdeanomicsInc_20160330_10-K_EX-10.26_9512211_EX-10.26_Content License Agreement,"Sections 2(a) [License Grant], 2(b) [Sublicensing], 2(c) [Display of Titles], 2(d) [Removal of Titles], 3, and 11 shall survive the expiration or termination of this Agreement: (i) in perpetuity with respect to Titles for which the licenses granted in Section 2(a) [License Grant] are perpetual; and (ii) for the duration of the applicable license term specified in Schedule A with respect to Titles for which the license term specified in Schedule A extends beyond the expiration or termination of this Agreement.",Irrevocable Or Perpetual License,Irrevocable Or Perpetual License,0.9083935022354126,Irrevocable Or Perpetual License,False
IdeanomicsInc_20160330_10-K_EX-10.26_9512211_EX-10.26_Content License Agreement,"Should Licensee agree to be the vendor for an Additional Title, Licensor and Licensee will negotiate in good faith to mutually agree upon the pricing and terms for each Additional Title in an amendment to this Agreement.",Rofr/Rofo/Rofn,Rofr/Rofo/Rofn,0.9867588877677917,Rofr/Rofo/Rofn,False
IdeanomicsInc_20160330_10-K_EX-10.26_9512211_EX-10.26_Content License Agreement,"The Term of this Agreement (the ""Term"") shall commence on the Effective Date listed above and continue for twenty (20) years, unless sooner terminated as provided in Section 7(b) [Term and Termination].",Expiration Date,Expiration Date,0.9700614213943481,Expiration Date,False
IdeanomicsInc_20160330_10-K_EX-10.26_9512211_EX-10.26_Content License Agreement,"The consideration for the licenses granted by Licensor to Licensee under this Agreement is the issuance of the IP Common Shares as defined in the Amended and Securities Purchase Agreement, dated as of December 21, 2015, by and among the Licensee and the Licensor (the ""Share Consideration"").",Revenue/Profit Sharing,Revenue/Profit Sharing,0.993137776851654,Revenue/Profit Sharing,False
IdeanomicsInc_20160330_10-K_EX-10.26_9512211_EX-10.26_Content License Agreement,"This Agreement shall be governed by and construed in all respects in accordance with the laws of the State of New York, without giving effect to any conflicts of laws principles.",Governing Law,Governing Law,0.9975070357322693,Governing Law,False
IdeanomicsInc_20160330_10-K_EX-10.26_9512211_EX-10.26_Content License Agreement,"Until one (1) year after the expiration of the Profit Participation of each Project, the books and records will be available for inspection by a certified accounting firm or CPA once per year upon reasonable advance notice.",Audit Rights,Audit Rights,0.9951648712158203,Audit Rights,False
IdeanomicsInc_20160330_10-K_EX-10.26_9512211_EX-10.26_Content License Agreement,"YOU ON DEMAND HOLDINGS, INC.",Parties,Parties,0.9967740178108215,Parties,False
IdeanomicsInc_20160330_10-K_EX-10.26_9512211_EX-10.26_Content License Agreement,"copy and dub the Titles, and authorize any person to do the foregoing Licensee shall also have the right to make (or have made on its behalf) translations of the Titles with prior written approval by Licensor and subject to the applicable limitations (if any) in Section 2(a)(i) [License Grant]; iii. promote each Title in any manner or media, including, without limitation, the right to use and license others to use Licensor's name, the title of, trailers created for and excerpts from such Title (including but not limited to audio portions only), Materials and the name, voice and likeness of and any biographical material concerning all persons appearing in or connected with such Title for the purpose of advertising, promoting and/or publicizing such Title, Licensee and the program service on which the Title is exhibited subject to the applicable limitations (if any) in Section 2(a)(i) [License Grant] ; iv. use the Titles for (i) audience and marketing testing, (ii) sponsor/advertiser screening, and (iii) reference and file purposes, subject to the applicable limitations (if any) in Section 2(a)(i) [License Grant]; and v. include Licensee's name, trademark and logo in the Titles to identify Licensee as the exhibitor of the Titles.",License Grant,License Grant,0.9446808099746704,License Grant,False
InmodeLtd_20190729_F-1A_EX-10.9_11743243_EX-10.9_Manufacturing Agreement,1.4.2011,Effective Date,Agreement Date,0.5067012906074524,LOW_CONFIDENCE,True
InmodeLtd_20190729_F-1A_EX-10.9_11743243_EX-10.9_Manufacturing Agreement,"Contractor represents and warrants that, for the Warranty Period, the Products (i) will be free from defects in workmanship, material (only to the same extent as the original manufacturer of the material warrants the Contractor), and manufacture; (ii) will comply the Specifications IPC610.B standard (in all material respects and unless otherwise was instructed by Customer).",Warranty Duration,Warranty Duration,0.992460310459137,Warranty Duration,False
InmodeLtd_20190729_F-1A_EX-10.9_11743243_EX-10.9_Manufacturing Agreement,"Contractor shall permit Customer to audit its quality procedures, upon three (3) business day advance written notice to Contractor and shall provide all assistance which is reasonably necessary for Customer to evaluate the quality of the Products.",Audit Rights,Audit Rights,0.9954813718795776,Audit Rights,False
InmodeLtd_20190729_F-1A_EX-10.9_11743243_EX-10.9_Manufacturing Agreement,Contractor.,Parties,Parties,0.9837192893028259,Parties,False
InmodeLtd_20190729_F-1A_EX-10.9_11743243_EX-10.9_Manufacturing Agreement,Customer,Parties,Parties,0.9958255290985107,Parties,False
InmodeLtd_20190729_F-1A_EX-10.9_11743243_EX-10.9_Manufacturing Agreement,Customer specifically agrees to maintain insurance coverage for any finished Products or materials which passes to Customer pursuant to this Agreement and which is stored on the premises of Contractor.,Insurance,Insurance,0.9967551827430725,Insurance,False
InmodeLtd_20190729_F-1A_EX-10.9_11743243_EX-10.9_Manufacturing Agreement,"During the Term, of this Agreement and for an additional period of two (2) years from the date of termination of this Agreement, the Contractor undertakes not to develop on its own account any Product.",Non-Compete,Non-Compete,0.9777853488922119,Non-Compete,False
InmodeLtd_20190729_F-1A_EX-10.9_11743243_EX-10.9_Manufacturing Agreement,FLEXTRONICS ISRAEL LTD.,Parties,Parties,0.9968208074569702,Parties,False
InmodeLtd_20190729_F-1A_EX-10.9_11743243_EX-10.9_Manufacturing Agreement,"For the purpose of this Agreement, ""Warranty Period"" shall mean twelve (12) months as of the date of delivery to Customer.",Warranty Duration,Warranty Duration,0.9919155240058899,Warranty Duration,False
InmodeLtd_20190729_F-1A_EX-10.9_11743243_EX-10.9_Manufacturing Agreement,"IN ADDITION, NOTWITHSTANDING ANYTHING TO THE CONTRARY HEREIN OR OTHERWISE, THE PARTIES ACKNOWLEDGE THAT AS AN ELECTRONIC MANUFACTURING SERVICES PROVIDER WORKING ON A COST PLUS BASIS SUPPLIER MUST LIMIT ITS LIABILITY IN CONNECTION HEREWITH AND THEREFORE, CONTRACTOR'S LIABILITY IS FURTHER LIMITED IN ANY EVENT, UNDER ANY LAW, RULE OR REGULATION, TO ANY AMOUNT IT ACTUALLY RECEIVED IN CONSIDERATION OF THE MANUFACTURING SUBJECT MATTER OF THE RESPECTIVE CLAIM OR DEMAND BY CUSTOMER OR ANY THIRD PARTY.",Cap On Liability,Cap On Liability,0.9524368047714233,Cap On Liability,False
InmodeLtd_20190729_F-1A_EX-10.9_11743243_EX-10.9_Manufacturing Agreement,"IN NO EVENT SHALL EITHER PARTY BE LIABLE TO THE OTHER FOR ANY INCIDENTAL, CONSEQUENTIAL, SPECIAL OR PUNITIVE DAMAGES OF ANY KIND OR NATURE ARISING OUT OF THIS AGREEMENT OR THE SALE OF PRODUCTS, WHETHER SUCH LIABILITY IS ASSERTED ON THE BASIS OF CONTRACT, TORT (INCLUDING THE POSSIBILITY OF NEGLIGENCE OR STRICT LIABILITY), OR OTHERWISE, EVEN IF THE PARTY HAS BEEN WARNED OF THE POSSIBILITY OF ANY SUCH LOSS OR DAMAGE.",Cap On Liability,Cap On Liability,0.9861834049224854,Cap On Liability,False
InmodeLtd_20190729_F-1A_EX-10.9_11743243_EX-10.9_Manufacturing Agreement,INVASIX LTD.,Parties,Parties,0.9968302845954895,Parties,False
InmodeLtd_20190729_F-1A_EX-10.9_11743243_EX-10.9_Manufacturing Agreement,"In order to manage demand fluctuations, Contractor shall maintain an amount of additional units of each Product as FGI, in a minimum level of two (2) weeks of supply and a maximum of four (4) weeks of supply of each Product set forth in the most recent Customer's Forecast.",Minimum Commitment,Minimum Commitment,0.9780428409576416,Minimum Commitment,False
InmodeLtd_20190729_F-1A_EX-10.9_11743243_EX-10.9_Manufacturing Agreement,"In the event of termination of this Agreement or a cancellation of a Purchase Order, and/or discontinuance of a Product, or excess materials created by an Engineering Change, Customer agrees to compensate Contractor for unused material inventory which are affected by such termination, cancellation or discontinuance",Post-Termination Services,Post-Termination Services,0.9915419816970825,Post-Termination Services,False
InmodeLtd_20190729_F-1A_EX-10.9_11743243_EX-10.9_Manufacturing Agreement,"Neither Party shall have the right to assign or otherwise transfer its rights or obligations under this Agreement except with the prior written consent of the other Party, not to be unreasonably withheld or delayed.",Anti-Assignment,Anti-Assignment,0.9893918037414551,Anti-Assignment,False
InmodeLtd_20190729_F-1A_EX-10.9_11743243_EX-10.9_Manufacturing Agreement,"Notwithstanding anything to the contrary stated in this Agreement, either party may terminate this Agreement at any time without cause by giving to the other party, not less than four (4) months written notice.",Termination For Convenience,Termination For Convenience,0.9861149787902832,Termination For Convenience,False
InmodeLtd_20190729_F-1A_EX-10.9_11743243_EX-10.9_Manufacturing Agreement,TURN - KEY MANUFACTURING AGREEMENT,Document Name,Document Name,0.9973924160003662,Document Name,False
InmodeLtd_20190729_F-1A_EX-10.9_11743243_EX-10.9_Manufacturing Agreement,"The Contractor and the Customer will not be allowed to employ employees of the other party, directly or indirectly, for one (1) year from the date the employee has ceased to be employed by the other party.",No-Solicit Of Employees,No-Solicit Of Employees,0.9935523271560669,No-Solicit Of Employees,False
InmodeLtd_20190729_F-1A_EX-10.9_11743243_EX-10.9_Manufacturing Agreement,"The construction, interpretation and performance of this Agreement and all transactions under it shall be governed by the law of the State of Israel, without giving effect to choice of law rules, and both Parties consent to jurisdiction by the courts of the City of Haifa.",Governing Law,Governing Law,0.9975141286849976,Governing Law,False
InmodeLtd_20190729_F-1A_EX-10.9_11743243_EX-10.9_Manufacturing Agreement,"This Agreement shall automatically be renewed for successive one (1) year increments unless either party request in writing, at least ninety (90) days prior to the anniversary date, that this Agreement not to be renewed.",Notice Period To Terminate Renewal,Notice Period To Terminate Renewal,0.9839037656784058,Notice Period To Terminate Renewal,False
InmodeLtd_20190729_F-1A_EX-10.9_11743243_EX-10.9_Manufacturing Agreement,This Agreement shall commence on the Effective Date and shall continue for an initial term of year as of the Effective Date.,Expiration Date,Expiration Date,0.9785747528076172,Expiration Date,False
InmodeLtd_20190729_F-1A_EX-10.9_11743243_EX-10.9_Manufacturing Agreement,"Upon any failure of a Product to comply with the above warranty, Contractor's sole obligation, and Customer's sole remedy, is for Contractor, at its option, to promptly repair or replace such Product and return it to Customer freight prepaid.",Cap On Liability,Cap On Liability,0.9670540690422058,Cap On Liability,False
"KUBIENT,INC_07_02_2020-EX-10.14-MASTER SERVICES AGREEMENT_Part2","Commencing on March 1, 2020 and thereafter, the Parties shall share revenue generated from Customer's consumer offerings, including but not limited to its content, technology, traffic, data, websites, apps, videos and podcasts, without offset and regardless of which Party is responsible for securing such revenue, as per the attached Schedule 1.",Revenue/Profit Sharing,Revenue/Profit Sharing,0.9926450252532959,Revenue/Profit Sharing,False
"KUBIENT,INC_07_02_2020-EX-10.14-MASTER SERVICES AGREEMENT_Part2",Customer,Parties,Parties,0.9958255290985107,Parties,False
"KUBIENT,INC_07_02_2020-EX-10.14-MASTER SERVICES AGREEMENT_Part2","During the Term and any renewal terms of the Agreement, and for a period of one (1) year following the expiration or earlier termination thereof, Customer agrees not to work with, directly or indirectly, any Third-Party that Customer comes to know through disclosure by Kubient as part of the Services, without the express written consent of Kubient and compensation to Kubient under the applicable exhibit and/or schedule.",No-Solicit Of Customers,No-Solicit Of Customers,0.8084378242492676,No-Solicit Of Customers,False
"KUBIENT,INC_07_02_2020-EX-10.14-MASTER SERVICES AGREEMENT_Part2","During the Term and any renewal terms of the Agreement, and for a period of one (1) year following the expiration or earlier termination thereof, Customer shall not, whether for its own account or for the account of any other person or entity, interfere with the relationship of Kubient with, or endeavor to entice away from Kubient, any person or entity who was or is a an employee or Third-Party of Kubient.",No-Solicit Of Employees,No-Solicit Of Employees,0.9934037327766418,No-Solicit Of Employees,False
"KUBIENT,INC_07_02_2020-EX-10.14-MASTER SERVICES AGREEMENT_Part2","During the Term and any renewal terms of the Agreement, and for a period of one (1) year following the expiration or earlier termination thereof, Customer shall not, without Kubient's prior written consent, directly or indirectly (i) solicit or encourage any person to leave the employment or other service of Kubient; or (ii) hire, on behalf of Customer or any other person or entity, any person who has left the employment of Kubient within the one (1) year period following the termination or end of that person's employment.",No-Solicit Of Employees,No-Solicit Of Employees,0.9936704635620117,No-Solicit Of Employees,False
"KUBIENT,INC_07_02_2020-EX-10.14-MASTER SERVICES AGREEMENT_Part2",EXHIBIT 'B',Document Name,Parties,0.7422927618026733,Parties,False
"KUBIENT,INC_07_02_2020-EX-10.14-MASTER SERVICES AGREEMENT_Part2","February 5, 2020",Effective Date,Agreement Date,0.5285547375679016,LOW_CONFIDENCE,True
"KUBIENT,INC_07_02_2020-EX-10.14-MASTER SERVICES AGREEMENT_Part2",Kubient,Parties,Parties,0.9967613816261292,Parties,False
"KUBIENT,INC_07_02_2020-EX-10.14-MASTER SERVICES AGREEMENT_Part2","Kubient, Inc.",Parties,Parties,0.99678635597229,Parties,False
"KUBIENT,INC_07_02_2020-EX-10.14-MASTER SERVICES AGREEMENT_Part2","Monthly Revenue* Below Threshold Above Threshold Type Threshold Customer Kubient Customer Kubient Programmatic/Display $ 300,000.00 90% 10%** 50% 50% Video $ 30,000.00 100% 0 % 50% 50% Direct Deals*** Undertone 100% 0 % 50% 50% Native**** $ 100,000.00 100% 0 % 50% 50% Data/Newsletter $ - 0 % 0 % 50% 50% Podcasts $ - 0 % 0 % 50% 50% Other $ - 0 % 0 % 50% 50%",Revenue/Profit Sharing,Revenue/Profit Sharing,0.8449697494506836,Revenue/Profit Sharing,False
"KUBIENT,INC_07_02_2020-EX-10.14-MASTER SERVICES AGREEMENT_Part2","Provided however, this provision shall not apply in the event Customer can establish, in writing, that it had a preexisting working relationship with such Third-Party prior to the Agreement and without Kubient's assistance. Customer acknowledges that this provision is reasonable and necessary for the protection of Kubient and that Kubient will be irrevocably damaged if such covenant is not specifically enforced. Customer further agrees that Kubient will be entitled to seek injunctive relief for the purpose of restraining Customer from violating this covenant (and no bond or other security shall be required in connection therewith) in addition to any other relief to which Kubient may be entitled under the Agreement.",Competitive Restriction Exception,Competitive Restriction Exception,0.8839507699012756,Competitive Restriction Exception,False
"KUBIENT,INC_07_02_2020-EX-10.14-MASTER SERVICES AGREEMENT_Part2",The Associated Press,Parties,Parties,0.9966500401496887,Parties,False
"KUBIENT,INC_07_02_2020-EX-10.14-MASTER SERVICES AGREEMENT_Part2",the 26th day of March 2020,Agreement Date,Agreement Date,0.5315549373626709,LOW_CONFIDENCE,True
"LEGACYTECHNOLOGYHOLDINGS,INC_12_09_2005-EX-10.2-DISTRIBUTOR AGREEMENT","Any other assignment by the parties, requires the prior written consent of the other Party.",Anti-Assignment,Anti-Assignment,0.9893222451210022,Anti-Assignment,False
"LEGACYTECHNOLOGYHOLDINGS,INC_12_09_2005-EX-10.2-DISTRIBUTOR AGREEMENT","Dec. 8, 2005",Effective Date,Agreement Date,0.546854555606842,LOW_CONFIDENCE,True
"LEGACYTECHNOLOGYHOLDINGS,INC_12_09_2005-EX-10.2-DISTRIBUTOR AGREEMENT","During the term of this Agreement, ENVISION will exclusively purchase the Product from SIERRA.",Exclusivity,Exclusivity,0.9822227954864502,Exclusivity,False
"LEGACYTECHNOLOGYHOLDINGS,INC_12_09_2005-EX-10.2-DISTRIBUTOR AGREEMENT",ENVISION,Parties,Parties,0.9964179992675781,Parties,False
"LEGACYTECHNOLOGYHOLDINGS,INC_12_09_2005-EX-10.2-DISTRIBUTOR AGREEMENT","ENVISION warrants that it carries general liability insurance of $1 million per occurrence and product liability insurance of not less than $2 million per occurrence and that, upon execution of this Agreement, it will name SIERRA as an additional insured on such policies.",Insurance,Insurance,0.996867835521698,Insurance,False
"LEGACYTECHNOLOGYHOLDINGS,INC_12_09_2005-EX-10.2-DISTRIBUTOR AGREEMENT",ENVISION will provide SIERRA with demand projections for the Product and SIERRA will produce enough Product to meet such demand projections.,Minimum Commitment,Minimum Commitment,0.9822297096252441,Minimum Commitment,False
"LEGACYTECHNOLOGYHOLDINGS,INC_12_09_2005-EX-10.2-DISTRIBUTOR AGREEMENT",EXCLUSIVE DISTRIBUTOR AGREEMENT,Document Name,Document Name,0.9972817897796631,Document Name,False
"LEGACYTECHNOLOGYHOLDINGS,INC_12_09_2005-EX-10.2-DISTRIBUTOR AGREEMENT","LifeUSA/ Envision Health, Inc.",Parties,Parties,0.996900200843811,Parties,False
"LEGACYTECHNOLOGYHOLDINGS,INC_12_09_2005-EX-10.2-DISTRIBUTOR AGREEMENT",SIERRA,Parties,Parties,0.9965823292732239,Parties,False
"LEGACYTECHNOLOGYHOLDINGS,INC_12_09_2005-EX-10.2-DISTRIBUTOR AGREEMENT","SIERRA hereby appoints ENVISION as its exclusive distributor for the Product in any blend with Krill Oil within the Territory subject to ENVISION fulfilling the terms and conditions of the best efforts marketing requirements set forth herein in Sections 4, 5, and 9.",Exclusivity,Exclusivity,0.9805575609207153,Exclusivity,False
"LEGACYTECHNOLOGYHOLDINGS,INC_12_09_2005-EX-10.2-DISTRIBUTOR AGREEMENT","SIERRA hereby grants ENVISION an exclusive, royalty-free sub-license of the Product's future patents, and patent applications to distribute, sell and market the Finished Product.",Exclusivity,Exclusivity,0.8060397505760193,Exclusivity,False
"LEGACYTECHNOLOGYHOLDINGS,INC_12_09_2005-EX-10.2-DISTRIBUTOR AGREEMENT","SIERRA shall cease making sales to any customer or distributor who, during the term of this Agreement, violates ENVISION's exclusivity.",Exclusivity,No-Solicit Of Customers,0.5201504826545715,LOW_CONFIDENCE,True
"LEGACYTECHNOLOGYHOLDINGS,INC_12_09_2005-EX-10.2-DISTRIBUTOR AGREEMENT","SIERRA warrants that it carries general liability insurance of not less than $2 million per occurrence and product liability insurance of not less than $5 million per occurrence and that, upon the execution of this Agreement, it will name ENVISION as an additional insured on such policies.",Insurance,Insurance,0.9968703389167786,Insurance,False
"LEGACYTECHNOLOGYHOLDINGS,INC_12_09_2005-EX-10.2-DISTRIBUTOR AGREEMENT","Sierra Mountain Minerals, Inc.",Parties,Parties,0.996865451335907,Parties,False
"LEGACYTECHNOLOGYHOLDINGS,INC_12_09_2005-EX-10.2-DISTRIBUTOR AGREEMENT",The term of this Agreement shall be two (2) years from the Effective Date with automatic annual renewals thereafter provided either party does not provide sixty (60) days notice of termination prior to the renewal date or the Agreement is not otherwise terminated as set forth in Section 8.,Notice Period To Terminate Renewal,Notice Period To Terminate Renewal,0.9836951494216919,Notice Period To Terminate Renewal,False
"LEGACYTECHNOLOGYHOLDINGS,INC_12_09_2005-EX-10.2-DISTRIBUTOR AGREEMENT","This Agreement grants ENVISION a non-exclusive and non-royalty bearing license to use the mark ""SierraSil"".",License Grant,License Grant,0.9778384566307068,License Grant,False
"LEGACYTECHNOLOGYHOLDINGS,INC_12_09_2005-EX-10.2-DISTRIBUTOR AGREEMENT","This Agreement is deemed to have been entered into in the State of Colorado, and its interpretation, construction, and the remedies for its enforcement or breach are to be applied pursuant to and in accordance with the laws of the State of Colorado.",Governing Law,Governing Law,0.9974333643913269,Governing Law,False
"LEGACYTECHNOLOGYHOLDINGS,INC_12_09_2005-EX-10.2-DISTRIBUTOR AGREEMENT","Upon termination, ENVISION shall have eighteen (18) months to exhaust any inventories, packaging and advertising materials bearing the ""SierraSil"" trademark and SIERRA shall have first option to buy back any inventory at ENVISION's net purchase pric",Post-Termination Services,Post-Termination Services,0.9859248995780945,Post-Termination Services,False
"LEGACYTECHNOLOGYHOLDINGS,INC_12_09_2005-EX-10.2-DISTRIBUTOR AGREEMENT","Upon termination, ENVISION shall have eighteen (18) months to exhaust any inventories, packaging and advertising materials bearing the ""SierraSil"" trademark and SIERRA shall have first option to buy back any inventory at ENVISION's net purchase price.",Rofr/Rofo/Rofn,Post-Termination Services,0.9677584767341614,Post-Termination Services,False
LEJUHOLDINGSLTD_03_12_2014-EX-10.34-INTERNET CHANNEL COOPERATION AGREEMENT,"Beijing Baidu Netcom Science and Technology Co., Ltd.",Parties,Parties,0.9968858361244202,Parties,False
LEJUHOLDINGSLTD_03_12_2014-EX-10.34-INTERNET CHANNEL COOPERATION AGREEMENT,"Beijing Yisheng Leju Information Services Co., Ltd",Parties,Parties,0.9968511462211609,Parties,False
LEJUHOLDINGSLTD_03_12_2014-EX-10.34-INTERNET CHANNEL COOPERATION AGREEMENT,"China Online Housing (Hong Kong) Co., Ltd.",Parties,Parties,0.9969407916069031,Parties,False
LEJUHOLDINGSLTD_03_12_2014-EX-10.34-INTERNET CHANNEL COOPERATION AGREEMENT,"During the term of this Agreement, Party B and its affiliates will be the exclusive cooperator of Party A's real estate and home furnishing cooperation channel.",Exclusivity,Exclusivity,0.9810130000114441,Exclusivity,False
LEJUHOLDINGSLTD_03_12_2014-EX-10.34-INTERNET CHANNEL COOPERATION AGREEMENT,Effective Date means the date of this Agreement.,Effective Date,Effective Date,0.9293969869613647,Effective Date,False
LEJUHOLDINGSLTD_03_12_2014-EX-10.34-INTERNET CHANNEL COOPERATION AGREEMENT,INTERNET CHANNEL COOPERATION AGREEMENT,Document Name,Document Name,0.9973970651626587,Document Name,False
LEJUHOLDINGSLTD_03_12_2014-EX-10.34-INTERNET CHANNEL COOPERATION AGREEMENT,"In this Agreement, Party A, Party B and Party C individually a ""Party"", collectively the ""Parties"".",Parties,Parties,0.9951757192611694,Parties,False
LEJUHOLDINGSLTD_03_12_2014-EX-10.34-INTERNET CHANNEL COOPERATION AGREEMENT,Party A,Parties,Parties,0.9961565136909485,Parties,False
LEJUHOLDINGSLTD_03_12_2014-EX-10.34-INTERNET CHANNEL COOPERATION AGREEMENT,"Party A grants all-round exclusive rights to Party B to construct, maintain and operate the Cooperation channel.",Exclusivity,Exclusivity,0.9809886813163757,Exclusivity,False
LEJUHOLDINGSLTD_03_12_2014-EX-10.34-INTERNET CHANNEL COOPERATION AGREEMENT,"Party A may not make any identical or similar cooperation regarding the real estate and home furnishing information, products and data in its real estate and home furnishing channel with any competitor of Party B.",Non-Compete,Non-Compete,0.964222252368927,Non-Compete,False
LEJUHOLDINGSLTD_03_12_2014-EX-10.34-INTERNET CHANNEL COOPERATION AGREEMENT,Party B,Parties,Parties,0.9962884187698364,Parties,False
LEJUHOLDINGSLTD_03_12_2014-EX-10.34-INTERNET CHANNEL COOPERATION AGREEMENT,"Party B and its affiliates will be the exclusive provider of real estate and home furnishing information, products and data in Party A's real estate and home furnishing channel.",Exclusivity,Exclusivity,0.9819169640541077,Exclusivity,False
LEJUHOLDINGSLTD_03_12_2014-EX-10.34-INTERNET CHANNEL COOPERATION AGREEMENT,Party C,Parties,Parties,0.996306300163269,Parties,False
LEJUHOLDINGSLTD_03_12_2014-EX-10.34-INTERNET CHANNEL COOPERATION AGREEMENT,"The channel is expected to be uploaded on August 1, 201",Expiration Date,Effective Date,0.8201287388801575,Effective Date,False
LEJUHOLDINGSLTD_03_12_2014-EX-10.34-INTERNET CHANNEL COOPERATION AGREEMENT,"The execution, effect, interpretation and performance of this Agreement and resolution of any dispute arising from this Agreement will be governed by PRC Laws.",Governing Law,Governing Law,0.9973437190055847,Governing Law,False
LEJUHOLDINGSLTD_03_12_2014-EX-10.34-INTERNET CHANNEL COOPERATION AGREEMENT,"This Agreement is dated April 29, 2010",Agreement Date,Effective Date,0.7267711162567139,Effective Date,False
LEJUHOLDINGSLTD_03_12_2014-EX-10.34-INTERNET CHANNEL COOPERATION AGREEMENT,"This Agreement is dated April 29, 2010.",Effective Date,Effective Date,0.7000920176506042,Effective Date,False
LEJUHOLDINGSLTD_03_12_2014-EX-10.34-INTERNET CHANNEL COOPERATION AGREEMENT,"This Agreement will be effective as of the date of its execution, and term of the Cooperation will be four years from the date on which the channel is uploaded.",Expiration Date,Effective Date,0.5588003993034363,LOW_CONFIDENCE,True
LEJUHOLDINGSLTD_03_12_2014-EX-10.34-INTERNET CHANNEL COOPERATION AGREEMENT,"Upon expiration of this Agreement, with all conditions being equal, Party B has the preferential right to continue Cooperation with Party A in respect of the real estate channel.",Rofr/Rofo/Rofn,Rofr/Rofo/Rofn,0.9220316410064697,Rofr/Rofo/Rofn,False
LEJUHOLDINGSLTD_03_12_2014-EX-10.34-INTERNET CHANNEL COOPERATION AGREEMENT,"Without prior written consent of the other Parties, none of the Parties may assign any or all of its rights and obligations under this Agreement to any third party.",Anti-Assignment,Anti-Assignment,0.988979697227478,Anti-Assignment,False
LIMEENERGYCO_09_09_1999-EX-10-DISTRIBUTOR AGREEMENT,"(A) 375 units in the first Product Year (1999) (B) 750 units in the next succeeding Product Year; (2000) (C) 937 units in the next succeeding Product Year; (2001) (D) 1,171 units in the next succeeding Product Year; (2002) (E) 1,463 units in the next succeeding Product Year; (2003) (F) 1,828 units in the next succeeding Product Year; (2004) (G) 2,285 units in the next succeeding Product Year; (2005) (H) 2,856 unit each in the lat three years of the initial Term of this Agreement and any renewals thereof.",Minimum Commitment,Other,0.3734109401702881,LOW_CONFIDENCE,True
LIMEENERGYCO_09_09_1999-EX-10-DISTRIBUTOR AGREEMENT,"7th day of September, 1999.",Agreement Date,Agreement Date,0.536288321018219,LOW_CONFIDENCE,True
LIMEENERGYCO_09_09_1999-EX-10-DISTRIBUTOR AGREEMENT,"A minimum of a $250,000.00 purchase order must be received by Company by the first of each month for a total (12) month period.",Minimum Commitment,Minimum Commitment,0.9912449717521667,Minimum Commitment,False
LIMEENERGYCO_09_09_1999-EX-10-DISTRIBUTOR AGREEMENT,Company,Parties,Parties,0.9958815574645996,Parties,False
LIMEENERGYCO_09_09_1999-EX-10-DISTRIBUTOR AGREEMENT,"Company further warrants that the Products sold hereunder shall be free from defects in design, materials and workmanship for a period of twenty-four (24) months after delivery to Distributor's end-user.",Warranty Duration,Warranty Duration,0.9930949211120605,Warranty Duration,False
LIMEENERGYCO_09_09_1999-EX-10-DISTRIBUTOR AGREEMENT,"Company hereby appoints Distributor as Company's exclusive distributor within the Market and grants to Distributor the exclusive right to sell and distribute Products within the Market, and Distributor hereby accepts such appointment and such grant, in accordance with the terms and conditions of this Agreement.",Exclusivity,Exclusivity,0.9801170229911804,Exclusivity,False
LIMEENERGYCO_09_09_1999-EX-10-DISTRIBUTOR AGREEMENT,"Company will carry a reasonable amount of product liability insurance through a reasonably acceptable products liability insurance company and will name the Distributor as an additional insured under that policy. Company will make reasonable efforts to procure a policy, which is non-cancelable, except upon thirty (30) days, advance notice to the Distributor.",Insurance,Insurance,0.996694803237915,Insurance,False
LIMEENERGYCO_09_09_1999-EX-10-DISTRIBUTOR AGREEMENT,Company's representatives will make themselves available three days per month in the first Product Year to consult with and train Distributor.,Minimum Commitment,Audit Rights,0.8512478470802307,Audit Rights,False
LIMEENERGYCO_09_09_1999-EX-10-DISTRIBUTOR AGREEMENT,DISTRIBUTOR AGREEMENT,Document Name,Document Name,0.9973639845848083,Document Name,False
LIMEENERGYCO_09_09_1999-EX-10-DISTRIBUTOR AGREEMENT,Distributor,Parties,Parties,0.995665967464447,Parties,False
LIMEENERGYCO_09_09_1999-EX-10-DISTRIBUTOR AGREEMENT,"Distributor further agrees that it will not interfere with or otherwise disrupt the business relations between the Company or nay of its affiliates and any of their current or prospective customers, suppliers or distributors, during the",No-Solicit Of Customers,No-Solicit Of Customers,0.9873282313346863,No-Solicit Of Customers,False
LIMEENERGYCO_09_09_1999-EX-10-DISTRIBUTOR AGREEMENT,Distributor shall exercise its option to become exclusive Distributor of other Products or devices by serving written notification on Company of its election to become exclusive distributor within thirty (30) days upon which Company informed Distributor in writing of Company's intention to introduce other Products or devices.,Rofr/Rofo/Rofn,Rofr/Rofo/Rofn,0.6852357387542725,Rofr/Rofo/Rofn,False
LIMEENERGYCO_09_09_1999-EX-10-DISTRIBUTOR AGREEMENT,"During the Term of this Agreement and for a period of twelve (12) months thereafter, the Distributor (on behalf of itself, each of its affiliates and each of their respective representatives) agrees that it will not directly or indirectly solicit or hire any executive, managerial or technical employee of the Company or any of its affiliates.",No-Solicit Of Employees,No-Solicit Of Employees,0.9934723377227783,No-Solicit Of Employees,False
LIMEENERGYCO_09_09_1999-EX-10-DISTRIBUTOR AGREEMENT,"During the Term of this Agreement and for three years thereafter, the Distributor (on behalf of itself and each of its affiliates) agrees not to commence, or provide any information to or otherwise assist any person or entity in connection with, any suit, action or proceeding contesting the ownership, validity or enforceability of any patent, copyright, trademark, trade name or other propriety right owned by or licensed to the Company, whether currently existing or hereinafter invented, developed or acquired unless required to by court order.",Covenant Not To Sue,Covenant Not To Sue,0.9933585524559021,Covenant Not To Sue,False
LIMEENERGYCO_09_09_1999-EX-10-DISTRIBUTOR AGREEMENT,Electric City Corp.,Parties,Parties,0.9966139197349548,Parties,False
LIMEENERGYCO_09_09_1999-EX-10-DISTRIBUTOR AGREEMENT,Electric City of Illinois L.L.C.,Parties,Parties,0.9968363046646118,Parties,False
LIMEENERGYCO_09_09_1999-EX-10-DISTRIBUTOR AGREEMENT,Electric City of Illinois LLC,Parties,Parties,0.9968973398208618,Parties,False
LIMEENERGYCO_09_09_1999-EX-10-DISTRIBUTOR AGREEMENT,"Following expiration or termination of this Agreement, the Distributor may continue to sell any Products in the Market which are in its inventory",Post-Termination Services,Post-Termination Services,0.992249608039856,Post-Termination Services,False
LIMEENERGYCO_09_09_1999-EX-10-DISTRIBUTOR AGREEMENT,"If Company does not give Annual Notice pursuant to Section 3.1 hereof, Distributor may, within 90 days of modification, improvement or alteration, return the Products to the Company.",Warranty Duration,Warranty Duration,0.9892528653144836,Warranty Duration,False
LIMEENERGYCO_09_09_1999-EX-10-DISTRIBUTOR AGREEMENT,"If Company terminates the Agreement without cause and for reasons other than Distributor's failure to meet its minimum expectations; it shall repurchase from Distributor any unopened Product, and shall bear all shipping, handling and related costs notwithstanding any other remedies to which Distributor may be entitled.",Post-Termination Services,Post-Termination Services,0.9874386191368103,Post-Termination Services,False
LIMEENERGYCO_09_09_1999-EX-10-DISTRIBUTOR AGREEMENT,"If Distributor complies with all of the terms of this Agreement, the Agreement shall be renewable on an annual basis for one (1) year terms for up to another ten (10) years on the same terms and conditions as set forth herein.",Renewal Term,Renewal Term,0.9808112382888794,Renewal Term,False
LIMEENERGYCO_09_09_1999-EX-10-DISTRIBUTOR AGREEMENT,"If Distributor does not exercise its option as herein provided, Company may distribute the other Products or devices within the Market itself or through other distributors.",Rofr/Rofo/Rofn,Rofr/Rofo/Rofn,0.988021731376648,Rofr/Rofo/Rofn,False
LIMEENERGYCO_09_09_1999-EX-10-DISTRIBUTOR AGREEMENT,"If the Distributor shall fail to purchase the minimum number of units in any year, the Distributor's exclusive rights to sell and distribute the Product in the Market, may at Company's sole option, be reevaluated.",Minimum Commitment,Competitive Restriction Exception,0.611700177192688,Competitive Restriction Exception,False
LIMEENERGYCO_09_09_1999-EX-10-DISTRIBUTOR AGREEMENT,"If, within the twenty-four (24) month warranty period set forth above, Company received from Distributor or any of Distributor's end-user's a notice which may be oral notice confirmed in writing) that any of the Products sold hereunder do not meet the Warranties specified above, Company shall thereupon correct each such defect by providing the necessary repairs, and/or replacement parts, or if necessary, Products.",Warranty Duration,Warranty Duration,0.9916338920593262,Warranty Duration,False
LIMEENERGYCO_09_09_1999-EX-10-DISTRIBUTOR AGREEMENT,"In order to maintain the exclusive rights to sell, lease, distribute and service Products in the Market, the Distributor must use all commercially reasonably efforts to purchase for sale to subdistributors the following minimum quantities of the Products from the Company: On the commencement of the Term Distributor will issue to the Company an irrevocable letter of credit (""LC"") in the amount of Five Hundred Thousand Dollars ($500,000), the form of which is attached hereto as Exhibit A and incorporated herein by reference.",Minimum Commitment,Exclusivity,0.8802348375320435,Exclusivity,False
LIMEENERGYCO_09_09_1999-EX-10-DISTRIBUTOR AGREEMENT,"In the event either party (a) becomes adjudicated insolvent, (b) discontinues its business, (c) has voluntary of involuntary bankruptcy proceedings instituted against it, or (d) makes an assignment for the benefit of creditors, the other party shall be entitled to terminate this Agreement effective immediately upon written notice.",Anti-Assignment,Change Of Control,0.9424200654029846,Change Of Control,False
LIMEENERGYCO_09_09_1999-EX-10-DISTRIBUTOR AGREEMENT,"In the event of any damages or other defect in a Product which is discovered by Distributor within 365 days of satisfactory installation of a Product at Distributor's or a subdistributor's customer, the Distributor shall promptly report the same to the Company and reasonably demonstrate the defect to the Company.",Warranty Duration,Warranty Duration,0.9903548955917358,Warranty Duration,False
LIMEENERGYCO_09_09_1999-EX-10-DISTRIBUTOR AGREEMENT,"In the event that Company is unable or unwilling to promptly perform any warranty work without reasonable cause and following full and fair opportunity to do so, or in the event of the necessity for emergency repairs of a defective Product for which there is no reasonable possibility of performance by Company, Distributor may perform such warranty work or hire a third party to perform such warranty work and the reasonable cost thereof shall be paid by Company.",Warranty Duration,Warranty Duration,0.9825558662414551,Warranty Duration,False
LIMEENERGYCO_09_09_1999-EX-10-DISTRIBUTOR AGREEMENT,"No assignment of this Agreement or any right accruing hereunder shall be made by the Distributor in whole or in part, without the prior written consent of the Company, which consent shall not be unreasonably withheld.",Anti-Assignment,Anti-Assignment,0.9894089698791504,Anti-Assignment,False
LIMEENERGYCO_09_09_1999-EX-10-DISTRIBUTOR AGREEMENT,"Should Company introduce other products or devices as contemplated by recital paragraph ""A"", Distributor shall have the option of becoming Company's exclusive distributor of such other Products or devices within the Market.",Rofr/Rofo/Rofn,Exclusivity,0.9407237768173218,Exclusivity,False
LIMEENERGYCO_09_09_1999-EX-10-DISTRIBUTOR AGREEMENT,"Term of the Agreement and for a period of eighteen (18) months thereafter, nor will Distributor solicit any customer or potential customer of Company to purchase a competitive product during that period.",No-Solicit Of Customers,No-Solicit Of Customers,0.9861038327217102,No-Solicit Of Customers,False
LIMEENERGYCO_09_09_1999-EX-10-DISTRIBUTOR AGREEMENT,"The Company also reserves the right to increase or decrease the price per unit based on Company wide changes in unit prices to all distributors of the Company, provided however, that any price changes, other than those based on the CPI, shall be uniformly applied to all distributors of the Products and shall reasonably applied to all distributors of the Products and shall reasonably reflect Company's costs of manufacturing the Products and/or market demand for the Products, provided further than any increase in price based upon market demand shall not be so great as to deprive Distributor of its normal and customary profit margin.",Price Restrictions,Price Restrictions,0.990817666053772,Price Restrictions,False
LIMEENERGYCO_09_09_1999-EX-10-DISTRIBUTOR AGREEMENT,"The Company appoints the Distributor as an exclusive distributor of Products in the Market, subject to the terms and conditions of this Agreement.",Exclusivity,Exclusivity,0.9808090925216675,Exclusivity,False
LIMEENERGYCO_09_09_1999-EX-10-DISTRIBUTOR AGREEMENT,"The Company hereby grants the Distributor the right to do business and use the name ""Electric City of Illinois"" or a similar variation thereof (collectively the ""Names"") for use under this Agreement.",License Grant,License Grant,0.9718573093414307,License Grant,False
LIMEENERGYCO_09_09_1999-EX-10-DISTRIBUTOR AGREEMENT,"The Company represents that, to the best of its knowledge, Products are in compliance with all laws, and that the Products will not be hazardous or dangerous when used for their intended purpose. Products do not cause harmful emissions or other environmental hazards and Products do not violate or infringe any patents, copyrights, trademarks or other rights of nay third party(ies).",Warranty Duration,Other,0.9654918313026428,Other,False
LIMEENERGYCO_09_09_1999-EX-10-DISTRIBUTOR AGREEMENT,The Company reserves the right to reject any Products that are not factory sealed and in new and unused condition.,Warranty Duration,Warranty Duration,0.9800409078598022,Warranty Duration,False
LIMEENERGYCO_09_09_1999-EX-10-DISTRIBUTOR AGREEMENT,"The Company shall not have any obligation with respect to Products after 365 days following delivery to Distributor, except as provided herein.",Warranty Duration,Cap On Liability,0.49336057901382446,LOW_CONFIDENCE,True
LIMEENERGYCO_09_09_1999-EX-10-DISTRIBUTOR AGREEMENT,The Distributor shall not order or purchase Products from any source other than the Company.,Exclusivity,Exclusivity,0.9533435106277466,Exclusivity,False
LIMEENERGYCO_09_09_1999-EX-10-DISTRIBUTOR AGREEMENT,The prices set forth in Section 2.4(a) shall be subject to adjustment annually on the first day of each Product Year beginning in the calendar year 2000 and on the first day of each succeeding Product Year for the remainder of the Term and all renewals of this Agreement in proportion to the increase or decrease in the Consumer Price Index (CPI) as compared to the CPI as it existed on the first day of the Term of this Agreement.,Price Restrictions,Price Restrictions,0.9889841675758362,Price Restrictions,False
LIMEENERGYCO_09_09_1999-EX-10-DISTRIBUTOR AGREEMENT,"The term of this Agreement shall be ten (10) years (the ""Term"") which shall commence on the date upon which the Company delivers to Distributor the last Sample, as defined hereinafter.",Effective Date,Expiration Date,0.9626663327217102,Expiration Date,False
LIMEENERGYCO_09_09_1999-EX-10-DISTRIBUTOR AGREEMENT,This Agreement is to be construed according to the laws of the State of Illinois.,Governing Law,Governing Law,0.9975034594535828,Governing Law,False
LIMEENERGYCO_09_09_1999-EX-10-DISTRIBUTOR AGREEMENT,"Unless earlier terminated otherwise provided therein, this Agreement, subject to the commencement date established in Section 1.3, shall be effective immediately.",Effective Date,Effective Date,0.5777271389961243,LOW_CONFIDENCE,True
LIMEENERGYCO_09_09_1999-EX-10-DISTRIBUTOR AGREEMENT,"Upon the expiration or termination of this Agreement, pursuant to Section 4.1 or 4.2 hereof, the Company may, at its option to be exercised within 30 days of the date of the termination of this Agreement, and in its sole discretion, repurchase any Products in the possession of the Distributor at the net invoice price paid by the Distributor to the Company less any applicable special allowances, discounts, shipping or allowances for cooperative advertising.",Post-Termination Services,Post-Termination Services,0.991605281829834,Post-Termination Services,False
LIMEENERGYCO_09_09_1999-EX-10-DISTRIBUTOR AGREEMENT,and which the Company has not repurchased.,Post-Termination Services,Rofr/Rofo/Rofn,0.6282423138618469,Rofr/Rofo/Rofn,False
MOSSIMOINC_04_14_2000-EX-10.14-ENDORSEMENT AGREEMENT,"""Contract Period"" shall mean that period of time commencing on January 1, 2000 and concluding December 31, 2003, unless terminated sooner as provided herein.",Effective Date,Expiration Date,0.8959290385246277,Expiration Date,False
MOSSIMOINC_04_14_2000-EX-10.14-ENDORSEMENT AGREEMENT,"1st day of January, 2000",Agreement Date,Agreement Date,0.4951481521129608,LOW_CONFIDENCE,True
MOSSIMOINC_04_14_2000-EX-10.14-ENDORSEMENT AGREEMENT,A certificate of insurance evidencing such coverage shall be furnished to Duval within thirty (30) days of the full execution of this Agreement.,Insurance,Insurance,0.9965182542800903,Insurance,False
MOSSIMOINC_04_14_2000-EX-10.14-ENDORSEMENT AGREEMENT,Any unearned Additional License Fee is fully &bbsp; refundable and due Company no later then January 31st of the following year.,Liquidated Damages,Revenue/Profit Sharing,0.9393342733383179,Revenue/Profit Sharing,False
MOSSIMOINC_04_14_2000-EX-10.14-ENDORSEMENT AGREEMENT,Company,Parties,Parties,0.9958815574645996,Parties,False
MOSSIMOINC_04_14_2000-EX-10.14-ENDORSEMENT AGREEMENT,"Company agrees to provide and maintain, at its own expense, general commercial and product liability insurance with limits no less than Three Million Dollars ($3,000,000) and naming Licensor and Duval as additional named insureds.",Insurance,Insurance,0.9967818260192871,Insurance,False
MOSSIMOINC_04_14_2000-EX-10.14-ENDORSEMENT AGREEMENT,"Company shall provide and maintain, at its own expense, commercial general liability insurance and advertising injury coverage, with limits of not less than One Million Dollars ($1,000,000.00), and shall cause such policy to be endorsed to state that Duval is an additional named insured thereunder.",Insurance,Insurance,0.996701180934906,Insurance,False
MOSSIMOINC_04_14_2000-EX-10.14-ENDORSEMENT AGREEMENT,"DAVID DUVAL ENTERPRISES, INC.",Parties,Parties,0.9968544840812683,Parties,False
MOSSIMOINC_04_14_2000-EX-10.14-ENDORSEMENT AGREEMENT,ENDORSEMENT AGREEMENT,Document Name,Document Name,0.9973016977310181,Document Name,False
MOSSIMOINC_04_14_2000-EX-10.14-ENDORSEMENT AGREEMENT,"In consideration of the remuneration to be paid to Licensor pursuant hereto, Licensor grants to Company the right and license during the Contract Period to use the Duval Identification solely in connection with the advertisement and promotion of Company's Products within the Contract Territory as set forth herein.",License Grant,License Grant,0.9849429130554199,License Grant,False
MOSSIMOINC_04_14_2000-EX-10.14-ENDORSEMENT AGREEMENT,"In no event will Licensor be liable for any indirect, incidental, reliance, special or consequential damages arising out of the performance or non-performance of this Agreement, whether or not Licensor had been advised of the possibility of such damages.",Cap On Liability,Cap On Liability,0.9902802109718323,Cap On Liability,False
MOSSIMOINC_04_14_2000-EX-10.14-ENDORSEMENT AGREEMENT,"In the event Duval does not meet the Minimum Annual Performance Requirements for a Contract Year, $375,000 of the Additional License Fee will be deemed to be unearned.",Liquidated Damages,Minimum Commitment,0.9906901121139526,Minimum Commitment,False
MOSSIMOINC_04_14_2000-EX-10.14-ENDORSEMENT AGREEMENT,"In the event of the merger or consolidation of Company with any other entity, Licensor shall have the right to terminate the Contract Period by so notifying Company in writing within sixty (60) days following Licensor's receipt of notice of such merger or consolidation.",Change Of Control,Change Of Control,0.9870473146438599,Change Of Control,False
MOSSIMOINC_04_14_2000-EX-10.14-ENDORSEMENT AGREEMENT,"In the event that, prior to commencement of the Contract Period, Company has filed one or more applications for registration of any such trademark, or otherwise has obtained any rights to such trademark, Company agrees to cause such applications and/or trademarks to be assigned and transferred to Licensor forthwith.",Ip Ownership Assignment,Ip Ownership Assignment,0.9898109436035156,Ip Ownership Assignment,False
MOSSIMOINC_04_14_2000-EX-10.14-ENDORSEMENT AGREEMENT,"In the event the Company terminates the Agreement in accordance with Section 16, any unearned Additional License Fee will be fully refundable and due the Company as set forth in Section 16.",Liquidated Damages,Liquidated Damages,0.5754948258399963,LOW_CONFIDENCE,True
MOSSIMOINC_04_14_2000-EX-10.14-ENDORSEMENT AGREEMENT,"It is understood that Company may not use the Duval Identification in connection with any items for sale or resale, other than Company Products as specified herein.",License Grant,License Grant,0.9549927115440369,License Grant,False
MOSSIMOINC_04_14_2000-EX-10.14-ENDORSEMENT AGREEMENT,It is understood that Duval is not a party hereto and has no liability hereunder but is an intended specific third party creditor beneficiary hereof.,Third Party Beneficiary,Third Party Beneficiary,0.9926615953445435,Third Party Beneficiary,False
MOSSIMOINC_04_14_2000-EX-10.14-ENDORSEMENT AGREEMENT,Licensor,Parties,Parties,0.9953600764274597,Parties,False
MOSSIMOINC_04_14_2000-EX-10.14-ENDORSEMENT AGREEMENT,Licensor agrees not to grant the right to use the Duval Identification to anyone other than Company in connection with the advertisement and promotion of Products.,Exclusivity,Exclusivity,0.9755793809890747,Exclusivity,False
MOSSIMOINC_04_14_2000-EX-10.14-ENDORSEMENT AGREEMENT,Licensor agrees that Duval must achieve and maintain Exempt Status on the PGA Tour throughout each Contract Year and must participate as a player in a minimum of fifteen (15) official PGA Tour events each Contract Year (Minimum Annual Performance Requirements).,Minimum Commitment,Minimum Commitment,0.9893798232078552,Minimum Commitment,False
MOSSIMOINC_04_14_2000-EX-10.14-ENDORSEMENT AGREEMENT,"MOSSIMO, INC.",Parties,Parties,0.9968723654747009,Parties,False
MOSSIMOINC_04_14_2000-EX-10.14-ENDORSEMENT AGREEMENT,"Notwithstanding anything to the contrary herein, in the event Company incurs any expenses, damages or other liabilities (including, without limitation, reasonable attorneys' fees) in connection with the performance or non-performance of any term or provision hereof, Licensor's liability to Company shall not exceed the remuneration, excluding reimbursement of expenses, actually paid to Licensor by Company.",Cap On Liability,Cap On Liability,0.9900521636009216,Cap On Liability,False
MOSSIMOINC_04_14_2000-EX-10.14-ENDORSEMENT AGREEMENT,Such insurance policy shall provide that the insurer shall not terminate or materially modify such policy or remove Duval as an additional named insured without prior written notice to Duval at least twenty (20) days in advance thereof.,Insurance,Insurance,0.9965686798095703,Insurance,False
MOSSIMOINC_04_14_2000-EX-10.14-ENDORSEMENT AGREEMENT,"The rights granted Company hereunder are personal to it, shall be used only by it or its affiliate and shall not without the prior written consent of Licensor be transferred or assigned to any other party.",Anti-Assignment,Anti-Assignment,0.9819213151931763,Anti-Assignment,False
MOSSIMOINC_04_14_2000-EX-10.14-ENDORSEMENT AGREEMENT,"This agreement shall be governed by, and its provisions enforced in accordance with, the laws of the State of Ohio, without regard to its principals of conflicts of laws.",Governing Law,Governing Law,0.9974967837333679,Governing Law,False
MOSSIMOINC_04_14_2000-EX-10.14-ENDORSEMENT AGREEMENT,"Within thirty (30) days from the date hereof, Company will submit to Licensor evidence of such policy, requiring that the insurer shall not terminate or materially modify such without written notice to Licensor at least twenty (20) days in advance thereof.",Insurance,Insurance,0.996566116809845,Insurance,False
MOVADOGROUPINC_04_30_2003-EX-10.28-ENDORSEMENT AGREEMENT,Company,Parties,Parties,0.9958815574645996,Parties,False
MOVADOGROUPINC_04_30_2003-EX-10.28-ENDORSEMENT AGREEMENT,ENDORSEMENT AGREEMENT,Document Name,Document Name,0.9973016977310181,Document Name,False
MOVADOGROUPINC_04_30_2003-EX-10.28-ENDORSEMENT AGREEMENT,"Except to the extent preempted by Employee Retirement Income Security Act of 1974, as amended (""ERISA""), all rights hereunder shall be governed by and construed in accordance with the laws of the State of New York without regard to its rules governing conflicts of laws, or the rules of any other jurisdiction which would cause the laws of any jurisdiction other than the State of New York to apply.",Governing Law,Governing Law,0.997300922870636,Governing Law,False
MOVADOGROUPINC_04_30_2003-EX-10.28-ENDORSEMENT AGREEMENT,"IN WITNESS WHEREOF, the parties hereto have executed this Agreement as of this 4th day of April, 2003.",Agreement Date,Other,0.9166686534881592,Other,False
MOVADOGROUPINC_04_30_2003-EX-10.28-ENDORSEMENT AGREEMENT,"In the event this Agreement is terminated in accordance with this Section 11, the Company shall transfer the Policy to the Trust as soon as is administratively practicable.",Post-Termination Services,Post-Termination Services,0.9016205072402954,Post-Termination Services,False
MOVADOGROUPINC_04_30_2003-EX-10.28-ENDORSEMENT AGREEMENT,"Movado Group, Inc.",Parties,Parties,0.9968252182006836,Parties,False
MOVADOGROUPINC_04_30_2003-EX-10.28-ENDORSEMENT AGREEMENT,"Notwithstanding any provisions of this Agreement to the contrary, this Agreement shall terminate upon the Trust's payment to the Company of the sum of the aggregate amount of the premiums paid under the Policy since inception (which amount includes the outstanding principal balance of the Demand Note).",Expiration Date,Expiration Date,0.9299197793006897,Expiration Date,False
MOVADOGROUPINC_04_30_2003-EX-10.28-ENDORSEMENT AGREEMENT,Trust,Parties,Parties,0.9957700371742249,Parties,False
MOVADOGROUPINC_04_30_2003-EX-10.28-ENDORSEMENT AGREEMENT,Trustees of the Grinberg Family Trust,Parties,Parties,0.9948935508728027,Parties,False
MSCIINC_02_28_2008-EX-10.10-,"(""MS"")",Parties,Parties,0.9953320622444153,Parties,False
MSCIINC_02_28_2008-EX-10.10-,"(""MSCI"")",Parties,Parties,0.9965541362762451,Parties,False
MSCIINC_02_28_2008-EX-10.10-,"(MS and MSCI individually referred to as a ""Party"" and collectively as the ""Parties"").",Parties,Parties,0.9960143566131592,Parties,False
MSCIINC_02_28_2008-EX-10.10-,Intellectual Property Agreement,Document Name,Document Name,0.9972755312919617,Document Name,False
MSCIINC_02_28_2008-EX-10.10-,"MS agrees that neither MSCI nor its subsidiaries (collectively, the ""MSCI Provider Group"") and the respective directors, officers, agents, and employees of the MSCI Provider Group shall have any liability, whether direct or indirect, in contract or tort or",Cap On Liability,Cap On Liability,0.9879459738731384,Cap On Liability,False
MSCIINC_02_28_2008-EX-10.10-,"MS hereby grants (subject to any existing third party contractual obligations) to MSCI a non-exclusive, perpetual, irrevocable, world- wide, royalty-free license for MSCI to use, modify, copy, create derivative works of and sublicense, for any business purpose, the MS Licensed Materials.",Irrevocable Or Perpetual License,Irrevocable Or Perpetual License,0.9575827717781067,Irrevocable Or Perpetual License,False
MSCIINC_02_28_2008-EX-10.10-,MSCI Inc,Parties,Parties,0.996841549873352,Parties,False
MSCIINC_02_28_2008-EX-10.10-,"MSCI agrees that neither MS nor its affiliates or subsidiaries (other than MSCI) (collectively, the ""MS Provider Group"") and the respective directors, officers, agents, and employees of the MS Provider Group shall have any liability, whether direct or indirect, in contract or tort or otherwise, to MSCI for or in connection with this Agreement or the transactions contemplated hereby or any actions or inactions by or on behalf of the MS Provider Group in connection with this Agreement and such transactions.",Cap On Liability,Cap On Liability,0.987498939037323,Cap On Liability,False
MSCIINC_02_28_2008-EX-10.10-,"MSCI hereby grants (subject to any existing third party contractual obligations) to MS a non-exclusive, perpetual, irrevocable, world- wide, royalty-free license for MS to use, modify, copy, create derivative works of and sublicense, for any business purpose, the MSCI Licensed Materials.",Irrevocable Or Perpetual License,Irrevocable Or Perpetual License,0.9579243659973145,Irrevocable Or Perpetual License,False
MSCIINC_02_28_2008-EX-10.10-,Morgan Stanley & Co. Incorporated,Parties,Parties,0.9968600273132324,Parties,False
MSCIINC_02_28_2008-EX-10.10-,"Notwithstanding the provisions of Section 5(a) and (b), none of the members of the MS Provider Group and the MSCI Provider Group shall be liable for any special, indirect, incidental, consequential or punitive damages of any kind whatsoever in any way due to, resulting from or arising in connection with the performance of or failure to perform MS's or MSCI's obligations under this Agreement.",Cap On Liability,Uncapped Liability,0.8319849967956543,Uncapped Liability,False
MSCIINC_02_28_2008-EX-10.10-,"November 20, 2007",Effective Date,Agreement Date,0.5436758399009705,LOW_CONFIDENCE,True
MSCIINC_02_28_2008-EX-10.10-,This Agreement shall be construed in accordance with and governed by the substantive internal laws of the State of New York.,Governing Law,Governing Law,0.997470498085022,Governing Law,False
MSCIINC_02_28_2008-EX-10.10-,"This disclaimer applies without limitation (i) to claims for lost profits, (ii) regardless of the form of action, whether in contract, tort (including negligence), strict liability, or otherwise, and (iii) regardless of whether such damages are foreseeable or whether any member of the MS Provider Group or the MSCI Provider Group has been advised of the possibility of such damages.",Cap On Liability,Cap On Liability,0.7624617218971252,Cap On Liability,False
MSCIINC_02_28_2008-EX-10.10-,"otherwise, to MS for or in connection with this Agreement or the transactions contemplated hereby or any actions or inactions by or on behalf of the MSCI Provider Group in connection with this Agreement and such transactions.",Cap On Liability,Other,0.31108200550079346,LOW_CONFIDENCE,True
NEOMEDIATECHNOLOGIESINC_12_15_2005-EX-16.1-DISTRIBUTOR AGREEMENT,"(ii) DISTRIBUTOR, or any principal owner of DISTRIBUTOR, is convicted of a crime which, in PPG SHANGHAI's reasonable judgment, may adversely affect the goodwill or interest of DISTRIBUTOR or of PPG SHANGHAI;",Non-Disparagement,Non-Disparagement,0.8627746105194092,Non-Disparagement,False
NEOMEDIATECHNOLOGIESINC_12_15_2005-EX-16.1-DISTRIBUTOR AGREEMENT,"(iii) DISTRIBUTOR becomes insolvent, assigns or attempts to assign its business assets for the benefit of creditors, institutes or has instituted against it proceedings in bankruptcy, or dissolves or liquidates the business of DISTRIBUTOR",Anti-Assignment,Other,0.6002275347709656,Other,False
NEOMEDIATECHNOLOGIESINC_12_15_2005-EX-16.1-DISTRIBUTOR AGREEMENT,.,Anti-Assignment,Agreement Date,0.5962545275688171,LOW_CONFIDENCE,True
NEOMEDIATECHNOLOGIESINC_12_15_2005-EX-16.1-DISTRIBUTOR AGREEMENT,1st day of December,Effective Date,Effective Date,0.49915438890457153,LOW_CONFIDENCE,True
NEOMEDIATECHNOLOGIESINC_12_15_2005-EX-16.1-DISTRIBUTOR AGREEMENT,DISTRIBUTOR,Parties,Parties,0.9962130784988403,Parties,False
NEOMEDIATECHNOLOGIESINC_12_15_2005-EX-16.1-DISTRIBUTOR AGREEMENT,DISTRIBUTOR AGREEMENT,Document Name,Document Name,0.9973639845848083,Document Name,False
NEOMEDIATECHNOLOGIESINC_12_15_2005-EX-16.1-DISTRIBUTOR AGREEMENT,"DISTRIBUTOR acknowledges PPG SHANGHAI's exclusive right and interests in relation to the PPG Trademarks and further acknowledges that all copyrights, patent, utility model rights and all other industrial property rights of whatever kind used in or in connection with the Products are the sole and exclusive property of PPG SHANGHAI or PPG and that DISTRIBUTOR will not, whether during the Term of this appointment or after its expiry or termination, knowingly do or cause to be done any act or thing directly or indirectly, contest or in any way impair or attempting to impair PPG SHANGHAI or PPG's rights, titles or interests in the PPG Trademarks.",Covenant Not To Sue,Covenant Not To Sue,0.9935134053230286,Covenant Not To Sue,False
NEOMEDIATECHNOLOGIESINC_12_15_2005-EX-16.1-DISTRIBUTOR AGREEMENT,DISTRIBUTOR agrees to satisfy the annual and quarterly sale targets for the Products set forth in Appendix 3 herein as mutually agreed to by the parties hereof.,Minimum Commitment,Minimum Commitment,0.9911032915115356,Minimum Commitment,False
NEOMEDIATECHNOLOGIESINC_12_15_2005-EX-16.1-DISTRIBUTOR AGREEMENT,"During the term of this Agreement, DISTRIBUTOR shall have the exclusive right for selling the Products to Beijing Sino-US Jinche Yingang Auto Technological Services Limited (the ""Auto Center"").",Exclusivity,Exclusivity,0.9799579977989197,Exclusivity,False
NEOMEDIATECHNOLOGIESINC_12_15_2005-EX-16.1-DISTRIBUTOR AGREEMENT,"For the avoidance of doubt, PPG SHANGHAI hereby declares and represents that PPG SHANGHAI is not responsible for any damage to the Products after they have been taken away from PPG SHANGHAI's warehouse and caused by DISTRIBUTOR or its transport agent.",Cap On Liability,Cap On Liability,0.9538109302520752,Cap On Liability,False
NEOMEDIATECHNOLOGIESINC_12_15_2005-EX-16.1-DISTRIBUTOR AGREEMENT,"If Products are found damaged upon delivery, DISTRIBUTOR or its customers who directly receive the delivery shall report to PPG SHANGHAI in writing within 48 hours.",Warranty Duration,Warranty Duration,0.9757678508758545,Warranty Duration,False
NEOMEDIATECHNOLOGIESINC_12_15_2005-EX-16.1-DISTRIBUTOR AGREEMENT,"In case of discrepancy found in Products delivered, DISTRIBUTOR shall report to PPG SHANGHAI in writing, detailing all the discrepancies within 48 hours after delivery.",Warranty Duration,Warranty Duration,0.9734293222427368,Warranty Duration,False
NEOMEDIATECHNOLOGIESINC_12_15_2005-EX-16.1-DISTRIBUTOR AGREEMENT,In no event shall PPG SHANGHAI be liable for consequential damages.,Cap On Liability,Cap On Liability,0.9901911020278931,Cap On Liability,False
NEOMEDIATECHNOLOGIESINC_12_15_2005-EX-16.1-DISTRIBUTOR AGREEMENT,"In the event that the Product fails to conform to the warranties herein given, DISTRIBUTOR's exclusive remedy and PPG SHANGHAI's sole responsibility is, at PPG SHANGHAI's option, limited to the replacement of such nonconforming Product at PPG SHANGHAI's expense or the refund of the purchase price attributable to a specific delivery as to which a claim is made.",Cap On Liability,Cap On Liability,0.9853734374046326,Cap On Liability,False
NEOMEDIATECHNOLOGIESINC_12_15_2005-EX-16.1-DISTRIBUTOR AGREEMENT,"In the event that there is no written notice issued by either party to show the intention to renew this Agreement in the said thirty(30) days before the expiry of the current Term of the Agreement, the Agreement shall terminate at the end of the said thirty(30) days.",Renewal Term,Renewal Term,0.9601511359214783,Renewal Term,False
NEOMEDIATECHNOLOGIESINC_12_15_2005-EX-16.1-DISTRIBUTOR AGREEMENT,NeoMedia Micro Paint Repair,Parties,Parties,0.9968000650405884,Parties,False
NEOMEDIATECHNOLOGIESINC_12_15_2005-EX-16.1-DISTRIBUTOR AGREEMENT,"Notwithstanding the provisions of any law, rule, or regulation to the contrary, on the termination of this Agreement for any cause whatsoever, DISTRIBUTOR shall not be entitled to claim or receive from PPG SHANGHAI any compensation, reimbursement, or damages on account of any expenditure or commitment of any kind in connection with its business or on account of goodwill or on account of loss of prospective profits or otherwise.",Cap On Liability,Cap On Liability,0.9896875023841858,Cap On Liability,False
NEOMEDIATECHNOLOGIESINC_12_15_2005-EX-16.1-DISTRIBUTOR AGREEMENT,PPG Paints Trading (Shanghai) Co Ltd,Parties,Parties,0.9949069619178772,Parties,False
NEOMEDIATECHNOLOGIESINC_12_15_2005-EX-16.1-DISTRIBUTOR AGREEMENT,"PPG SHANGHAI hereby grants to DISTRIBUTOR during the Term, subject to the terms and conditions hereinafter specified, a limited, nonexclusive, nonassignable and nontransferable right to use the PPG Trademarks in the Territory for or in connection with its advertisement, promotion, sale and distribution of Products.",Non-Transferable License,Non-Transferable License,0.9692692756652832,Non-Transferable License,False
NEOMEDIATECHNOLOGIESINC_12_15_2005-EX-16.1-DISTRIBUTOR AGREEMENT,"PPG SHANGHAI shall have the right to terminate this Agreement and/or suspend its performance hereunder immediately upon giving notice to DISTRIBUTOR, which termination shall be effective upon receipt of notice, if any one of the following occurs:",Non-Disparagement,Change Of Control,0.3043659031391144,LOW_CONFIDENCE,True
NEOMEDIATECHNOLOGIESINC_12_15_2005-EX-16.1-DISTRIBUTOR AGREEMENT,PPG SHANGHAI will not accept any claims for discrepancy in delivery beyond the 48 hours period.,Warranty Duration,Warranty Duration,0.986447811126709,Warranty Duration,False
NEOMEDIATECHNOLOGIESINC_12_15_2005-EX-16.1-DISTRIBUTOR AGREEMENT,PPG Shanghai,Parties,Parties,0.9961985945701599,Parties,False
NEOMEDIATECHNOLOGIESINC_12_15_2005-EX-16.1-DISTRIBUTOR AGREEMENT,"PPG Shanghai or any of its direct or indirect affiliates shall not sell any of its products directly to the Auto Center or to any of the Auto Center's affiliates in China or throughout the world, unless PPG Shanghai obtains Distributor's written approval.",Exclusivity,No-Solicit Of Customers,0.5576268434524536,LOW_CONFIDENCE,True
NEOMEDIATECHNOLOGIESINC_12_15_2005-EX-16.1-DISTRIBUTOR AGREEMENT,"The term of this Agreement (the ""Term"") shall commence on the date first above written and shall terminate on 31 December 2006, unless sooner terminated in accordance with the provisions hereof.",Expiration Date,Expiration Date,0.6268024444580078,Expiration Date,False
NEOMEDIATECHNOLOGIESINC_12_15_2005-EX-16.1-DISTRIBUTOR AGREEMENT,"The validity, construction, and performance of this Agreement shall be governed by and interpreted in accordance with the laws of the People's Republic of China.",Governing Law,Governing Law,0.9974385499954224,Governing Law,False
OPERALTD_04_30_2020-EX-4.14-SERVICE AGREEMENT,"""Service Period"" means April. 1st 2019 through to March 30, 2020",Expiration Date,Expiration Date,0.9778182506561279,Expiration Date,False
OPERALTD_04_30_2020-EX-4.14-SERVICE AGREEMENT,"4.7 Data protection. Each Party agrees to comply with all applicable data protection and privacy laws arising from its obligations, if any, under the Agreement and to reasonably co-operate with the other Party in order to allow the other Party to comply with any laws as deemed necessary from time to time. Each Party shall treat all data, information relating to Services, including but not limit to the customer personal data, as confidential. Each party warrants that it shall take appropriate technical and organizational measures against unauthorized or unlaw",Renewal Term,Other,0.9964703321456909,Other,False
OPERALTD_04_30_2020-EX-4.14-SERVICE AGREEMENT,April. 1st 2019,Effective Date,Effective Date,0.5066492557525635,LOW_CONFIDENCE,True
OPERALTD_04_30_2020-EX-4.14-SERVICE AGREEMENT,"Both Parties acknowledge and confirm that the Reserve Bank of India (hereafter ""RBI"") or persons authorized by it has right to access and inspect the PC Financial's documents, records of Service transactions and other necessary information related to the Services or Activity given to, stored or processed by Mobimagic within a reasonable time.",Audit Rights,Audit Rights,0.9960094690322876,Audit Rights,False
OPERALTD_04_30_2020-EX-4.14-SERVICE AGREEMENT,"IN NO EVENT WILL EITHER PARTY BE LIABLE FOR ANY CONSEQUENTIAL, INDIRECT, EXEMPLARY, SPECIAL, OR INCIDENTAL DAMAGES ARISING FROM OR RELATING TO THIS AGREEMENT. NEITHER PARTIES' TOTAL CUMULATIVE LIABILITY IN CONNECTION WITH THIS AGREEMENT, WHETHER IN AGREEMENT OR TORT OR OTHERWISE, WILL NOT EXCEED THE AGGREGATE AMOUNT OF FEES AND EXPENSES OWED BY PC FINANCIAL TO MOBIMAGIC FOR SERVICES PERFORMED UNDER THIS AGREEMENT.",Cap On Liability,Cap On Liability,0.987891674041748,Cap On Liability,False
OPERALTD_04_30_2020-EX-4.14-SERVICE AGREEMENT,Mobimagic,Parties,Parties,0.9965795874595642,Parties,False
OPERALTD_04_30_2020-EX-4.14-SERVICE AGREEMENT,"Mobimagic Co., Ltd.",Parties,Parties,0.9968356490135193,Parties,False
OPERALTD_04_30_2020-EX-4.14-SERVICE AGREEMENT,"Neither Party shall be liable to the other Party in contract, tort or otherwise, whatever the cause, for any loss of profit, business or goodwill or any indirect, incidental or consequential costs, damages or expenses of any kind, except for such loss attributable to breach of confidentiality.",Uncapped Liability,Cap On Liability,0.7767110466957092,Cap On Liability,False
OPERALTD_04_30_2020-EX-4.14-SERVICE AGREEMENT,PC Financial,Parties,Parties,0.9964048862457275,Parties,False
OPERALTD_04_30_2020-EX-4.14-SERVICE AGREEMENT,PC Financial Services Private Limited,Parties,Parties,0.9967504739761353,Parties,False
OPERALTD_04_30_2020-EX-4.14-SERVICE AGREEMENT,"PC Financial and Mobimagic are individually referred to herein each as a ""Party"" and collectively as the ""Parties.""",Parties,Parties,0.9961710572242737,Parties,False
OPERALTD_04_30_2020-EX-4.14-SERVICE AGREEMENT,Service Agreement,Document Name,Document Name,0.9973458647727966,Document Name,False
OPERALTD_04_30_2020-EX-4.14-SERVICE AGREEMENT,"Subject to the foregoing as wen as Mobimagic's obligations under this Agreement, Mobimagic shall not in any manner be held or be responsible or liable for any unforeseen contingency, claims, liabilities, demands. losses, damages or expenses arising due to absence of storage or retention of any PC Financial data which shall be the sole responsibility of PC Financial .",Uncapped Liability,Cap On Liability,0.9888988137245178,Cap On Liability,False
OPERALTD_04_30_2020-EX-4.14-SERVICE AGREEMENT,"The Agreement shall commence on the Effective Date and continue in effect for the Service Period, unless terminated earlier as provided in this Section.",Expiration Date,Expiration Date,0.9810100197792053,Expiration Date,False
OPERALTD_04_30_2020-EX-4.14-SERVICE AGREEMENT,"This Agreement (and any question about its subsistence, effect or termination) is to be interpreted in accordance with the laws of India, save for that body of law which governs the conflict of laws.",Governing Law,Governing Law,0.9974748492240906,Governing Law,False
OPERALTD_04_30_2020-EX-4.14-SERVICE AGREEMENT,"This Agreement may not be assigned, delegated, or otherwise transferred, in whole or in part, by operation of law or otherwise, by a Party without the other Party's express prior written consent.",Anti-Assignment,Anti-Assignment,0.9843153357505798,Anti-Assignment,False
OPERALTD_04_30_2020-EX-4.14-SERVICE AGREEMENT,knowingly use the Services in violation of this Agreement.,Renewal Term,License Grant,0.7408652305603027,License Grant,False
OPERALTD_04_30_2020-EX-4.14-SERVICE AGREEMENT,"knowingly use the Services in violation of this Agreement. 3 4.7 Data protection. Each Party agrees to comply with all applicable data protection and privacy laws arising from its obligations, if any, under the Agreement and to reasonably co-operate with the other Party in order to allow the other Party to comply with any laws as deemed necessary from time to time. Each Party shall treat all data, information relating to Services, including but not limit to the customer personal data, as confidential. Each party warrants that it shall take appropriate technical and organizational measures against unauthorized or unlaw",Renewal Term,Other,0.9857282042503357,Other,False
PACIFICSYSTEMSCONTROLTECHNOLOGYINC_08_24_2000-EX-10.53-SPONSORSHIP AGREEMENT,"(""SLD"")",Parties,Parties,0.996279776096344,Parties,False
PACIFICSYSTEMSCONTROLTECHNOLOGYINC_08_24_2000-EX-10.53-SPONSORSHIP AGREEMENT,"7) All covenants, promises and agreements by or on behalf of the parties contained in this Agreement shall be binding upon and shall inure to the benefit of the successors and assigns of the parties; but nothing in this Agreement, expressed or implied is intended to confer on any party the right to assign its rights or obligations hereunder.",Anti-Assignment,Other,0.9898897409439087,Other,False
PACIFICSYSTEMSCONTROLTECHNOLOGYINC_08_24_2000-EX-10.53-SPONSORSHIP AGREEMENT,ACM,Parties,Parties,0.9966920614242554,Parties,False
PACIFICSYSTEMSCONTROLTECHNOLOGYINC_08_24_2000-EX-10.53-SPONSORSHIP AGREEMENT,"American Champion Media, Inc.",Parties,Parties,0.9968692660331726,Parties,False
PACIFICSYSTEMSCONTROLTECHNOLOGYINC_08_24_2000-EX-10.53-SPONSORSHIP AGREEMENT,"April 14, 2000",Agreement Date,Agreement Date,0.5569325089454651,LOW_CONFIDENCE,True
PACIFICSYSTEMSCONTROLTECHNOLOGYINC_08_24_2000-EX-10.53-SPONSORSHIP AGREEMENT,SPONSORSHIP AGREEMENT,Document Name,Document Name,0.9973573088645935,Document Name,False
PACIFICSYSTEMSCONTROLTECHNOLOGYINC_08_24_2000-EX-10.53-SPONSORSHIP AGREEMENT,Shun Li De Commerce & Trading Ltd,Parties,Parties,0.996757447719574,Parties,False
PACIFICSYSTEMSCONTROLTECHNOLOGYINC_08_24_2000-EX-10.53-SPONSORSHIP AGREEMENT,"This Agreement shall be governed by, and construed and enforced in accordance with, the laws of the State of California and the laws of Hong Kong.",Governing Law,Governing Law,0.9974669218063354,Governing Law,False
PACIFICSYSTEMSCONTROLTECHNOLOGYINC_08_24_2000-EX-10.53-SPONSORSHIP AGREEMENT,"the ""Event""",Parties,Parties,0.45617085695266724,LOW_CONFIDENCE,True
PROFOUNDMEDICALCORP_08_29_2019-EX-4.5-SUPPLY AGREEMENT,Customer,Parties,Parties,0.9958255290985107,Parties,False
PROFOUNDMEDICALCORP_08_29_2019-EX-4.5-SUPPLY AGREEMENT,"Customer and Philips hereinafter also collectively referred to as the ""Parties"" and individually as a ""Party"".",Parties,Parties,0.995735764503479,Parties,False
PROFOUNDMEDICALCORP_08_29_2019-EX-4.5-SUPPLY AGREEMENT,"Customer grants to Philips, during the Term, a non-exclusive, royalty-free, non-transferrable right to make, have made, use, sell, reproduce, adapt, distribute, or otherwise use or practice Customer's Intellectual Property Rights solely in connection with manufacturing of the Products and packaging to Customer pursuant to this Agreement.",Non-Transferable License,Non-Transferable License,0.9726158976554871,Non-Transferable License,False
PROFOUNDMEDICALCORP_08_29_2019-EX-4.5-SUPPLY AGREEMENT,"Customer, in its sole discretion, may terminate this Agreement, without cause, by providing six (6) months prior written notice to Philips",Termination For Convenience,Termination For Convenience,0.9860789179801941,Termination For Convenience,False
PROFOUNDMEDICALCORP_08_29_2019-EX-4.5-SUPPLY AGREEMENT,"For greater certainty, ""New Technology"" shall exclude any (x) modification to Philips pre-existing Intellectual Property Rights (which, shall exclude any Intellectual Property Rights forming part of the ""Purchased Assets"" under the Purchase Agreement) and (y) developments developed not for the Products (collectively, ""Philips Retained Product IP'), provided that Philips and its Affiliates hereby grant to Customer under any such Intellectual Property Rights, which are applicable or used for the manufacturing of the Product, a non- exclusive, non-transferable (except in accordance with clause 18.4 (Assignment)), irrevocable, world-wide, fully paid-up license, without the right to grant sub-licenses, to make, have made, sell or commercialize in any other way the Product.",Irrevocable Or Perpetual License,Irrevocable Or Perpetual License,0.7101682424545288,Irrevocable Or Perpetual License,False
PROFOUNDMEDICALCORP_08_29_2019-EX-4.5-SUPPLY AGREEMENT,"In connection with the negotiation and ultimately implementation of the Transition Plan, Parties shall install a project team which: (a) shall have a manager (""Project Manager""), one from Philips, who has experience in transferring manufacturing actives, and one from Customer, who has experience in setting up manufacturing activities; (b) shall be committed with sufficient capacity - made available by both Parties - to execute the Transition Plan within the given time frame (quantity), and the Parties shall ensure that sufficient and reasonable organizational resources are provided to each such Project Manager to ensure a smooth, uninterrupted and efficient transition of the manufacturing of the Product; (c) shall be sufficiently skilled and experienced with the activities under this Agreement (quality); (d) shall be fully dedicated to the timely and adequate execution of the Transition Plan.",Post-Termination Services,Post-Termination Services,0.9905221462249756,Post-Termination Services,False
PROFOUNDMEDICALCORP_08_29_2019-EX-4.5-SUPPLY AGREEMENT,"In respect of failure to meet the Specifications, if Products do not comply with the warranties set forth in clause 7.1, Customer may then, after having consulted Philips as to the most appropriate remedy, elect reasonably to have Products: i. returned to Philips for repair or replacement; ii. repaired or replaced by Philips in the field; or iii. repaired or replaced by Customer in the field, including Products in distributor inventory and Customer's installed base; or",Warranty Duration,Warranty Duration,0.9882679581642151,Warranty Duration,False
PROFOUNDMEDICALCORP_08_29_2019-EX-4.5-SUPPLY AGREEMENT,"July 31, 2017",Effective Date,Effective Date,0.573514997959137,LOW_CONFIDENCE,True
PROFOUNDMEDICALCORP_08_29_2019-EX-4.5-SUPPLY AGREEMENT,"Notwithstanding Customer's obligations pursuant to clauses 3.1 and 3.4, the first [Redacted - Commercially Sensitive] of each Forecast shall constitute a binding commitment of Customer to purchase the quantities of Products set forth in the relevant Forecast for such [Redacted - Commercially Sensitive] period.",Minimum Commitment,Minimum Commitment,0.9865425825119019,Minimum Commitment,False
PROFOUNDMEDICALCORP_08_29_2019-EX-4.5-SUPPLY AGREEMENT,"On termination or expiry of this Agreement Philips shall facilitate an orderly transition of suppliers from Philips to Customer in accordance with the requirements outlined in Section 5.4 (Material Supplier Contracts) of the Purchase Agreement, including using commercially reasonable best efforts to assist Customer to enter into supply agreements directly with the counterparties to the Material Supplier Contracts (as defined in the Purchase Agreement) on terms that are satisfactory to the Customer, acting reasonably.",Post-Termination Services,Post-Termination Services,0.9926322102546692,Post-Termination Services,False
PROFOUNDMEDICALCORP_08_29_2019-EX-4.5-SUPPLY AGREEMENT,PHILIPS MEDICAL SYSTEMS NEDERLAND B.V.,Parties,Parties,0.9943839311599731,Parties,False
PROFOUNDMEDICALCORP_08_29_2019-EX-4.5-SUPPLY AGREEMENT,PROFOUND MEDICAL INC.,Parties,Parties,0.996849000453949,Parties,False
PROFOUNDMEDICALCORP_08_29_2019-EX-4.5-SUPPLY AGREEMENT,Philips,Parties,Parties,0.9961165189743042,Parties,False
PROFOUNDMEDICALCORP_08_29_2019-EX-4.5-SUPPLY AGREEMENT,"Philips hereby assigns and shall cause its Affiliates to assign all right title and interest in New Technology to Customer, and shall cause all employees or service providers to assign all right title and interest and waive any moral rights in New Technology.",Ip Ownership Assignment,Ip Ownership Assignment,0.9877678751945496,Ip Ownership Assignment,False
PROFOUNDMEDICALCORP_08_29_2019-EX-4.5-SUPPLY AGREEMENT,"Philips represents and warrants to Customer that all Products delivered and any services provided hereunder: i. conform to the Specifications on the Delivery Date [Redacted - Commercially Sensitive]; ii. unless otherwise agreed with Customer in writing, are new (do not contain any used or reconditioned parts or materials) and fit for the purposes for which they are intended; iii. are of sound workmanship, good quality and free from defects in construction, manufacture and material [Redacted - Commercially Sensitive]; iv. the manufacturing and shipment of the Product comply in all respects with applicable Laws, regulations, certification requirements, including health and safety standards and all other applicable regulatory requirements for the manufacture and shipment of Products; v. are free and clear of all liens, encumbrances, and other Claims against title; and vii. comply in all respects with the terms of this Agreement and the applicable Purchase Orders.",Warranty Duration,Warranty Duration,0.9619228839874268,Warranty Duration,False
PROFOUNDMEDICALCORP_08_29_2019-EX-4.5-SUPPLY AGREEMENT,Philips shall fully comply with the terms of the Quality Agreement regarding its obligations and responsibilities with respect to maintaining the required level of insurance.,Insurance,Insurance,0.996575653553009,Insurance,False
PROFOUNDMEDICALCORP_08_29_2019-EX-4.5-SUPPLY AGREEMENT,"Philips shall maintain, and provide Customer reasonable access to, all records, both during and after the termination or expiration of this Agreement, in accordance with the Quality Agreement.",Post-Termination Services,Post-Termination Services,0.4978984594345093,LOW_CONFIDENCE,True
PROFOUNDMEDICALCORP_08_29_2019-EX-4.5-SUPPLY AGREEMENT,Products repaired or replaced by Philips within the Warranty Term are warranted for the remainder of the original Warranty Term of said Products.,Warranty Duration,Warranty Duration,0.9894910454750061,Warranty Duration,False
PROFOUNDMEDICALCORP_08_29_2019-EX-4.5-SUPPLY AGREEMENT,SUPPLY AGREEMENT,Document Name,Document Name,0.9973368048667908,Document Name,False
PROFOUNDMEDICALCORP_08_29_2019-EX-4.5-SUPPLY AGREEMENT,The Parties shall perform such activities as set forth in the Transition Plan and shall otherwise perform all such obligations in good faith to ensure a smooth transfer of the manufacturing activities under this Agreement to Customer.,Post-Termination Services,Post-Termination Services,0.992222011089325,Post-Termination Services,False
PROFOUNDMEDICALCORP_08_29_2019-EX-4.5-SUPPLY AGREEMENT,"The Transition Plan shall be negotiated based on the key transition terms outlined in Schedule 5 hereto (the ""Transition Plan Term Sheet"").",Post-Termination Services,Post-Termination Services,0.9616135358810425,Post-Termination Services,False
PROFOUNDMEDICALCORP_08_29_2019-EX-4.5-SUPPLY AGREEMENT,The cost of any off-site storage of such records after the Term of this Agreement shall be borne by Customer and invoiced on a calendar quarter basis.,Post-Termination Services,Post-Termination Services,0.9215043783187866,Post-Termination Services,False
PROFOUNDMEDICALCORP_08_29_2019-EX-4.5-SUPPLY AGREEMENT,"This Agreement (including any dispute hereunder) and the documents to be entered into pursuant to it, save as expressly otherwise provided therein, will be governed by and construed in accordance with the Laws of the Netherlands",Governing Law,Governing Law,0.9974880218505859,Governing Law,False
PROFOUNDMEDICALCORP_08_29_2019-EX-4.5-SUPPLY AGREEMENT,"This Agreement may not be assigned by either Party, in whole or in part, to any Third Party without the prior written consent of the other Party, except that either Party may assign this Agreement as a whole, and all of its rights and obligations hereunder, without the consent of the other Party, but upon written notice to the other Party (a) to an Affiliate, or (b) in case of a transfer of all, or substantially all, stock or assets of such Party or the relevant business activity through which such Party acts in this Agreement to a Third Party or to any partnership or other venture in which such business activity is to participate.",Anti-Assignment,Anti-Assignment,0.982893168926239,Anti-Assignment,False
PROFOUNDMEDICALCORP_08_29_2019-EX-4.5-SUPPLY AGREEMENT,"This Agreement shall come into force on the Effective Date and shall remain in force and effect for a period of [Redacted - Commercially Sensitive - Term Details] , unless this Agreement is extended or previously terminated in accordance with this clause 12, pursuant to clause 15.1 (Force Majeure), or (ii) by the mutual written consent of the Parties (the ""Term"").",Expiration Date,Expiration Date,0.9766910672187805,Expiration Date,False
PROFOUNDMEDICALCORP_08_29_2019-EX-4.5-SUPPLY AGREEMENT,"Within [Redacted - Commercially Sensitive - Time Period] of the Effective Date, the parties shall negotiate, acting reasonably and in good faith, a transition plan (the ""Transition Plan"") to provide for a smooth transfer and transition of the manufacturing activities under this Agreement to Customer, an Affiliate of Customer or a third party manufacturer designated by Customer.",Post-Termination Services,Post-Termination Services,0.9918525815010071,Post-Termination Services,False
PROFOUNDMEDICALCORP_08_29_2019-EX-4.5-SUPPLY AGREEMENT,"Without prejudice to any other rights accruing under this Agreement or law, the warranties set forth in clause 7.1 will extend for a period of [Redacted - Commercially Sensitive - Warranty Details].",Warranty Duration,Warranty Duration,0.9910496473312378,Warranty Duration,False
PROFOUNDMEDICALCORP_08_29_2019-EX-4.5-SUPPLY AGREEMENT,iv. returned to Philips in exchange for a full refund of the purchase price for the non-conforming Products paid under this Agreement.,Warranty Duration,Other,0.9809657335281372,Other,False
PacificapEntertainmentHoldingsInc_20051115_8-KA_EX-1.01_4300894_EX-1.01_Content License Agreement,"3rd day of November, 2005",Agreement Date,Agreement Date,0.5256043672561646,LOW_CONFIDENCE,True
PacificapEntertainmentHoldingsInc_20051115_8-KA_EX-1.01_4300894_EX-1.01_Content License Agreement,"After the Initial Term, this Agreement will be automatically renewed for successive additional 3~year periods (""Extension Terms""), unless otherwise terminated by either party by giving notice to the other party not less than sixty (60) days prior to the end of a Term.",Notice Period To Terminate Renewal,Notice Period To Terminate Renewal,0.9841630458831787,Notice Period To Terminate Renewal,False
PacificapEntertainmentHoldingsInc_20051115_8-KA_EX-1.01_4300894_EX-1.01_Content License Agreement,"BOTH THE HENRY FILM AND ENTERTAINMENT CORPORATION and PACIFICAP ENTERTAINMENT acknowledges and agrees that: (i) as between PACIFICAP ENTERTAINMENT on the one hand, and THE HENRY FILM AND ENTERTAINMENT CORPORATION and its Affiliates on the other, THE HENRY FILM AND ENTERTAINMENT CORPORATION owns all right, title and interest in any THE HENRY FILM AND ENTERTAINMENT CORPORATION Property and THE HENRY FILM AND ENTERTAINMENT CORPORATION Brand Features; (ii) nothing in this Agreement shall confer in PACIFICAP ENTERTAINMENT any license or right of ownership in THE HENRY FILM AND ENTERTAINMENT CORPORATION Brand Features; and (iii) PACIFICAP ENTERTAINMENT shall not now or in the future contest the validity of THE HENRY FILM AND ENTERTAINMENT CORPORATION. Brand Features.",Covenant Not To Sue,Covenant Not To Sue,0.993411123752594,Covenant Not To Sue,False
PacificapEntertainmentHoldingsInc_20051115_8-KA_EX-1.01_4300894_EX-1.01_Content License Agreement,CONTENT LICENSE AGREEMENT,Document Name,Document Name,0.9973633885383606,Document Name,False
PacificapEntertainmentHoldingsInc_20051115_8-KA_EX-1.01_4300894_EX-1.01_Content License Agreement,"In lieu of PACIFICAP ENTERTAINMENT granting a 10 year Exclusive Content License to THE HENRY FILM AND ENTERTAINMENT CORPORATION, THE HENRY FILM ANDENTERTAINMENT CORPORATION agrees to share 10% of the net revenue from any and all advertising sales, Syndication Fees and Licensing fees generated from all television shows, DVD Magazines, Internet Streaming Video Television Shows, Television Shorts, Radio Shows, Radio Shorts, Cell Phone Video Clips, Caller ID Video Clips, Promotional Commercials, Websites, Streaming Video Commercials, Streaming Video Highlight Shows, 24 Hour Nostalgia Sports Network, DVD Program Package, Television Show Series, stock footage library, and print promotional posters, created and or produced with any content provided by PACIFICAP ENTERTAINMENT.",Revenue/Profit Sharing,Exclusivity,0.39359262585639954,LOW_CONFIDENCE,True
PacificapEntertainmentHoldingsInc_20051115_8-KA_EX-1.01_4300894_EX-1.01_Content License Agreement,"In the event of THE HENRY FILM AND ENTERTAINMENT CORPORATION, not fulfilling this minimum PERFORMANCE, PACIFICAP ENTERTAINMENT may cancel this Agreement",Minimum Commitment,Minimum Commitment,0.9898176789283752,Minimum Commitment,False
PacificapEntertainmentHoldingsInc_20051115_8-KA_EX-1.01_4300894_EX-1.01_Content License Agreement,Licensee THE HENRY FILM AND ENTERTAINMENT CORPORATION,Parties,Parties,0.9966884255409241,Parties,False
PacificapEntertainmentHoldingsInc_20051115_8-KA_EX-1.01_4300894_EX-1.01_Content License Agreement,Licensor: PACIFICAP ENTERTAINMENT,Parties,Parties,0.996325671672821,Parties,False
PacificapEntertainmentHoldingsInc_20051115_8-KA_EX-1.01_4300894_EX-1.01_Content License Agreement,"PACIFICAP ENTERTAINMENT AGREES that all television shows, DVD Magazines, Internet Streaming Video Television Shows, Television Shorts, Radio Shows, Radio Shorts, Cell Phone Video Clips, Caller ID Video Clips, Promotional Commercials, Websites, Streaming Video Commercials, Streaming Video Highlight Shows, 24 Hour Nostalgia Sports Network, DVD Program Package, Television Show Series, stock footage library, and print promotional posters, created and or produced with any content provided by PACIFICAP ENTERTAINMENT are wholly owned by THE HENRY FILM AND ENTERTAINMENT CORPORATION.",Ip Ownership Assignment,Ip Ownership Assignment,0.8223459720611572,Ip Ownership Assignment,False
PacificapEntertainmentHoldingsInc_20051115_8-KA_EX-1.01_4300894_EX-1.01_Content License Agreement,"PACIFICAP ENTERTAINMENT agrees to also allow THE HENRY FILM AND ENTERTAINMENT CORPORATION the right to redistribute, reproduce, retransmit, disseminate, sell, publish, broadcast or circulate the information contained in such PACIFICAP ENTERTAINMENT Content.",License Grant,License Grant,0.8503738641738892,License Grant,False
PacificapEntertainmentHoldingsInc_20051115_8-KA_EX-1.01_4300894_EX-1.01_Content License Agreement,"PERFORMANCE: In lieu of PACIFICAP ENTERTAINMENT granting a 10 year Exclusive Content License to THE HENRY FILM AND ENTERTAINMENT CORPORATION, THE HENRY FILM AND ENTERTAINMENT CORPORATION agrees to share a minimum of $50,000.00 annually for each year of this Agreement.",Minimum Commitment,Exclusivity,0.5876392722129822,LOW_CONFIDENCE,True
PacificapEntertainmentHoldingsInc_20051115_8-KA_EX-1.01_4300894_EX-1.01_Content License Agreement,"Subject to the terms and conditions of this Agreement, PACIFICAP ENTERTAINMENT hereby grants to THE HENRY FILM AND ENTERTAINMENT CORPORATION, under PACIFICAP ENTERTAINMENT'S full ownership and or fully authorized licensing Rights of Content (a) A 10 year exclusive, worldwide license to use, modify, reproduce, distribute, display and transmit any and all PACIFICAP ENTERTAINMENT nostalgic television show library Content.",Exclusivity,Exclusivity,0.9198853969573975,Exclusivity,False
PacificapEntertainmentHoldingsInc_20051115_8-KA_EX-1.01_4300894_EX-1.01_Content License Agreement,"This Agreement will become effective as of the last date of signature (Effective Date) and shall, unless sooner terminated as provided below or as otherwise agreed, remain effective for an initial term of 10 Years following the first date of public availability of the PACIFICAP ENTERTAINMENT Content within a THE HENRY FILM AND ENTERTAINMENT CORPORATION Property (the ""Initial Term"").",Expiration Date,Effective Date,0.5473535656929016,LOW_CONFIDENCE,True
PareteumCorp_20081001_8-K_EX-99.1_2654808_EX-99.1_Hosting Agreement,18/9/2008,Agreement Date,Agreement Date,0.5865626335144043,LOW_CONFIDENCE,True
PareteumCorp_20081001_8-K_EX-99.1_2654808_EX-99.1_Hosting Agreement,"Any claim for damages must be notified to the other Party within six (6) months as from the date on which the damage was caused, failing which such claim is deemed to be waived.",Cap On Liability,Cap On Liability,0.9792665839195251,Cap On Liability,False
PareteumCorp_20081001_8-K_EX-99.1_2654808_EX-99.1_Hosting Agreement,At the end of *** Parties will negotiate in good faith regarding a possible extension of the Initial Term.,Renewal Term,Renewal Term,0.9751396775245667,Renewal Term,False
PareteumCorp_20081001_8-K_EX-99.1_2654808_EX-99.1_Hosting Agreement,ELEPHANT TALK,Parties,Parties,0.9969257712364197,Parties,False
PareteumCorp_20081001_8-K_EX-99.1_2654808_EX-99.1_Hosting Agreement,Elephant Talk Communication Holding AG,Parties,Parties,0.996932864189148,Parties,False
PareteumCorp_20081001_8-K_EX-99.1_2654808_EX-99.1_Hosting Agreement,"If no termination notice is provided, the Agreement will be automatically extended for consecutive *** periods until such time as *** termination notice is provided.",Renewal Term,Renewal Term,0.96431964635849,Renewal Term,False
PareteumCorp_20081001_8-K_EX-99.1_2654808_EX-99.1_Hosting Agreement,"In case of violation of this article, the Party shall pay to the other Party an equivalent of eighteen (18) months gross salary of the respective employee.",Liquidated Damages,Liquidated Damages,0.9772710204124451,Liquidated Damages,False
PareteumCorp_20081001_8-K_EX-99.1_2654808_EX-99.1_Hosting Agreement,"In no event shall either Party be liable for indirect or consequential loss or damage, including but not limited to, loss of profit, loss of sales or turnover, loss of or damage to reputation, loss of contract, loss of business, loss of anticipated savings and interest, increased operation costs, increase maintenance costs even if such loss or damage was reasonably foreseeable or if a Party had been advised by the other Party of the possibility of incurring such loss or damage.",Cap On Liability,Cap On Liability,0.9893959164619446,Cap On Liability,False
PareteumCorp_20081001_8-K_EX-99.1_2654808_EX-99.1_Hosting Agreement,"Limitation of liability as described in this article shall not apply: a) in case the damage or loss is caused by a Party's willful misconduct (including fraud) or gross negligence, or b) in case of a breach of a Parties obligation under article 11 (confidentiality) and article 15 (indemnification for breach of intellectual property rights).",Uncapped Liability,Uncapped Liability,0.984807014465332,Uncapped Liability,False
PareteumCorp_20081001_8-K_EX-99.1_2654808_EX-99.1_Hosting Agreement,MOBILE VIRTUALNETWORK ENABLER HOSTING AGREEMENT,Document Name,Document Name,0.9974199533462524,Document Name,False
PareteumCorp_20081001_8-K_EX-99.1_2654808_EX-99.1_Hosting Agreement,Parties can mutually agree in writing to deviate from an automatic extension of *** by extending this Agreement for a longer period than ***.,Renewal Term,Notice Period To Terminate Renewal,0.628442645072937,Notice Period To Terminate Renewal,False
PareteumCorp_20081001_8-K_EX-99.1_2654808_EX-99.1_Hosting Agreement,T-Mobile,Parties,Parties,0.9967203736305237,Parties,False
PareteumCorp_20081001_8-K_EX-99.1_2654808_EX-99.1_Hosting Agreement,T-Mobile Netherlands B.V.,Parties,Parties,0.9966962337493896,Parties,False
PareteumCorp_20081001_8-K_EX-99.1_2654808_EX-99.1_Hosting Agreement,"T-Mobile hereby grants ELEPHANT TALK a fully paid-up, non-exclusive licence to use the Hosting Services for the purpose of ELEPHANT TALK in providing the ELEPHANT TALK Wholesale Services during the term of this Agreement without further consideration.",License Grant,License Grant,0.9829975366592407,License Grant,False
PareteumCorp_20081001_8-K_EX-99.1_2654808_EX-99.1_Hosting Agreement,The Agreement may be terminated by both Parties with a notification period of *** before the end of the Initial Term of the Agreement.,Termination For Convenience,Notice Period To Terminate Renewal,0.799685001373291,Notice Period To Terminate Renewal,False
PareteumCorp_20081001_8-K_EX-99.1_2654808_EX-99.1_Hosting Agreement,"This Agreement and the rights and obligations specified herein shall be binding upon the Parties and their respective legal successors and neither Party shall sell, transfer or assign this Agreement or any part, interest, right or obligation hereunder except that a Party shall have the right to transfer or assign this Agreement in whole (but not in part) to an Affiliated Company provided that:",Anti-Assignment,Anti-Assignment,0.9799944162368774,Anti-Assignment,False
PareteumCorp_20081001_8-K_EX-99.1_2654808_EX-99.1_Hosting Agreement,This Agreement shall be governed by and construed in all respects exclusively in accordance with the laws of the Netherlands.,Governing Law,Governing Law,0.9975097179412842,Governing Law,False
PareteumCorp_20081001_8-K_EX-99.1_2654808_EX-99.1_Hosting Agreement,"This Agreement shall come into force on the Date of the Agreement, and shall, subject to article 18, remain in full force and effect for an initial period of *** from the Commercial Launch Date.",Effective Date,Expiration Date,0.9628046751022339,Expiration Date,False
PareteumCorp_20081001_8-K_EX-99.1_2654808_EX-99.1_Hosting Agreement,"Without prejudice to the provisions expressly stated elsewhere in this Agreement, a Party's liability for damage suffered by the other Party, attributable to the first mentioned Party or a person for whom it is liable by law, shall be limited to the following events, and the following amounts: a) for direct damage to physical goods (property damage or ""zaakschade"") or directly resulting from death or personal injury: up to a maximum of *** per event or series of connected events and up to a further maximum of *** for all events (connected or not) in any period of 12 calendar months; b) for damage directly resulting from a material breach of this Agreement: up to a maximum *** or *** as set out in Appendix 2), whatever amount is the highest, in any period of 12 calendar months.",Cap On Liability,Cap On Liability,0.7452328205108643,Cap On Liability,False
PareteumCorp_20081001_8-K_EX-99.1_2654808_EX-99.1_Hosting Agreement,"Without the prior written consent of the other Party, a Party shall not at any time while this Agreement is in force and for a one-year period after termination of this Agreement either for itself or on behalf of any other company solicit, induce or cause any employee of the other Party or any Affiliated Company of this other Party who has been a representative of or employed by the other Party in connection with this Agreement to leave such employment.",No-Solicit Of Employees,No-Solicit Of Employees,0.9937613606452942,No-Solicit Of Employees,False
PareteumCorp_20081001_8-K_EX-99.1_2654808_EX-99.1_Hosting Agreement,"a) such Affiliated Company expressly assumes, by written instrument, all of the obligations of the Party under this Agreement and thereby becomes a Party to this Agreement, and b) such Affiliated Company has adequate financial strength, resources and experience in the reasonable opinion of the other Party (such opinion to be obtained in writing in advance of any assignment), to comply with its obligations under this Agreement. Such assignment shall not release the assigning Party of its obligations under article 11 of this Agreement.",Anti-Assignment,Anti-Assignment,0.5978143811225891,LOW_CONFIDENCE,True
PareteumCorp_20081001_8-K_EX-99.1_2654808_EX-99.1_Hosting Agreement,"each individually referred to as ""Party"" and together as ""Parties"".",Parties,Parties,0.9942705631256104,Parties,False
Quaker Chemical Corporation - NON COMPETITION AND NON SOLICITATION AGREEMENT,"""Buyer"")",Parties,Parties,0.9954798221588135,Parties,False
Quaker Chemical Corporation - NON COMPETITION AND NON SOLICITATION AGREEMENT,"""Gulf International"")",Parties,Parties,0.9964563250541687,Parties,False
Quaker Chemical Corporation - NON COMPETITION AND NON SOLICITATION AGREEMENT,"""Gulf Oil"" and, together with Gulf Houghton and Gulf International, the ""Sellers"" and each, a ""Seller"")",Parties,Parties,0.9961044788360596,Parties,False
Quaker Chemical Corporation - NON COMPETITION AND NON SOLICITATION AGREEMENT,"(""Gulf Houghton""",Parties,Parties,0.9966647028923035,Parties,False
Quaker Chemical Corporation - NON COMPETITION AND NON SOLICITATION AGREEMENT,"; provided, however that nothing in this Agreement shall: (i) prohibit or restrict any Seller, directly or indirectly, from owning, as a passive investor, not more than five (5%) percent collectively and in the aggregate of any class of outstanding publicly traded securities of any Person so engaged; (ii) prohibit or restrict any Seller, directly or indirectly, from engaging in such Seller's business as conducted on the Effective Date and reasonable extensions thereof, which may include routine, day-to-day transactions with any entity, and (iii) apply to or restrict any business of which a Seller acquires control after the Effective Date provided that the acquired business did not receive more than $25,000,000 of its aggregate net sales (as measured during the 12 full calendar months prior to such acquisition) from product lines included within the definition of Company Business.",Competitive Restriction Exception,Competitive Restriction Exception,0.9549673795700073,Competitive Restriction Exception,False
Quaker Chemical Corporation - NON COMPETITION AND NON SOLICITATION AGREEMENT,"August 1, 2019",Effective Date,Effective Date,0.5691892504692078,LOW_CONFIDENCE,True
Quaker Chemical Corporation - NON COMPETITION AND NON SOLICITATION AGREEMENT,"Each Seller agrees that for a period commencing on the Effective Date and ending three years after the Closing Date (the ""Non-Solicit Period""), each Seller shall not, directly or indirectly: (i) induce, solicit, recruit or attempt to persuade any employee of the Combined Business to terminate his or her employment with the Buyer or any of its subsidiaries, or (ii) solicit the employment of any of the employees of the Combined Business.",No-Solicit Of Employees,No-Solicit Of Employees,0.9937310218811035,No-Solicit Of Employees,False
Quaker Chemical Corporation - NON COMPETITION AND NON SOLICITATION AGREEMENT,"Each Seller agrees that for a period commencing on the Effective Date and ending two years after the Closing Date (the ""Non- Compete Period""), it shall not, other than solely through its direct or indirect ownership of Buyer's capital stock or any other interests in Buyer, directly, or indirectly, including through or on behalf of a subsidiary, anywhere in the world, excluding India: (i) own, manage, operate or control any business which competes with any Combined Business or (ii) be or become a shareholder, partner, member or owner of any Person who is engaged in any Combined Business;",Non-Compete,Non-Compete,0.9841051697731018,Non-Compete,False
Quaker Chemical Corporation - NON COMPETITION AND NON SOLICITATION AGREEMENT,"GOCL Corporation Limited,",Parties,Parties,0.9965676069259644,Parties,False
Quaker Chemical Corporation - NON COMPETITION AND NON SOLICITATION AGREEMENT,"Gulf Houghton Lubricants Ltd.,",Parties,Parties,0.9966302514076233,Parties,False
Quaker Chemical Corporation - NON COMPETITION AND NON SOLICITATION AGREEMENT,"Gulf Oil International Limited,",Parties,Parties,0.9966903924942017,Parties,False
Quaker Chemical Corporation - NON COMPETITION AND NON SOLICITATION AGREEMENT,"Gulf Oil Lubricants India, Ltd, a public limited company incorporated in India (""Gulf India""), is executing this Agreement solely for purposes of Section 1(c) [Confidentiality; Non-competition; Non-solicitation].",Parties,Other,0.9920485615730286,Other,False
Quaker Chemical Corporation - NON COMPETITION AND NON SOLICITATION AGREEMENT,"Gulf Oil and Gulf India each agree during the Non-Compete Period not to acquire, directly or indirectly, control of any businesses involved in, or otherwise competing with, the business of the Combined Business from any entity on Schedule 1 hereto.",Non-Compete,Non-Compete,0.9839932918548584,Non-Compete,False
Quaker Chemical Corporation - NON COMPETITION AND NON SOLICITATION AGREEMENT,NON-COMPETITION AND NON-SOLICITATION AGREEMENT,Document Name,Document Name,0.9967097043991089,Document Name,False
Quaker Chemical Corporation - NON COMPETITION AND NON SOLICITATION AGREEMENT,"Notwithstanding the above, Sellers shall not be restricted from (1) soliciting for employment or hiring former employees of Buyer or the Company (including their respective subsidiaries) whose employment was terminated by Buyer or the Company (including their respective subsidiaries) at least six months prior to such initial solicitation by such Seller or (2) soliciting employees of the Combined Business by means of a general solicitation through a public medium or general or mass mailing that is not specifically targeted at employees or former",No-Solicit Of Employees,No-Solicit Of Employees,0.8529155850410461,No-Solicit Of Employees,False
Quaker Chemical Corporation - NON COMPETITION AND NON SOLICITATION AGREEMENT,"Pursuant to the Purchase Agreement, Gulf Houghton shall receive cash consideration and shares of Buyer's capital stock in exchange for the Shares owned by Gulf Houghton and as inducement for Gulf Houghton and the other Sellers to enter into this Agreement.",Revenue/Profit Sharing,Revenue/Profit Sharing,0.9916473627090454,Revenue/Profit Sharing,False
Quaker Chemical Corporation - NON COMPETITION AND NON SOLICITATION AGREEMENT,Quaker Chemical Corporation,Parties,Parties,0.9967855215072632,Parties,False
Quaker Chemical Corporation - NON COMPETITION AND NON SOLICITATION AGREEMENT,THIS AGREEMENT SHALL BE GOVERNED BY AND CONSTRUED IN ACCORDANCE WITH THE INTERNAL LAWS OF THE COMMONWEALTH OF PENNSYLVANIA WITHOUT GIVING EFFECT TO ANY CHOICE OR CONFLICT OF LAW PROVISION OR RULE (WHETHER OF THE COMMONWEALTH OF PENNSYLVANIA OR ANY OTHER JURISDICTION).,Governing Law,Governing Law,0.9972999691963196,Governing Law,False
Quaker Chemical Corporation - NON COMPETITION AND NON SOLICITATION AGREEMENT,This Agreement shall be binding upon and inure to the benefit of the parties and their respective successors and permitted assigns; provided that this Agreement shall not be assignable or otherwise transferable by any party without the prior written consent of the other party (which consent shall not be unreasonably withheld or delayed) and any purported assignment or transfer without such consent shall be null and void.,Anti-Assignment,Anti-Assignment,0.9888961315155029,Anti-Assignment,False
Quaker Chemical Corporation - NON COMPETITION AND NON SOLICITATION AGREEMENT,"employees of the Combined Business; provided, however, that this clause (2) shall not permit any Seller to hire any such employees during the Non-Solicit Period.",No-Solicit Of Employees,No-Solicit Of Employees,0.9905154705047607,No-Solicit Of Employees,False
"ROCKYMOUNTAINCHOCOLATEFACTORY,INC_12_23_2019-EX-10.2-STRATEGIC ALLIANCE AGREEMENT","(a) Each of EA, Farids and the Company shall not, and shall cause their respective controlled Affiliates to not, either directly or indirectly solicit, hire, or contract with any of the employees of the other party or its Affiliates during the Term (as defined in the Exclusive Supplier Operating Agreement) and for one (1) year following the termination or expiration thereof; provided that this Section 8.9(a) shall not apply with respect to any such employee who employment with the other party and its Affiliates has been terminated for a period in excess of nine (9) months.",Post-Termination Services,No-Solicit Of Employees,0.778209924697876,No-Solicit Of Employees,False
"ROCKYMOUNTAINCHOCOLATEFACTORY,INC_12_23_2019-EX-10.2-STRATEGIC ALLIANCE AGREEMENT",Company,Parties,Parties,0.9958815574645996,Parties,False
"ROCKYMOUNTAINCHOCOLATEFACTORY,INC_12_23_2019-EX-10.2-STRATEGIC ALLIANCE AGREEMENT","December 20, 2019",Agreement Date,Effective Date,0.49411988258361816,LOW_CONFIDENCE,True
"ROCKYMOUNTAINCHOCOLATEFACTORY,INC_12_23_2019-EX-10.2-STRATEGIC ALLIANCE AGREEMENT",EA,Parties,Parties,0.9958539009094238,Parties,False
"ROCKYMOUNTAINCHOCOLATEFACTORY,INC_12_23_2019-EX-10.2-STRATEGIC ALLIANCE AGREEMENT","Each of EA, Farids and the Company shall not, and shall cause their respective controlled Affiliates to not, either directly or indirectly solicit, hire, or contract with any of the employees of the other party or its Affiliates during the Term (as defined in the Exclusive Supplier Operating Agreement) and for one (1) year following the termination or expiration thereof; provided that this Section 8.9(a) shall not apply with respect to any such employee who employment with the other party and its Affiliates has been terminated for a period in excess of nine (9) months.",No-Solicit Of Employees,No-Solicit Of Employees,0.9934149980545044,No-Solicit Of Employees,False
"ROCKYMOUNTAINCHOCOLATEFACTORY,INC_12_23_2019-EX-10.2-STRATEGIC ALLIANCE AGREEMENT","Edible Arrangements, LLC",Parties,Parties,0.9952947497367859,Parties,False
"ROCKYMOUNTAINCHOCOLATEFACTORY,INC_12_23_2019-EX-10.2-STRATEGIC ALLIANCE AGREEMENT",Farids,Parties,Parties,0.9965804219245911,Parties,False
"ROCKYMOUNTAINCHOCOLATEFACTORY,INC_12_23_2019-EX-10.2-STRATEGIC ALLIANCE AGREEMENT",Farids & Co. LLC,Parties,Parties,0.9969232678413391,Parties,False
"ROCKYMOUNTAINCHOCOLATEFACTORY,INC_12_23_2019-EX-10.2-STRATEGIC ALLIANCE AGREEMENT","If by the expiration of the ROFO Transfer Period, the Farids Group has not completed the Transfer of any ROFO Shares at the ROFO Sales Price or a higher price, in order for the Farids Group to Transfer such ROFO Shares (or any other Shares) it shall be necessary for a new ROFO Sale Notice or ROFR Sale Notice to be delivered, and the terms and provisions of this Article VII to be again complied with.",Rofr/Rofo/Rofn,Rofr/Rofo/Rofn,0.9895141124725342,Rofr/Rofo/Rofn,False
"ROCKYMOUNTAINCHOCOLATEFACTORY,INC_12_23_2019-EX-10.2-STRATEGIC ALLIANCE AGREEMENT","If by the expiration of the ROFR Transfer Period, the Farids Group has not completed the Transfer of the ROFR Shares, in order for the Farids Group to Transfer such ROFR Shares (or any other Shares) it shall be necessary for a new ROFO Sale Notice or ROFR Sale Notice to be delivered, and the terms and provisions of this Article VII to be again complied with.",Rofr/Rofo/Rofn,Rofr/Rofo/Rofn,0.9889402985572815,Rofr/Rofo/Rofn,False
"ROCKYMOUNTAINCHOCOLATEFACTORY,INC_12_23_2019-EX-10.2-STRATEGIC ALLIANCE AGREEMENT",If the Company does not timely deliver a ROFO Purchase Notice it shall be deemed to have waived all of its rights with respect to the offer contained in the ROFO Sale Notice.,Rofr/Rofo/Rofn,Rofr/Rofo/Rofn,0.9895340800285339,Rofr/Rofo/Rofn,False
"ROCKYMOUNTAINCHOCOLATEFACTORY,INC_12_23_2019-EX-10.2-STRATEGIC ALLIANCE AGREEMENT",If the Company does not timely deliver a ROFR Purchase Notice it shall be deemed to have waived all of its rights with respect to the offer contained in the ROFR Sale Notice.,Rofr/Rofo/Rofn,Rofr/Rofo/Rofn,0.9893926382064819,Rofr/Rofo/Rofn,False
"ROCKYMOUNTAINCHOCOLATEFACTORY,INC_12_23_2019-EX-10.2-STRATEGIC ALLIANCE AGREEMENT","If the Company wishes to purchase (and/or cause a designee to purchase) all of the ROFR Shares at the ROFR Sale Price, the Company shall deliver a notice (a ""ROFR Purchase Notice"") to the Farids Group within three (3) business day after receipt of the ROFR Sale Notice. The closing of the purchase of such ROFR Shares by the Company and/or any such designee shall take place no later than the later of (i) the purchase date set forth in the ROFR Sale Documentation and (ii) five (5) business days after delivery of the ROFR Purchase Notice, with payment for such ROFR Shares being made concurrently with such purchase to the Farids Group's account designated in the ROFR Sale Notice.",Rofr/Rofo/Rofn,Rofr/Rofo/Rofn,0.9886454343795776,Rofr/Rofo/Rofn,False
"ROCKYMOUNTAINCHOCOLATEFACTORY,INC_12_23_2019-EX-10.2-STRATEGIC ALLIANCE AGREEMENT","If the Company wishes to purchase (and/or cause a designee to purchase) all or a portion of the ROFO Shares at the ROFO Sale Price, the Company shall deliver a notice (a ""ROFO Purchase Notice"") to the Farids Group no later 8:00 a.m. New York time on the business day that the Farids Group proposes to effect such 144 Sale specifying the number of ROFO Shares it wishes to purchase (and/or cause a designee to purchase) from the Farids Group",Rofr/Rofo/Rofn,Rofr/Rofo/Rofn,0.9888268709182739,Rofr/Rofo/Rofn,False
"ROCKYMOUNTAINCHOCOLATEFACTORY,INC_12_23_2019-EX-10.2-STRATEGIC ALLIANCE AGREEMENT","If the Farids Group determines for any reason not to proceed with any proposed registration requested pursuant to Section 6.1, the Farids Group shall promptly notify the Company in writing.",Termination For Convenience,Rofr/Rofo/Rofn,0.9384891390800476,Rofr/Rofo/Rofn,False
"ROCKYMOUNTAINCHOCOLATEFACTORY,INC_12_23_2019-EX-10.2-STRATEGIC ALLIANCE AGREEMENT","In the event that Company does not timely delivery a ROFR Purchase Notice, the Farids Group may sell the ROFR Shares to the proposed transferee identified in the ROFR Sale Notice at the ROFR Sale Price and on the other terms and conditions set forth in the ROFR Sale Documentation no later than three (3) business days following the date the Farids Group proposed to effect such Transfer in the ROFR Sale Notice (the ""ROFR Transfer Period"").",Rofr/Rofo/Rofn,Rofr/Rofo/Rofn,0.9886922836303711,Rofr/Rofo/Rofn,False
"ROCKYMOUNTAINCHOCOLATEFACTORY,INC_12_23_2019-EX-10.2-STRATEGIC ALLIANCE AGREEMENT","In the event that the number of ROFO Shares offered to be purchased in the ROFO Purchase Notice is less than the number of ROFO Shares set forth in the Sale Notice (or the Company does not timely deliver a ROFO Purchase Notice), the Farids Group may sell the ROFO Shares that are not subject to any such ROFO Purchase Notice during the five (5) day business day period beginning on the date in the ROFO Sale Notice on which the Farids Group proposed to begin to effect such 144 Sale (the ""ROFO Transfer Period""); provided that no such ROFO Share may be sold for less than the ROFO Sale Price.",Rofr/Rofo/Rofn,Rofr/Rofo/Rofn,0.9901553392410278,Rofr/Rofo/Rofn,False
"ROCKYMOUNTAINCHOCOLATEFACTORY,INC_12_23_2019-EX-10.2-STRATEGIC ALLIANCE AGREEMENT","Neither the Company nor any of its Affiliates shall in any manner, directly or indirectly, in any capacity or manner, make or cause to be made, or in any way encourage any other person to make or cause to be made, any public statement or public announcement, including in any document or report filed with or furnished to the SEC or through the press, media, analysts or other persons, that constitutes an ad hominem attack on or otherwise disparages, defames or slanders the Farids Group or any of its Affiliates or any of their respective successors or current or former members, partners, officers, directors or employees (it being understood and agreed that the restrictions in this Section 8.8(a) shall not apply to any member of the Board of Directors based upon discussions solely among other members of the Board of Directors and/or management of the Company); provided, that the limitations set forth in this Section 8.8(a) shall not prevent the Company or any of its Affiliates from (i) responding to any public statement or announcement made by the Farids Group or any of its Affiliates that was made in breach of Section 8.8(b) below or (ii) if solicited by a Third Party, making objective statements that reflect the Company's view with respect to factual matters concerning specific acts or determinations of the Farids Group or any of its Affiliates (or their respective current or former representatives) occurring after the date hereof.",Non-Disparagement,Non-Disparagement,0.9859916567802429,Non-Disparagement,False
"ROCKYMOUNTAINCHOCOLATEFACTORY,INC_12_23_2019-EX-10.2-STRATEGIC ALLIANCE AGREEMENT","Neither the Farids Group nor any of its Affiliates shall in any manner, directly or indirectly, in any capacity or manner, make or cause to be made, or in any way encourage any other person to make or cause to be made, any public statement or public announcement, including in any document or report filed with or furnished to the SEC or through the press, media, analysts or other persons, that constitutes an ad hominem attack on or otherwise disparages, defames or slanders the Company or any of its Affiliates or any of their respective successors or current or former members, partners, officers, directors or employees; provided, that, the limitations set forth in this Section 8.8(b) shall not prevent the Farids Group or any of its Affiliates from (i) responding to any statement made by the Company or any of its Affiliates or representatives that was made in breach of Section 8.8(a) above or (ii) if solicited by a Third Party, making objective statements that reflect the Farids Group's or any of its Affiliates' view with respect to factual matters concerning specific acts or determinations of the Company, any of its Affiliates or any current or former representatives of the Company or any of its Affiliates occurring after the date hereof. For the avoidance of doubt, a public statement or announcement shall only be deemed to be made by the Farids Group or any of its Affiliates if such public statement or announcement is made by (X) a Farids manager, director or executive officer or an EA manager, director or executive officer (Y) an employee or representative of Farids or EA authorized to make such statement or announcement on behalf of Farids or EA, as applicable.",Non-Disparagement,Non-Disparagement,0.9785817265510559,Non-Disparagement,False
"ROCKYMOUNTAINCHOCOLATEFACTORY,INC_12_23_2019-EX-10.2-STRATEGIC ALLIANCE AGREEMENT","On or prior to the date of this Agreement or TF's election to the Board of Directors at the Annual Meeting, as applicable, the Company shall have (x) nominated TF for election to the Board of Directors at the Annual Meeting, (y) entered into an Indemnification Agreement with TF as the Director Designee and (z) taken all necessary action for TF to be covered by the Company's existing directors' liability insurance policy.",Insurance,Insurance,0.9961250424385071,Insurance,False
"ROCKYMOUNTAINCHOCOLATEFACTORY,INC_12_23_2019-EX-10.2-STRATEGIC ALLIANCE AGREEMENT","Rocky Mountain Chocolate Factory, Inc.",Parties,Parties,0.9968312382698059,Parties,False
"ROCKYMOUNTAINCHOCOLATEFACTORY,INC_12_23_2019-EX-10.2-STRATEGIC ALLIANCE AGREEMENT","STRATEGIC ALLIANCE AGREEMENT, d",Document Name,Document Name,0.9973965883255005,Document Name,False
"ROCKYMOUNTAINCHOCOLATEFACTORY,INC_12_23_2019-EX-10.2-STRATEGIC ALLIANCE AGREEMENT","Subject to the restrictions set forth in Section 5.1 of this Agreement and Section 2.3 of the Warrant, in the event any member of the Farids Group proposes to Transfer (other than a Permitted Transfer) (i) a Threshold Block, in a transaction or series of related transactions, that, to the Farids Group's knowledge (after due inquiry in connection with a private, non-open market transaction) is to a Person whom the Company reasonably determines is a direct or indirect material competitor of the Company or any Affiliate of such Person or (ii) a Significant Block, in a transaction or series of related transactions, that, to the Farids Group's knowledge (after due inquiry in connection with a private, non-open market transaction) is to a Person whom the Company reasonably determines is a direct or indirect material competitor of the Company or any Affiliate of such Person (in each case, regardless of whether such Transfer will constitute a 144 Sale), the Farids Group shall furnish to the Company a written notice of such proposed Transfer (a ""ROFR Sale Notice"") at least (5) business days prior to the business day that the Farids Group proposes to effect such Transfer.",Rofr/Rofo/Rofn,Rofr/Rofo/Rofn,0.9727519154548645,Rofr/Rofo/Rofn,False
"ROCKYMOUNTAINCHOCOLATEFACTORY,INC_12_23_2019-EX-10.2-STRATEGIC ALLIANCE AGREEMENT","Subject to the restrictions set forth in Section 5.1 of this Agreement and Section 2.3 of the Warrant, in the event any member of the Farids Group proposes to Transfer (other than a Permitted Transfer) a Threshold Block, in a transaction or series of related transactions, of Shares in a 144 Sale, the Farids Group shall furnish to the Company a written notice of such proposed Transfer (a ""ROFO Sale Notice"") at least 48 hours prior to the opening of trading on the Nasdaq Global Market (or such other primary stock exchange upon which the Common Stock is listed) on the business day that the Farids Group proposes to begin to effect such 144 Sale.",Rofr/Rofo/Rofn,Rofr/Rofo/Rofn,0.9886044263839722,Rofr/Rofo/Rofn,False
"ROCKYMOUNTAINCHOCOLATEFACTORY,INC_12_23_2019-EX-10.2-STRATEGIC ALLIANCE AGREEMENT","The Company agrees that, in the event it exercises its rights under this Section 6.4(c), it shall (i) promptly notify the Farids Group of the termination or expiration of any Suspension Period, (ii) within thirty (30) days after delivery of the notice referred to above (unless a longer period is consented to by the Farids Group), resume the process of filing or request for effectiveness, or update the suspended registration statement, as the case may be, as may be necessary to permit the Farids Group to offer and sell its Registrable Securities in accordance with applicable Law and (iii) if an Eligible Registration Statement that was already effective had been suspended as result of the exercise of such rights by the Company, promptly notify the Farids Group after the termination or expiration of any Suspension Period of the applicable time period during which the Eligible Registration Statement is to remain effective, which shall be extended by a period of time equal to the duration of the Suspension Period.",Post-Termination Services,Post-Termination Services,0.9742840528488159,Post-Termination Services,False
"ROCKYMOUNTAINCHOCOLATEFACTORY,INC_12_23_2019-EX-10.2-STRATEGIC ALLIANCE AGREEMENT",The Farids Group shall not deliver more than one ROFO Sale Notice or ROFR Sale Notice in any thirty (30) day period.,Rofr/Rofo/Rofn,Rofr/Rofo/Rofn,0.9880855083465576,Rofr/Rofo/Rofn,False
"ROCKYMOUNTAINCHOCOLATEFACTORY,INC_12_23_2019-EX-10.2-STRATEGIC ALLIANCE AGREEMENT",The Farids Group shall not deliver more than one ROFR Sale Notice or ROFO Sale Notice in any thirty (30) day period.,Rofr/Rofo/Rofn,Rofr/Rofo/Rofn,0.9880715608596802,Rofr/Rofo/Rofn,False
"ROCKYMOUNTAINCHOCOLATEFACTORY,INC_12_23_2019-EX-10.2-STRATEGIC ALLIANCE AGREEMENT","The ROFO Sale Notice shall include: (i) (A) the number of Shares proposed to be sold (the ""ROFO Shares""), (B) the per share purchase price in cash at which the Farids Group is prepared to Transfer such ROFO Shares (the ""ROFO Sale Price"") and (C) the date the Farids Group proposes to begin to effect such 144 Sale; and (ii) (ii) an offer to sell to the Company and/or a designee of the Company all or a portion of the ROFO Shares at the ROFO Sale Price.",Rofr/Rofo/Rofn,Rofr/Rofo/Rofn,0.9895903468132019,Rofr/Rofo/Rofn,False
"ROCKYMOUNTAINCHOCOLATEFACTORY,INC_12_23_2019-EX-10.2-STRATEGIC ALLIANCE AGREEMENT","The ROFR Sale Notice shall include: (i) (A) the identity of the proposed transferee, (B) the purchase agreement and other documentation for the proposed Transfer (the ""ROFR Sale Documentation""), (C) the number of Shares proposed to be sold (the ""ROFR Shares""), (D) the per share purchase price in cash at which the Farids Group is prepared to Transfer such ROFR Shares (the ""ROFR Sale Price"") and (E) the date the Farids Group proposes to effect such Transfer; and 28 (ii) an offer to sell to the Company and/or a designee of the Company all of the ROFR Shares at the ROFR Sale Price.",Rofr/Rofo/Rofn,Rofr/Rofo/Rofn,0.9899190664291382,Rofr/Rofo/Rofn,False
"ROCKYMOUNTAINCHOCOLATEFACTORY,INC_12_23_2019-EX-10.2-STRATEGIC ALLIANCE AGREEMENT","The closing of the purchase of such ROFO Shares by the Company and/or any such designee shall take place no later than five (5) business days after delivery of the ROFO Purchase Notice, with payment for such ROFO Shares being made concurrently with such purchase to the Farids Group's account designated in the ROFO Sale Notice.",Rofr/Rofo/Rofn,Rofr/Rofo/Rofn,0.9893743395805359,Rofr/Rofo/Rofn,False
"ROCKYMOUNTAINCHOCOLATEFACTORY,INC_12_23_2019-EX-10.2-STRATEGIC ALLIANCE AGREEMENT","The provisions of this Agreement shall be binding upon and inure to the benefit of the parties hereto and their respective successors and assigns, provided, that, unless in connection with Permitted Transfers, neither party may assign, delegate or otherwise transfer any of its rights or obligations under this Agreement to any person without the express written consent of the other party hereto and any such assignment or other transfer shall be null and void; provided, further, that no such assignment shall relieve the assigning party of its obligations hereunder if such assignee does not perform such obligations.",Anti-Assignment,Anti-Assignment,0.9816158413887024,Anti-Assignment,False
"ROCKYMOUNTAINCHOCOLATEFACTORY,INC_12_23_2019-EX-10.2-STRATEGIC ALLIANCE AGREEMENT","The rights and obligations of the Farids Group set forth in this Article VI (other than those set forth in Sections 6.8 and 6.9) shall terminate on the date that the Farids Group owns less than 3% of the issued and outstanding Common Stock, but in no event earlier than the Expiration Date (as defined in the Warrant).",Expiration Date,Expiration Date,0.9704649448394775,Expiration Date,False
"ROCKYMOUNTAINCHOCOLATEFACTORY,INC_12_23_2019-EX-10.2-STRATEGIC ALLIANCE AGREEMENT","This Agreement shall be governed and construed in accordance with the laws of the State of New York applicable to contracts made and wholly performed within such state, except for matters directly within the purview of the DGCL, which shall be governed by the DGCL.",Governing Law,Governing Law,0.9975072741508484,Governing Law,False
"ROCKYMOUNTAINCHOCOLATEFACTORY,INC_12_23_2019-EX-10.2-STRATEGIC ALLIANCE AGREEMENT",This Joinder Agreement and the rights of the parties hereto shall be governed by and construed in accordance with the laws of the State of New York applicable to contracts made and to be performed therein.,Governing Law,Governing Law,0.9974595904350281,Governing Law,False
"Reinsurance Group of America, Incorporated - A_R REMARKETING  AGREEMENT",AMENDED AND RESTATED REMARKETING AGREEMENT,Document Name,Document Name,0.9973884224891663,Document Name,False
"Reinsurance Group of America, Incorporated - A_R REMARKETING  AGREEMENT",All such insurance is outstanding and duly in force on the date hereof and will be outstanding and duly in force on the Commencement Date and the Remarketing Settlement Date.,Insurance,Insurance,0.9937886595726013,Insurance,False
"Reinsurance Group of America, Incorporated - A_R REMARKETING  AGREEMENT",Barclays,Parties,Parties,0.9964531660079956,Parties,False
"Reinsurance Group of America, Incorporated - A_R REMARKETING  AGREEMENT",Barclays Capital Inc.,Parties,Parties,0.9968369007110596,Parties,False
"Reinsurance Group of America, Incorporated - A_R REMARKETING  AGREEMENT",Company,Parties,Parties,0.9958815574645996,Parties,False
"Reinsurance Group of America, Incorporated - A_R REMARKETING  AGREEMENT","February 15, 2011",Agreement Date,Agreement Date,0.5201125741004944,LOW_CONFIDENCE,True
"Reinsurance Group of America, Incorporated - A_R REMARKETING  AGREEMENT","If there has been a successful Remarketing, the Company shall pay to the Remarketing Agent for the performance of its services as Remarketing Agent hereunder on the Remarketing Settlement Date, by wire transfer to an account designated by the Remarketing Agent, a fee in an amount equal to 25 basis points (0.25%) of the Accreted Value of the Remarketed Securities.",Revenue/Profit Sharing,Revenue/Profit Sharing,0.9879212379455566,Revenue/Profit Sharing,False
"Reinsurance Group of America, Incorporated - A_R REMARKETING  AGREEMENT","In addition, the obligations of the Remarketing Agent hereunder may be terminated by it by notice given to the Company prior to 5:00 p.m. (New York City time) on the date immediately preceding the Commencement Date if, prior to that time, any of the events described in Sections 6(i), (j) or (k) shall have occurred.",Expiration Date,Termination For Convenience,0.7737621665000916,Termination For Convenience,False
"Reinsurance Group of America, Incorporated - A_R REMARKETING  AGREEMENT","Notwithstanding the provisions of this Section 7(d), the Remarketing Agent shall not be required to contribute any amount in excess of the total price at which Remarketing Securities distributed in the Remarketing exceed the amount of any damages which the Remarketing Agent has otherwise paid or become liable to pay by reason of any untrue or alleged untrue statement or omission or alleged omission.",Cap On Liability,Cap On Liability,0.9898717999458313,Cap On Liability,False
"Reinsurance Group of America, Incorporated - A_R REMARKETING  AGREEMENT","On the third Business Day immediately preceding the Remarketing Settlement Date (the ""Remarketing Date""), the Remarketing Agent shall use its commercially reasonable efforts to remarket the Remarketing Securities, at a price at least equal to: (i) 100% of the aggregate Accreted Value thereof as of the end of the day on the day next preceding the Remarketing Settlement Date; or (ii) on the Maturity Remarketing Date, 100% of the stated liquidation amount of the Preferred Securities or the principal amount at maturity of the Debentures, as the case may be.",Minimum Commitment,Minimum Commitment,0.9596287608146667,Minimum Commitment,False
"Reinsurance Group of America, Incorporated - A_R REMARKETING  AGREEMENT",RGA Capital Trust I,Parties,Parties,0.9967383742332458,Parties,False
"Reinsurance Group of America, Incorporated - A_R REMARKETING  AGREEMENT","Reinsurance Group of America, Incorporated",Parties,Parties,0.996782660484314,Parties,False
"Reinsurance Group of America, Incorporated - A_R REMARKETING  AGREEMENT",Remarketing Agent,Parties,Parties,0.99577796459198,Parties,False
"Reinsurance Group of America, Incorporated - A_R REMARKETING  AGREEMENT",Such insurance insures against such losses and risks as are adequate in accordance with the Company's perception of customary industry practice to protect the Company and its subsidiaries and their businesses.,Insurance,Insurance,0.9966128468513489,Insurance,False
"Reinsurance Group of America, Incorporated - A_R REMARKETING  AGREEMENT","The Company and each of its subsidiaries maintains insurance covering their properties, personnel and business.",Insurance,Insurance,0.9964886903762817,Insurance,False
"Reinsurance Group of America, Incorporated - A_R REMARKETING  AGREEMENT","The Company and the Trust (together, the ""Issuers"") hereby appoint Barclays as exclusive remarketing agent (the ""Remarketing Agent""), and Barclays hereby accepts appointment as Remarketing Agent, for the purpose of (i) remarketing the Remarketing Securities on behalf of the holders thereof and (ii) performing such other duties as are assigned to the Remarketing Agent in the Remarketing Procedures, all in accordance with and pursuant to the Remarketing Procedures.",Exclusivity,Exclusivity,0.9790508151054382,Exclusivity,False
"Reinsurance Group of America, Incorporated - A_R REMARKETING  AGREEMENT","This Agreement and the terms and provisions hereof are for the sole benefit of only those persons, except that (A) the representations, warranties, indemnities and agreements of the Issuers contained in this Agreement shall also be deemed to be for the benefit of the officers, directors and employees of the Remarketing Agent and the person or persons, if any, who control the Remarketing Agent within the meaning of Section 15 of the Securities Act; and (B) any indemnity agreement of the Remarketing Agent contained in this Agreement shall be deemed to be for the benefit of directors, trustees, officers and employees of the Company, and the Trust, and any person controlling the Company or the Trust within the meaning of Section 15 of the Securities Act.",Third Party Beneficiary,Third Party Beneficiary,0.8665772080421448,Third Party Beneficiary,False
"Reinsurance Group of America, Incorporated - A_R REMARKETING  AGREEMENT","This Agreement shall be governed by, and construed in accordance with, the laws of the State of New York.",Governing Law,Governing Law,0.997490406036377,Governing Law,False
"Reinsurance Group of America, Incorporated - A_R REMARKETING  AGREEMENT","This Agreement shall terminate (i) the Business Day immediately following the Remarketing Settlement Date, (ii) at 5:00 p.m., New York City time, on the last date of the Remarketing if the Remarketing is not successful or (iii) on the effective date of the resignation or removal of the Remarketing Agent and the appointment of a new Remarketing Agent.",Expiration Date,Expiration Date,0.9724597334861755,Expiration Date,False
"Reinsurance Group of America, Incorporated - A_R REMARKETING  AGREEMENT",Trust,Parties,Parties,0.9957700371742249,Parties,False
"Reinsurance Group of America, Incorporated - A_R REMARKETING  AGREEMENT","together, the ""Issuers""",Parties,Parties,0.9952194094657898,Parties,False
SalesforcecomInc_20171122_10-Q_EX-10.1_10961535_EX-10.1_Reseller Agreement,"""SFDC"" or ""Salesforce""",Parties,Parties,0.996756374835968,Parties,False
SalesforcecomInc_20171122_10-Q_EX-10.1_10961535_EX-10.1_Reseller Agreement,FORM OF SUB-RESELLER AGREEMENT,Document Name,Document Name,0.9973015189170837,Document Name,False
SalesforcecomInc_20171122_10-Q_EX-10.1_10961535_EX-10.1_Reseller Agreement,Salesforce.org,Parties,Parties,0.9967268705368042,Parties,False
SalesforcecomInc_20171122_10-Q_EX-10.1_10961535_EX-10.1_Reseller Agreement,"This Sub-Reseller Agreement is effective as of the later of the dates beneath the Parties' signatures below (""Sub-Reseller Effective Date""), provided, however, that the dates of the Parties' signatures are not separated by a period of time greater than ten (10) business days.",Effective Date,Effective Date,0.9393700361251831,Effective Date,False
SalesforcecomInc_20171122_10-Q_EX-10.1_10961535_EX-10.1_Reseller Agreement,"salesforce.com, inc.",Parties,Parties,0.9966402053833008,Parties,False
SalesforcecomInc_20171122_10-Q_EX-10.1_10961535_EX-10.1_Reseller Agreement,the Reseller named above,Parties,Parties,0.995148241519928,Parties,False
SoupmanInc_20150814_8-K_EX-10.1_9230148_EX-10.1_Franchise Agreement1,"7.1.2 Employ or seek to employ any person who is at that time employed by us or by any other master franchisee or unit franchisee in the System, or otherwise directly or indirectly induce such person to leave his or her employment without our written consent.",No-Solicit Of Employees,No-Solicit Of Employees,0.9934760928153992,No-Solicit Of Employees,False
SoupmanInc_20150814_8-K_EX-10.1_9230148_EX-10.1_Franchise Agreement1,"7.1.3 Own, maintain, operate, engage in, or have any interest in any business which is the same as or similar to the Franchised Business, or any other business which performs any type of child tutoring services, anywhere.",Non-Compete,Non-Compete,0.9806939363479614,Non-Compete,False
SoupmanInc_20150814_8-K_EX-10.1_9230148_EX-10.1_Franchise Agreement1,"Accordingly, neither you nor any immediate or remote successor to any part of your interest in this Agreement, nor any individual, partnership, corporation, or other legal entity which directly or indirectly owns any interest in you shall not sell, encumber, assign, transfer, convey, pledge, merge, or give away any direct or indirect interest in this Agreement, in you, or in all or substantially all of the assets of the Franchised Business.",Change Of Control,Change Of Control,0.7622977495193481,Change Of Control,False
SoupmanInc_20150814_8-K_EX-10.1_9230148_EX-10.1_Franchise Agreement1,"Accordingly, neither you nor any immediate or remote successor to any part of your interest in this Agreement, nor any individual, partnership, corporation, or other legal entity which directly or indirectly owns any interest in you shall not sell, encumber, assign, transfer, convey, pledge, merge, or give away any direct or indirect interest in this Agreement, in you, or in all or substantially all of the assets of the Franchised Business. Any change in the control of you shall be deemed a transfer for purposes of this Agreement.",Anti-Assignment,Change Of Control,0.9791051745414734,Change Of Control,False
SoupmanInc_20150814_8-K_EX-10.1_9230148_EX-10.1_Franchise Agreement1,"Any and all claims and actions arising out of or relating to this Agreement, the relationship of you and us, or your operation of the Franchised Business, brought by any party hereto against the other, shall be commenced within two (2) years from the occurrence of the facts giving rise to such claim or action, or such claim or action shall be barred.",Cap On Liability,Cap On Liability,0.9851480722427368,Cap On Liability,False
SoupmanInc_20150814_8-K_EX-10.1_9230148_EX-10.1_Franchise Agreement1,Any change in the control of you shall be deemed a transfer for purposes of this Agreement.,Change Of Control,Change Of Control,0.9877269864082336,Change Of Control,False
SoupmanInc_20150814_8-K_EX-10.1_9230148_EX-10.1_Franchise Agreement1,"Any purported assignment or transfer shall be null and void and shall constitute a material breach of this Agreement, for which we may immediately terminate without opportunity to cure pursuant to Section 10.2.3 of this Agreement.",Anti-Assignment,Anti-Assignment,0.9879187941551208,Anti-Assignment,False
SoupmanInc_20150814_8-K_EX-10.1_9230148_EX-10.1_Franchise Agreement1,"As it relates to the Unit Franchisees' operation in the Master Territory, and if you elect to obtain such coverage: general liability insurance, which insurance is in addition to any general liability insurance the Unit Franchisees are required to maintain under their Unit Franchise Agreements.",Insurance,Insurance,0.9967585206031799,Insurance,False
SoupmanInc_20150814_8-K_EX-10.1_9230148_EX-10.1_Franchise Agreement1,"As it relates to the operation of your Franchised Business: automobile liability insurance coverage, including owned and non-owned vehicles, with limits of not less than One Million Dollars ($1,000,000) per occurrence;",Insurance,Insurance,0.996785044670105,Insurance,False
SoupmanInc_20150814_8-K_EX-10.1_9230148_EX-10.1_Franchise Agreement1,"As it relates to the operation of your Franchised Business: broad form comprehensive general liability coverage against claims for employment practices coverage, bodily and personal injury, death and property damage caused by or occurring in conjunction with the conduct of business by you pursuant to this Agreement and broad form contractual liability coverage, including errors and omissions coverage, under one or more policies of insurance containing minimum liability coverage prescribed by us from time to time, but in no event in an amount less than Two Million Dollars ($2,000,000) aggregate.",Insurance,Insurance,0.9967015385627747,Insurance,False
SoupmanInc_20150814_8-K_EX-10.1_9230148_EX-10.1_Franchise Agreement1,"As it relates to the operation of your Franchised Business: worker's compensation and employer's liability insurance in statutory amounts, unemployment insurance and state disability insurance as required by governing law for your employees;",Insurance,Insurance,0.9965792298316956,Insurance,False
SoupmanInc_20150814_8-K_EX-10.1_9230148_EX-10.1_Franchise Agreement1,"During the term of this Agreement and after its expiration or termination, you shall not directly or indirectly contest the validity of, or our ownership of the Proprietary Marks, nor take any other action which may tend to jeopardize our or our affiliate's interest therein, or our right to use and to license others to use the Proprietary Marks.",Covenant Not To Sue,Covenant Not To Sue,0.993645429611206,Covenant Not To Sue,False
SoupmanInc_20150814_8-K_EX-10.1_9230148_EX-10.1_Franchise Agreement1,"During the term of this Agreement, you shall maintain in force under policies of insurance issued by licensed insurers approved by us insurance coverage as we from time to time require.",Insurance,Insurance,0.9965201616287231,Insurance,False
SoupmanInc_20150814_8-K_EX-10.1_9230148_EX-10.1_Franchise Agreement1,"Every covenant required by this Section 7.6 shall be in a form satisfactory to us, including, without limitation, specific identification of us as a third party beneficiary of such covenants with an independent right to enforce them.",Third Party Beneficiary,Third Party Beneficiary,0.9929776787757874,Third Party Beneficiary,False
SoupmanInc_20150814_8-K_EX-10.1_9230148_EX-10.1_Franchise Agreement1,"If any purported assignment or transfer of any direct or indirect interest in this Agreement, in you, or in all or substantially all of the assets of the Franchised Business is made to any third party without our prior written consent, contrary to the terms of Section 12 of this Agreement.",Anti-Assignment,Anti-Assignment,0.9566355347633362,Anti-Assignment,False
SoupmanInc_20150814_8-K_EX-10.1_9230148_EX-10.1_Franchise Agreement1,"If we establish an Intranet, you shall have the privilege to use the Intranet, subject to your strict compliance with the standards and specifications, protocols and restrictions that we may establish from time to time.",License Grant,License Grant,0.9542232155799866,License Grant,False
SoupmanInc_20150814_8-K_EX-10.1_9230148_EX-10.1_Franchise Agreement1,"If you do not meet the Minimum Development Quota, we may cancel your exclusive right to market and sell Unit Franchises in your Master Territory and may sell additional Master Franchises within your Master Territory, or we may begin operations of our own in your Master Territory, or we may terminate this Agreement.",Minimum Commitment,Competitive Restriction Exception,0.7673435807228088,Competitive Restriction Exception,False
SoupmanInc_20150814_8-K_EX-10.1_9230148_EX-10.1_Franchise Agreement1,If you fail to comply with the Minimum Development Quota.,Minimum Commitment,Minimum Commitment,0.989927351474762,Minimum Commitment,False
SoupmanInc_20150814_8-K_EX-10.1_9230148_EX-10.1_Franchise Agreement1,If you fail to obtain or maintain required insurance coverage and do not obtain such coverage within ten (10) days after written notice from us.,Insurance,Insurance,0.9964622855186462,Insurance,False
SoupmanInc_20150814_8-K_EX-10.1_9230148_EX-10.1_Franchise Agreement1,"If, for any reason, this Agreement is not terminated pursuant to Section 10.1 and this Agreement is assumed, or assignment of the same to any person or entity who has made a bona fide offer to accept an assignment of this Agreement is contemplated pursuant to the United States Bankruptcy Code, then notice of such proposed assignment or assumption setting forth: (a) the name and address of the proposed assignee, and (b) all of the terms and conditions of the proposed assignment and assumption shall be given to us within twenty (20) days after receipt of such proposed assignee's offer to accept assignment of this Agreement, and, in any event, within ten (10) days prior to the date application is made to a court of competent jurisdiction for authority and approval to enter into such assignment and assumption, and we shall thereupon have the prior right and option, to be exercised by notice given at any time prior to the effective date of such proposed assignment and assumption, to accept an assignment of this Agreement to us upon the same terms and conditions and for the same consideration, if any, as in the bona fide offer made by the proposed assignee, less any brokerage commissions which may be payable by you out of the consideration to be paid by such assignee for the assignment of this Agreement.",Rofr/Rofo/Rofn,Rofr/Rofo/Rofn,0.9743744730949402,Rofr/Rofo/Rofn,False
SoupmanInc_20150814_8-K_EX-10.1_9230148_EX-10.1_Franchise Agreement1,"In addition to The Original Soupman business you must own and continuously operate, you must sell and have open the minimum number of The Original Soupman businesses as set forth on Attachment E hereto (the ""Minimum Development Quota"") by the dates set forth on such Attachment.",Minimum Commitment,Minimum Commitment,0.9900473952293396,Minimum Commitment,False
SoupmanInc_20150814_8-K_EX-10.1_9230148_EX-10.1_Franchise Agreement1,"In addition to the foregoing, upon termination of this Agreement by us for cause as described in Section 10, you agree to pay to us within fifteen (15) days after the effective date of this Agreement's termination, in addition to the amounts owed hereunder, liquidated damages equal to the average monthly Unit Franchise Performance Royalty Fee and Franchise Sales Royalty Fee you paid during the twelve (12) months of operation preceding the effective date of termination multiplied by (a) twenty-four (24) (being the number of months in two (2) full years), or (b) the number of months remaining in the Agreement had it not been terminated, whichever is lower.",Liquidated Damages,Liquidated Damages,0.9920558333396912,Liquidated Damages,False
SoupmanInc_20150814_8-K_EX-10.1_9230148_EX-10.1_Franchise Agreement1,"In consideration for such training, trade secrets and confidential information, you and your principals agree that during the term of this Agreement, and for a continuous uninterrupted period commencing upon expiration or termination of this Agreement, regardless of the cause for termination, and continuing for a period of three (3) years thereafter, neither you nor your principals shall, directly or indirectly, for themselves, or through, on behalf of, or in conjunction with any person, persons, partnership, limited liability company or corporation:",No-Solicit Of Employees,No-Solicit Of Customers,0.8224591612815857,No-Solicit Of Customers,False
SoupmanInc_20150814_8-K_EX-10.1_9230148_EX-10.1_Franchise Agreement1,"In consideration for such training, trade secrets and confidential information, you and your principals agree that during the term of this Agreement, and for a continuous uninterrupted period commencing upon expiration or termination of this Agreement, regardless of the cause for termination, and continuing for a period of three (3) years thereafter, neither you nor your principals shall, directly or indirectly, for themselves, or through, on behalf of, or in conjunction with any person, persons, partnership, limited liability company or corporation: 7.1.1 Divert or attempt to divert any business or customer of the Franchised Business or any Unit Franchisee anywhere, by direct or indirect inducement or otherwise, or do or perform, directly or indirectly, any other act injurious or prejudicial to the goodwill associated with our Proprietary Marks or the System.",No-Solicit Of Customers,No-Solicit Of Customers,0.9881938695907593,No-Solicit Of Customers,False
SoupmanInc_20150814_8-K_EX-10.1_9230148_EX-10.1_Franchise Agreement1,"In order to keep your exclusivity, you agree to purchase a minimum of the following: $170,000.00 of soup from us in 2015 $1,600,00.00 of soup from us in 2016 $3,200,000.00 of soup from us in 2017 $5,000,000.00 of soup from us in 2018 and shall increase 10% each year thereafter.",Exclusivity,Competitive Restriction Exception,0.7004005908966064,Competitive Restriction Exception,False
SoupmanInc_20150814_8-K_EX-10.1_9230148_EX-10.1_Franchise Agreement1,"In the case of transfer by devise or inheritance, however, if the heirs or beneficiaries of any such person are unable to meet the conditions of this Section 12, the executor, administrator, or personal representative of the decedent shall transfer the decedent's interest to another party approved by us within twelve (12) months, which disposition shall be subject to all the terms and conditions for transfers contained in this Agreement.",Anti-Assignment,Change Of Control,0.7203201651573181,Change Of Control,False
SoupmanInc_20150814_8-K_EX-10.1_9230148_EX-10.1_Franchise Agreement1,"Kiosk Concepts, Inc.",Parties,Parties,0.9968357682228088,Parties,False
SoupmanInc_20150814_8-K_EX-10.1_9230148_EX-10.1_Franchise Agreement1,MASTER FRANCHISE AGREEMENT,Document Name,Document Name,0.9973496198654175,Document Name,False
SoupmanInc_20150814_8-K_EX-10.1_9230148_EX-10.1_Franchise Agreement1,Master Franchisee,Parties,Parties,0.9962544441223145,Parties,False
SoupmanInc_20150814_8-K_EX-10.1_9230148_EX-10.1_Franchise Agreement1,"Notwithstanding the foregoing, we reserve the right to inspect or examine your accounts, books, records and tax returns, at any reasonable time, with or without prior notice to you.",Audit Rights,Audit Rights,0.9957284331321716,Audit Rights,False
SoupmanInc_20150814_8-K_EX-10.1_9230148_EX-10.1_Franchise Agreement1,"Once you have units open and operating in the trade area where a National Account is located, we will remit to you 25% of the profits derived from the sales in that specific trade area.",Revenue/Profit Sharing,Revenue/Profit Sharing,0.9941155910491943,Revenue/Profit Sharing,False
SoupmanInc_20150814_8-K_EX-10.1_9230148_EX-10.1_Franchise Agreement1,"Should you, for any reason, fail to procure or maintain the insurance required by this Agreement, as such requirements may be revised from time to time by us in writing, we shall have the right and authority (without, however, any obligation to do so) immediately to procure such insurance and to charge same to you, which charges shall be payable by you immediately upon notice together with a ten percent (10%) administrative fee.",Insurance,Insurance,0.9966094493865967,Insurance,False
SoupmanInc_20150814_8-K_EX-10.1_9230148_EX-10.1_Franchise Agreement1,"Such covenants shall be in a form satisfactory to us, including, without limitation, specific identification of us as a third party beneficiary of such covenants with the independent right to enforce them.",Third Party Beneficiary,Third Party Beneficiary,0.9929389953613281,Third Party Beneficiary,False
SoupmanInc_20150814_8-K_EX-10.1_9230148_EX-10.1_Franchise Agreement1,Such insurance coverage will include:,Insurance,Insurance,0.9963697195053101,Insurance,False
SoupmanInc_20150814_8-K_EX-10.1_9230148_EX-10.1_Franchise Agreement1,"Such insurance shall not have a deductible or self-insured retention in excess of Five Thousand Dollars ($5,000);",Insurance,Insurance,0.9967089891433716,Insurance,False
SoupmanInc_20150814_8-K_EX-10.1_9230148_EX-10.1_Franchise Agreement1,"The Grilled Cheese Truck, Inc.",Parties,Parties,0.996748685836792,Parties,False
SoupmanInc_20150814_8-K_EX-10.1_9230148_EX-10.1_Franchise Agreement1,"The initial term of this Agreement shall commence upon the Effective Date and shall expire ten (10) years from the Effective Date, unless sooner terminated under the terms of this Agreement.",Expiration Date,Expiration Date,0.983567476272583,Expiration Date,False
SoupmanInc_20150814_8-K_EX-10.1_9230148_EX-10.1_Franchise Agreement1,"The insurance policies required herein shall: (a) name us as an additional named insured and contain a waiver of all subrogation rights against us, our affiliates, and our and their successors and assigns; (b) provide for thirty (30) days' prior written notice to us of any material modification, cancellation, or expiration of such policy; (c) provide that the coverage applies separately to each insured against whom a claim is brought as though a separate policy had been issued to each insured; (d) contain no provision which in any way limits or reduces coverage for you in the event of a claim by any one or more of the parties indemnified under this Agreement; (e) be primary to and without right of contribution from any other insurance purchased by the parties indemnified under this Agreement; and (f) extend to and provide indemnity for all obligations assumed by you hereunder and all other items for which you are required to indemnify us under this Agreement.",Insurance,Insurance,0.9966601133346558,Insurance,False
SoupmanInc_20150814_8-K_EX-10.1_9230148_EX-10.1_Franchise Agreement1,The maintenance of sufficient insurance coverage shall be your responsibility.,Insurance,Insurance,0.9964351654052734,Insurance,False
SoupmanInc_20150814_8-K_EX-10.1_9230148_EX-10.1_Franchise Agreement1,"The parties hereto consider this liquidated damages provision to be a reasonable, good faith pre-estimate of those damages.",Liquidated Damages,Liquidated Damages,0.9924888610839844,Liquidated Damages,False
SoupmanInc_20150814_8-K_EX-10.1_9230148_EX-10.1_Franchise Agreement1,The rights granted to you hereunder do not include the right to sub-franchise others to sell franchises.,Anti-Assignment,Non-Transferable License,0.9457826614379883,Non-Transferable License,False
SoupmanInc_20150814_8-K_EX-10.1_9230148_EX-10.1_Franchise Agreement1,"Thereafter, prior to the expiration of the term of each insurance policy, you shall furnish us with a copy of each renewal or replacement insurance policy to be maintained by you for the immediately following term and evidence of the payment of the premium therefor.",Insurance,Insurance,0.9963884353637695,Insurance,False
SoupmanInc_20150814_8-K_EX-10.1_9230148_EX-10.1_Franchise Agreement1,This Agreement shall be interpreted and construed under the laws of the State of New York.,Governing Law,Governing Law,0.9975053668022156,Governing Law,False
SoupmanInc_20150814_8-K_EX-10.1_9230148_EX-10.1_Franchise Agreement1,"Upon the death or permanent disability (mental or physical) of any person with an interest in this Agreement, in you, or in all or substantially all of the assets of the Franchised Business, the executor, administrator, or personal representative of such person shall transfer such interest to a third party approved by us within twelve (12) months after such death or disability.",Anti-Assignment,Change Of Control,0.7768332958221436,Change Of Control,False
SoupmanInc_20150814_8-K_EX-10.1_9230148_EX-10.1_Franchise Agreement1,"We grant to you, upon the terms and conditions contained in this Agreement, the exclusive right to establish and operate a Franchised Business and a license to use the methods, procedures and products developed by us in the business of selling and servicing Unit Franchises in the territory described on Attachment A attached to this Agreement and incorporated into this Agreement by reference (the ""Master Territory"").",Exclusivity,Exclusivity,0.9722124934196472,Exclusivity,False
SoupmanInc_20150814_8-K_EX-10.1_9230148_EX-10.1_Franchise Agreement1,"We may periodically increase the amounts of coverage required under such insurance policies and require different or additional kinds of insurance at any time including excess liability insurance to reflect inflation, identification of new risks, changes in law or standards of liability, higher damage awards, or other relevant changes in circumstances.",Insurance,Insurance,0.9962074756622314,Insurance,False
SoupmanInc_20150814_8-K_EX-10.1_9230148_EX-10.1_Franchise Agreement1,"We shall have the right, at all reasonable times, to inspect the products and services on which the Proprietary Marks shall be used as we consider necessary to carry out the purposes of inspection as part of appropriate quality control.",Audit Rights,Audit Rights,0.9956762194633484,Audit Rights,False
SoupmanInc_20150814_8-K_EX-10.1_9230148_EX-10.1_Franchise Agreement1,We will not grant other franchises nor establish our own Unit Franchises within the Master Territory during the term of this Agreement unless you do not meet the Minimum Development Quota.,Competitive Restriction Exception,Minimum Commitment,0.9836348295211792,Minimum Commitment,False
SoupmanInc_20150814_8-K_EX-10.1_9230148_EX-10.1_Franchise Agreement1,We will provide you or one of your principals and up to five (5) additional persons with a comprehensive initial training program and additional training programs from time to time.,Volume Restriction,Volume Restriction,0.9915986061096191,Volume Restriction,False
SoupmanInc_20150814_8-K_EX-10.1_9230148_EX-10.1_Franchise Agreement1,"You acknowledge and agree that any such concept, process or improvement shall become our property and we may utilize or disclose such information to other master franchisees and unit franchisees as we determine to be appropriate.",Ip Ownership Assignment,Ip Ownership Assignment,0.9886249303817749,Ip Ownership Assignment,False
SoupmanInc_20150814_8-K_EX-10.1_9230148_EX-10.1_Franchise Agreement1,"You acknowledge and agree that the franchise granted to you hereunder is non-exclusive and is only for one (1) Master Territory; that you are not granted any area, market, or protected territorial rights other than as expressly provided in Section 1.1 of this Agreement; and that you shall not have the right to sublicense, sublease, subcontract or enter into any management agreement providing for the right to operate the Franchised Business or to use the System granted pursuant to this Agreement, except in the manner expressly provided for in Section 5.1 of this Agreement.",Anti-Assignment,Non-Transferable License,0.9239034056663513,Non-Transferable License,False
SoupmanInc_20150814_8-K_EX-10.1_9230148_EX-10.1_Franchise Agreement1,"You acknowledge and agree that, in consideration for the right to use the System and our expertise in the field, if you, any of your employees or any Unit Franchisees in the Master Territory develop any new concept, process or improvement in the operation or promotion of the Franchised Business, you will promptly notify us and provide us with all necessary information concerning same, without any compensation to you, your employee or Unit Franchisee.",Ip Ownership Assignment,Rofr/Rofo/Rofn,0.3528735339641571,LOW_CONFIDENCE,True
SoupmanInc_20150814_8-K_EX-10.1_9230148_EX-10.1_Franchise Agreement1,"You and each of your principals agree that the liquidated damages provision does not give us an adequate remedy at law for any default under, or for the enforcement of, any provision of this Agreement other than the Royalty Fee sections.",Liquidated Damages,Liquidated Damages,0.5043517351150513,LOW_CONFIDENCE,True
SoupmanInc_20150814_8-K_EX-10.1_9230148_EX-10.1_Franchise Agreement1,"You and we acknowledge and agree that we are a third-party beneficiary to all Unit Franchise Agreements between you and Unit Franchisees in the Master Territory, and that we shall have the right to assume any of your responsibilities, duties or functions under such Unit Franchise Agreements in the event that this Agreement expires or is terminated for any reason.",Third Party Beneficiary,Third Party Beneficiary,0.9915153980255127,Third Party Beneficiary,False
SoupmanInc_20150814_8-K_EX-10.1_9230148_EX-10.1_Franchise Agreement1,"You further acknowledge and agree that we may inspect your Franchised Business and any Unit Franchise in the Master Territory to verify that your Franchised Business and/or such Unit Franchise is operating in compliance with our System, as it may be modified from time to time.",Audit Rights,Audit Rights,0.9958853125572205,Audit Rights,False
SoupmanInc_20150814_8-K_EX-10.1_9230148_EX-10.1_Franchise Agreement1,"You further acknowledge that the Intranet facility and all communications that are posted to it will become our property, free of any claims of privacy or privilege that you or any other person may assert.",Ip Ownership Assignment,Ip Ownership Assignment,0.984804630279541,Ip Ownership Assignment,False
SoupmanInc_20150814_8-K_EX-10.1_9230148_EX-10.1_Franchise Agreement1,"You may not grant any such right to a Unit Franchisee, and Unit Franchisees shall not have the right to sub-franchise or sell Unit Franchises.",Anti-Assignment,Anti-Assignment,0.5334727168083191,LOW_CONFIDENCE,True
SoupmanInc_20150814_8-K_EX-10.1_9230148_EX-10.1_Franchise Agreement1,You must maintain insurance related to your operation of the Franchised Business.,Insurance,Insurance,0.9967229962348938,Insurance,False
SoupmanInc_20150814_8-K_EX-10.1_9230148_EX-10.1_Franchise Agreement1,You shall also maintain such additional insurance as is necessary to comply with all legal requirements concerning insurance.,Insurance,Insurance,0.9965259432792664,Insurance,False
SoupmanInc_20150814_8-K_EX-10.1_9230148_EX-10.1_Franchise Agreement1,"You shall be in default under this Agreement, and we may, at our option, terminate this Agreement and all rights granted under this Agreement, without affording you any opportunity to cure the default, effective immediately upon receipt of notice by you upon the occurrence of any of the following events:",Minimum Commitment,Covenant Not To Sue,0.7525705099105835,Covenant Not To Sue,False
SoupmanInc_20150814_8-K_EX-10.1_9230148_EX-10.1_Franchise Agreement1,"You shall expend not less than $5,000 each month on such Solicitation Advertising.",Minimum Commitment,Minimum Commitment,0.9907107949256897,Minimum Commitment,False
SoupmanInc_20150814_8-K_EX-10.1_9230148_EX-10.1_Franchise Agreement1,"You shall have the option to renew the term of this Agreement, on the terms and conditions set forth in this Agreement, for four (4) additional ten (10) year terms, upon written notice given by you to us not less than six (6) months nor more than twelve (12) months prior to the scheduled expiration date of the term then in effect, provided that each of the following conditions are satisfied: 3.2.1 You shall not be in default of any provision of this Agreement, or any other agreement between you and us or our affiliates, or any standards set forth in the Manuals, and you shall have complied with all the terms and conditions of this Agreement, the Manuals and any other agreements during the term of this Agreement. 3.2.2 You shall have satisfied all monetary obligations owed by you to us and our affiliates, and shall have timely met those obligations throughout the term of this Agreement. 3.2.3 You shall, at our option, execute our then-current form of Master Franchise Agreement and any addenda thereto for the renewal term, which renewal agreement shall supersede this Agreement in all respects, and the terms of which, including, without limitation, continuing fees payable to us, may differ materially and be less advantageous to you than the terms of this Agreement. 3.2.4 You shall comply with our then-current qualification and training requirements. 3.2.5 You shall pay us a renewal fee in the sum of Ten Thousand Dollars ($10,000) for the right to renew this Agreement. 3.2.6 You shall execute a general release, in a form prescribed by us, of any and all claims which you may have or believe to have against us and/or our affiliates and our respective officers, directors, agents and employees, whether the claims are known or unknown, which are based on, arise from or relate to this Agreement or the Franchised Business, as well as claims, known or unknown, which are not based on, do not arise from or do not relate to this Agreement or the Franchised Business, but which relate to other franchise agreements, Franchised Businesses and other agreements between us or our affiliates and you which arose on or before the date of the general release, including, without limitation, all obligations, liabilities, demands, costs, expenses, damages, claims, actions and causes of action, of whatever nature, character or description, arising under federal, state and local laws, rules and ordinances (provided, however, that all rights enjoyed by you and any causes of action arising in your favor from the provisions of Article 33 of the New York General Business Law (""GBL"") and the regulations issued thereunder shall remain in force; it being the intent of this provision that the non-waiver provisions of GBL Sections 687.4 and 687.5 be satisfied).",Renewal Term,Renewal Term,0.9783751368522644,Renewal Term,False
SoupmanInc_20150814_8-K_EX-10.1_9230148_EX-10.1_Franchise Agreement1,You shall include in the standard Unit Franchise Agreement used by you a provision which states that we are a third-party beneficiary to the Unit Franchise Agreement and are entitled to the rights granted in this Section 13.,Third Party Beneficiary,Third Party Beneficiary,0.9927037954330444,Third Party Beneficiary,False
SoupmanInc_20150814_8-K_EX-10.1_9230148_EX-10.1_Franchise Agreement1,"You shall pay to us a franchise sales royalty fee (the ""Franchise Sales Royalty Fee"") for each Unit Franchise you sell in the Master Territory as follows: twenty-five percent (25%) of the initial franchise fee collected from each Unit Franchisee upon execution of the Unit Franchisee's Franchise Agreement (a ""Unit Franchise Agreement""); provided, however, that if you elect to discount or reduce an initial franchise fee for any reason, the Franchise Sales Royalty Fee shall be payable to us as if the full initial franchise fee had been paid.",Revenue/Profit Sharing,Revenue/Profit Sharing,0.9937368631362915,Revenue/Profit Sharing,False
SoupmanInc_20150814_8-K_EX-10.1_9230148_EX-10.1_Franchise Agreement1,"You shall pay to us a royalty fee based on revenue generated by Unit Franchisees (the ""Unit Franchise Performance Royalty Fee"") equal to twenty-five percent (25%) of aggregate royalty fees paid to you by Unit Franchisees in the Master Territory pursuant to their Unit Franchise Agreements.",Revenue/Profit Sharing,Revenue/Profit Sharing,0.9939566850662231,Revenue/Profit Sharing,False
SoupmanInc_20150814_8-K_EX-10.1_9230148_EX-10.1_Franchise Agreement1,"You shall provide us with evidence of the insurance required hereunder not later than ten (10) days before you begin operating as a Master Franchisee, and with a complete copy of each insurance policy no more than thirty (30) days after delivery of the original proof of insurance.",Insurance,Insurance,0.9965960383415222,Insurance,False
SoupmanInc_20150814_8-K_EX-10.1_9230148_EX-10.1_Franchise Agreement1,You shall take such action as may be necessary to cancel any assumed name registration or equivalent registration obtained by you which contains the Proprietary Marks; and you shall furnish us with evidence satisfactory to us of compliance with this obligation within thirty (30) days after termination or expiration of this Agreement.,Post-Termination Services,Post-Termination Services,0.988587498664856,Post-Termination Services,False
SoupmanInc_20150814_8-K_EX-10.1_9230148_EX-10.1_Franchise Agreement1,"You shall, at our option and request, and without any additional consideration, assign to us all rights to all e-mail addresses, URLs, domain names, Internet listings, and Internet accounts related to the Franchised Business following demand by us upon your misuse of the same and/or the termination or expiration of this Agreement.",Ip Ownership Assignment,Ip Ownership Assignment,0.7171065211296082,Ip Ownership Assignment,False
SoupmanInc_20150814_8-K_EX-10.1_9230148_EX-10.1_Franchise Agreement1,Your obligations to maintain insurance coverage as herein described shall not be affected in any manner by reason of any separate insurance maintained by us nor shall the maintenance of such insurance relieve you of any indemnification obligations under this Agreement.,Insurance,Insurance,0.9966499209403992,Insurance,False
SoupmanInc_20150814_8-K_EX-10.1_9230148_EX-10.1_Franchise Agreement1,"_____ day of __________________, 2015",Effective Date,Agreement Date,0.5496003031730652,LOW_CONFIDENCE,True
SoupmanInc_20150814_8-K_EX-10.1_9230148_EX-10.1_Franchise Agreement1,our,Parties,Parties,0.9448546171188354,Parties,False
SoupmanInc_20150814_8-K_EX-10.1_9230148_EX-10.1_Franchise Agreement1,us,Parties,Non-Compete,0.10984311252832413,LOW_CONFIDENCE,True
SoupmanInc_20150814_8-K_EX-10.1_9230148_EX-10.1_Franchise Agreement1,we,Parties,Parties,0.2903118431568146,LOW_CONFIDENCE,True
SoupmanInc_20150814_8-K_EX-10.1_9230148_EX-10.1_Franchise Agreement1,you,Parties,Parties,0.9544714689254761,Parties,False
SoupmanInc_20150814_8-K_EX-10.1_9230148_EX-10.1_Franchise Agreement1,your,Parties,Parties,0.9792370796203613,Parties,False
TELKOMSALTD_01_30_2003-EX-10-LICENCE AND MAINTENANCE AGREEMENT,"""TERRITORY"" means, for the purposes of USING the SOFTWARE, all countries in. AFRICA;",License Grant,Governing Law,0.47476109862327576,LOW_CONFIDENCE,True
TELKOMSALTD_01_30_2003-EX-10-LICENCE AND MAINTENANCE AGREEMENT,"(""TELKOM"")",Parties,Parties,0.9965067505836487,Parties,False
TELKOMSALTD_01_30_2003-EX-10-LICENCE AND MAINTENANCE AGREEMENT,"(""the REVENUE SHARE FEE"").",Revenue/Profit Sharing,Revenue/Profit Sharing,0.9915372133255005,Revenue/Profit Sharing,False
TELKOMSALTD_01_30_2003-EX-10-LICENCE AND MAINTENANCE AGREEMENT,31st day of March 2001,Agreement Date,Agreement Date,0.5026034712791443,LOW_CONFIDENCE,True
TELKOMSALTD_01_30_2003-EX-10-LICENCE AND MAINTENANCE AGREEMENT,"5. 2. 2. 3. value add services that SAP AFRICA and it's licensors may provide to TELKOM and/or BUSINESS THIRD PARTIES USING, or in respect of, the SOFTWARE and/or the Marketplace; 5. 2. 2. 4. value added services that TELKOM may provide to BUSINESS THIRD PARTIES USING or in respect of the SOFTWARE and/or the Marketplace; and 5. 2. 2. 5. any other fee or charge that TELKOM and SAP AFRICA may in the future agree, should be included in the total gross revenue. Where REVENUE SHARE is levied from a Net Market Maker connected to the TELKOM Marketplace, then, the cumulative REVENUE SHARE shall not exceed the REVENUE SHARE PERCENTAGE.",Revenue/Profit Sharing,Revenue/Profit Sharing,0.9913192391395569,Revenue/Profit Sharing,False
TELKOMSALTD_01_30_2003-EX-10-LICENCE AND MAINTENANCE AGREEMENT,"For the avoidance of doubt, it is recorded that SAP AFRICA will not be liable under this AGREEMENT for: 11. 3. 1 the MODIFICATION or improvement of the SOFTWARE by TELKOM to fit the particular requirements of TELKOM; or 11. 3. 2 the correction of any data errors resulting from MODIFICATIONS or EXTENSIONS by TELKOM or its agents; or 11. 3. 3 the correction of any data errors as a result of misuse of the SOFTWARE by TELKOM or its agents; or 11. 3. 4 preparation or conversion of data by TELKOM into the form required for use with the SOFTWARE.",Cap On Liability,Cap On Liability,0.9809261560440063,Cap On Liability,False
TELKOMSALTD_01_30_2003-EX-10-LICENCE AND MAINTENANCE AGREEMENT,"For the financial year commencing 01 March 2002 and thereafter until agreed otherwise, the REVENUE SHARE PERCENTAGE shall be 10% provided that should the percentage of TELKOM'S direct and indirect procurement expenditure that is transacted USING the SOFTWARE equal those percentage ranges stipulated below, then, the REVENUE SHARE PERCENTAGE shall be decreased to the corresponding percentage: Percentage of TELKOM'S procurement USING SOFTWARE Between 60% and 79% 80% or greater 9% 8%",Revenue/Profit Sharing,Revenue/Profit Sharing,0.9937175512313843,Revenue/Profit Sharing,False
TELKOMSALTD_01_30_2003-EX-10-LICENCE AND MAINTENANCE AGREEMENT,"For the period commencing from the effective date and ending February 2002, the REVENUE SHARE PERCENTAGE shall be 10%.",Revenue/Profit Sharing,Revenue/Profit Sharing,0.993793249130249,Revenue/Profit Sharing,False
TELKOMSALTD_01_30_2003-EX-10-LICENCE AND MAINTENANCE AGREEMENT,"For the purposes of calculating the REVENUE SHARE FEE payable to SAP AFRICA, "" the total gross revenue"" earned or derived by TELKOM from the USE of the SOFTWARE: 5. 2. 1. shall exclude: 5. 2. 1. 1. VAT and other Government taxes raised on such revenue; 5. 2. 1. 2. any credits, if any, that TELKOM may grant on a formal basis, to a BUSINESS THIRD PARTIES; 5. 2. 1. 3. royalties or fees that may be payable by TELKOM to a bona fide third party who provides, in terms of formal arrangements with TELKOM, additional functionality, enhancement or value add services to, or in respect of, the SOFTWARE; any revenue earned or derived by TELKOM pursuant to TELKOM providing goods and/or services in a manner that does not USE the SOFTWARE; and 5. 2. 1. 4. any other type of cost or charge that SAP AFRICA and TELKOM may expressly agree shall be excluded; 5. 2. 2. shall include the following amounts payable to TELKOM by BUSINESS THIRD PARTIES for: 5. 2. 2. 1. all charges and fees for accessing the Marketplace, any value add services, any information, access to, or USE of, the SOFTWARE; 5. 2. 2. 2. regular or once - off subscription fees for access to, or USE of, the SOFTWARE, or the Marketplace or any information in respect thereof;",Revenue/Profit Sharing,Revenue/Profit Sharing,0.9911603331565857,Revenue/Profit Sharing,False
TELKOMSALTD_01_30_2003-EX-10-LICENCE AND MAINTENANCE AGREEMENT,"In addition to the Licence Fee, TELKOM shall pay to SAP AFRICA an amount equal to that percentage stipulated in 5. 3 (""the REVENUE SHARE PERCENTAGE""), of TELKOM'S total gross revenue that TELKOM earns or derives from commercial exploitation of the SOFTWARE licensed in terms hereof.",Revenue/Profit Sharing,Revenue/Profit Sharing,0.9941701889038086,Revenue/Profit Sharing,False
TELKOMSALTD_01_30_2003-EX-10-LICENCE AND MAINTENANCE AGREEMENT,"In the event of a release of the source code to TELKOM under the Escrow agreement, TELKOM agrees to hold same in strict confidence and to take appropriate action to preserve its confidentiality, and TELKOM shall",Source Code Escrow,Source Code Escrow,0.9915404915809631,Source Code Escrow,False
TELKOMSALTD_01_30_2003-EX-10-LICENCE AND MAINTENANCE AGREEMENT,"In the event that SAP AFRICA develops jointly with TELKOM for universal application and jointly funds with TELKOM, any extension or modification to the licensed SOFTWARE, then save as may otherwise be agreed upon in writing by SAP AFRICA and TELKOM, such extensions or modifications will be the joint property of SAP AFRICA and TELKOM provided that 8. 3. 1. Neither SAP AFRICA nor TELKOM will grant to any third party, either expressly or impliedly, any rights, title, interest in, or licences to, such jointly developed modification or extension.",Joint Ip Ownership,Joint Ip Ownership,0.9841784834861755,Joint Ip Ownership,False
TELKOMSALTD_01_30_2003-EX-10-LICENCE AND MAINTENANCE AGREEMENT,"Insurance in terms of the Compensation for Injuries and Diseases Act, No. 130 of 1993, as amended",Insurance,Insurance,0.9961318969726562,Insurance,False
TELKOMSALTD_01_30_2003-EX-10-LICENCE AND MAINTENANCE AGREEMENT,LICENCE AND MAINTENANCE AGREEMENT,Document Name,Document Name,0.997381865978241,Document Name,False
TELKOMSALTD_01_30_2003-EX-10-LICENCE AND MAINTENANCE AGREEMENT,Motor Vehicle Liability Insurance in respect of all motor vehicles brought onto the premises of TELKOM.,Insurance,Insurance,0.9964720010757446,Insurance,False
TELKOMSALTD_01_30_2003-EX-10-LICENCE AND MAINTENANCE AGREEMENT,"Neither Party shall be entitled to cede, or delegate its rights and obligations arising from this AGREEMENT or to assign this AGREEMENT to any other person or entity without the prior written consent of the other party provided that either party shall be entitled to assign this AGREEMENT, in whole and not part only, to any of its' subsidiary or holding companies (as defined and contemplated in the Companies Act of 1973, as amended) provided that any such assignment shall ipso facto cease to be of any further force and effect as between the parties, should the assignee cease, for whatever reason, to be a subsidiary or holding company, of the assignor.",Anti-Assignment,Anti-Assignment,0.9876403212547302,Anti-Assignment,False
TELKOMSALTD_01_30_2003-EX-10-LICENCE AND MAINTENANCE AGREEMENT,"Notwithstanding anything to the contrary contained in this AGREEMENT, a party hereto (the ""defaulting party"") shall not be liable for any consequential damage or loss of whatever nature and/or however caused, that may be suffered by the other party (the ""innocent party"") other than for consequential loss or damages suffered by the innocent party caused by the wilful or intentional acts or omissions of the",Cap On Liability,Cap On Liability,0.989503026008606,Cap On Liability,False
TELKOMSALTD_01_30_2003-EX-10-LICENCE AND MAINTENANCE AGREEMENT,SAP AFRICA,Parties,Parties,0.996581494808197,Parties,False
TELKOMSALTD_01_30_2003-EX-10-LICENCE AND MAINTENANCE AGREEMENT,"SAP AFRICA, SAP AG and their licensors, shall not be liable for any claims, liabilities and costs, including attorneys fees, reasonably incurred in the defence of any claim (other than for the infringement of intellectual property rights specified in clause 10. 3 above), arising out of TELKOM'S unauthorised use of the SOFTWARE, DOCUMENTATION, THIRD-PARTY DATABASE and SAP AFRICA PROPRIETARY INFORMATION, licensed under this AGREEMENT provided that SAP AFRICA promptly notifies TELKOM in writing of such claim and that TELKOM is permitted to control fully the defence and any settlement of such claim.",Cap On Liability,Cap On Liability,0.9856237173080444,Cap On Liability,False
TELKOMSALTD_01_30_2003-EX-10-LICENCE AND MAINTENANCE AGREEMENT,SAP Africa further warrants that SAP AG will from time to time (as soon as the relevant RELEASE and/or VERSION has been finalised) deposit into the escrow account copies of all new versions of the Source Code and related DOCUMENTATION encompassing any and all copies of all versions of the Source Code and related DOCUMENTATION encompassing any and all CORRECTION LEVELS.,Source Code Escrow,Source Code Escrow,0.9918085932731628,Source Code Escrow,False
TELKOMSALTD_01_30_2003-EX-10-LICENCE AND MAINTENANCE AGREEMENT,"SAP Africa warrants that the entire source code for the SOFTWARE owned by or licensed by SAP AG and/or COMMERCE ONE INC.. (""Source Code""), together with related DOCUMENTATION as it is, or becomes available, shall be deposited into an escrow account by no later than 30 June 2001 which is maintained at Volksbank Wiesloch, Germany (the ""Escrow Agent""), pursuant to an agreement between the Escrow Agent and SAP AG (the ""Escrow Agreement"").",Source Code Escrow,Source Code Escrow,0.9916925430297852,Source Code Escrow,False
TELKOMSALTD_01_30_2003-EX-10-LICENCE AND MAINTENANCE AGREEMENT,SYSTEMS APPLICATIONS PRODUCTS (AFRICA) (PTY) LIMITED,Parties,Parties,0.9916382431983948,Parties,False
TELKOMSALTD_01_30_2003-EX-10-LICENCE AND MAINTENANCE AGREEMENT,"Should TELKOM be the effective cause of the sale and licensing to any person or entity, of the following products, then TELKOM shall be entitled to receive from the licensor of such product, a referral fee equal to 10 % of the agreed license fee of each such product: 5. 7. 1 Net Market Maker; 5. 7. 2 Enterprise Buyer (Professional); and/or 5. 7. 3 Private Exchange.",Revenue/Profit Sharing,Revenue/Profit Sharing,0.9895241856575012,Revenue/Profit Sharing,False
TELKOMSALTD_01_30_2003-EX-10-LICENCE AND MAINTENANCE AGREEMENT,"Subject to the provisions of this AGREEMENT, and with effect from the date when the party signing last in time appends its signature to this agreement (""the effective date""), and enduring in perpetuity unless terminated as provided for elsewhere in this AGREEMENT, SAP AFRICA grants, and TELKOM accepts a non-exclusive, non-transferable licence to USE the SOFTWARE, DOCUMENTATION and other SAP AFRICA PROPRIETARY INFORMATION at the specified DESIGNATED SITE within the TERRITORY.",Irrevocable Or Perpetual License,Irrevocable Or Perpetual License,0.446630597114563,LOW_CONFIDENCE,True
TELKOMSALTD_01_30_2003-EX-10-LICENCE AND MAINTENANCE AGREEMENT,"Subject to, and without prejudice to the provisions of this clause 11. 1 and clause 10, SAP AFRICA'S liability for any loss or damages of whatever nature or however arising, that may be suffered by TELKOM or AFFILIATE from USE or license of the SOFTWARE and irrespective of the number of occurrences giving rise to such liability, shall be limited to the aggregate of all License Fees paid by TELKOM to SAP AFRICA in terms of this AGREEMENT, up until the date when such damages are determined or agreed.",Cap On Liability,Cap On Liability,0.9735841155052185,Cap On Liability,False
TELKOMSALTD_01_30_2003-EX-10-LICENCE AND MAINTENANCE AGREEMENT,TELKOM SOUTH AFRICA LIMITED,Parties,Parties,0.9969047904014587,Parties,False
TELKOMSALTD_01_30_2003-EX-10-LICENCE AND MAINTENANCE AGREEMENT,"TELKOM agrees not to copy the Source Code, nor to disclose it to any third party except Agents retained by TELKOM to assist in maintaining SOFTWARE, provided that no such Agent is in the business of marketing or developing software competitive to the SOFTWARE.",Source Code Escrow,Source Code Escrow,0.9903491735458374,Source Code Escrow,False
TELKOMSALTD_01_30_2003-EX-10-LICENCE AND MAINTENANCE AGREEMENT,"TELKOM hereby grants SAP AFRICA the right of first refusal to any licence to, or assignment of, such TELKOM extension or TELKOM modification and TELKOM agrees not to dispose",Rofr/Rofo/Rofn,Rofr/Rofo/Rofn,0.9885841608047485,Rofr/Rofo/Rofn,False
TELKOMSALTD_01_30_2003-EX-10-LICENCE AND MAINTENANCE AGREEMENT,"TELKOM is licensed to install at the DESIGNATED SITE no more than 1 (one) copy of the SOFTWARE on the DESIGNATED UNIT utilised for testing and backup purposes The DESIGNATED UNIT utilised for testing and backup purposes of the SOFTWARE, must be of the same type as those used at the DESIGNATED SITE for USE.",Volume Restriction,Volume Restriction,0.9911529421806335,Volume Restriction,False
TELKOMSALTD_01_30_2003-EX-10-LICENCE AND MAINTENANCE AGREEMENT,"TELKOM may, at its own cost, verify that the new version of the Source Code is deposited with the Escrow Agent.",Source Code Escrow,Source Code Escrow,0.9916115403175354,Source Code Escrow,False
TELKOMSALTD_01_30_2003-EX-10-LICENCE AND MAINTENANCE AGREEMENT,TELKOM shall USE the Source Code only at its own premises on its own data processing equipment or third parties in accordance with clause 3 of the AGREEMENT.,Source Code Escrow,Source Code Escrow,0.9914453029632568,Source Code Escrow,False
TELKOMSALTD_01_30_2003-EX-10-LICENCE AND MAINTENANCE AGREEMENT,"TELKOM shall have a non-exclusive, non-transferable LICENCE to USE the Source Code solely for its own use in order to support and maintain the SOFTWARE and for no other purpose whatsoever.",Source Code Escrow,Source Code Escrow,0.9843776226043701,Source Code Escrow,False
TELKOMSALTD_01_30_2003-EX-10-LICENCE AND MAINTENANCE AGREEMENT,"TELKOM shall not copy the source code, nor disclose it to any third party except agents retained by TELKOM to assist in maintaining the SOFTWARE, provided that no such agent is in the business of marketing or developing SOFTWARE competitive with the SOFTWARE.",Non-Compete,Source Code Escrow,0.9894939064979553,Source Code Escrow,False
TELKOMSALTD_01_30_2003-EX-10-LICENCE AND MAINTENANCE AGREEMENT,"TELKOM shall not have the right to access the Source Code if SAP AG or a SAP AG affiliate agrees to assume, carries out and continues to carry out, SAP Africa's maintenance obligations under this AGREEMENT, pursuant to the terms and conditions hereof.",Source Code Escrow,Source Code Escrow,0.990622341632843,Source Code Escrow,False
TELKOMSALTD_01_30_2003-EX-10-LICENCE AND MAINTENANCE AGREEMENT,"TELKOM'S sole and exclusive remedies for any breach of SAP AFRICA'S warranties contained in clause 10 shall, at SAP AFRICA'S option, be either: 11. 1. 1 replacement of the SOFTWARE and/or performance of services in respect thereof; or 11. 1. 2 return or credit of an appropriate portion of any payment made, or to be made, by TELKOM with respect to the defective portion, or the whole of the SOFTWARE or Maintenance Services, but excluding the License Fee or any portion thereof. SAP AFRICA must exercise its option within 20 days of first becoming aware of the defect.",Cap On Liability,Cap On Liability,0.9829635620117188,Cap On Liability,False
TELKOMSALTD_01_30_2003-EX-10-LICENCE AND MAINTENANCE AGREEMENT,"The Escrow Agreement provides that the Escrow Agent shall, under certain circumstances, release the Source Code and related DOCUMENTATION to TELKOM.",Source Code Escrow,Source Code Escrow,0.9913598895072937,Source Code Escrow,False
TELKOMSALTD_01_30_2003-EX-10-LICENCE AND MAINTENANCE AGREEMENT,The Maintenance Services may be terminated by TELKOM in writing at any time upon 3 (three) months prior written notice.,Termination For Convenience,Termination For Convenience,0.986280083656311,Termination For Convenience,False
TELKOMSALTD_01_30_2003-EX-10-LICENCE AND MAINTENANCE AGREEMENT,The licence granted hereunder shall become effective upon execution of this AGREEMENT by both parties and shall endure indefinitely unless terminated under clause 6. 2.,Expiration Date,Effective Date,0.483449786901474,LOW_CONFIDENCE,True
TELKOMSALTD_01_30_2003-EX-10-LICENCE AND MAINTENANCE AGREEMENT,The revenue share that TELKOM shall pay to SAP AFRICA shall be 10%.,Revenue/Profit Sharing,Revenue/Profit Sharing,0.9940901398658752,Revenue/Profit Sharing,False
TELKOMSALTD_01_30_2003-EX-10-LICENCE AND MAINTENANCE AGREEMENT,This AGREEMENT and the licence granted hereunder shall terminate should any of the following events occur: 6. 2. 1. 30 (thirty) days after TELKOM gives SAP AFRICA written notice of TELKOM's wish to terminate this AGREEMENT for any reason. Any such termination shall be subject to accrued rights and obligations but only after payment of all Licence and Maintenance Fees then due and owing;,Termination For Convenience,Termination For Convenience,0.945872962474823,Termination For Convenience,False
TELKOMSALTD_01_30_2003-EX-10-LICENCE AND MAINTENANCE AGREEMENT,This AGREEMENT shall be governed by and construed under the Laws of the Republic of South Africa.,Governing Law,Governing Law,0.997529923915863,Governing Law,False
TELKOMSALTD_01_30_2003-EX-10-LICENCE AND MAINTENANCE AGREEMENT,"Without limiting SAP AFRICA'S liabilities or responsibilities in terms of the AGREEMENT, SAP AFRICA will provide and maintain insurance to cover its liability and responsibilities in terms of this AGREEMENT.",Insurance,Insurance,0.9967771172523499,Insurance,False
TELKOMSALTD_01_30_2003-EX-10-LICENCE AND MAINTENANCE AGREEMENT,"Without prejudice to any express provision to the contrary contained in the AGREEMENT, TELKOM shall have the right to access the Source Code if SAP: 1. 4. 1 is in default of any material term, condition or provision of this AGREEMENT as a consequence of which the TELKOM is prevented from having substantial USE and benefit of the SOFTWARE in terms thereof and remains in default for a period of 30 (thirty) days from receipt of the first written request to remedy the default concerned; or 1. 4. 2 ceases to carry on business or to provide the particular USE, service or benefit referred to in clause 12. 4. 1; or 1. 4. 3 becomes bankrupt or has a receiving order made against it, or is placed in liquidation or under judicial management in either case, whether provisional or final, or is deregistered.",Source Code Escrow,Source Code Escrow,0.9914934635162354,Source Code Escrow,False
TELKOMSALTD_01_30_2003-EX-10-LICENCE AND MAINTENANCE AGREEMENT,defaulting party or any person or entity in respect of whom the defaulting party may be vicariously liable.,Cap On Liability,Parties,0.4209922254085541,LOW_CONFIDENCE,True
TELKOMSALTD_01_30_2003-EX-10-LICENCE AND MAINTENANCE AGREEMENT,"have a non-exclusive, non-transferable LICENCE to use the source code solely for its own USE in order to support and maintain the SOFTWARE and for no other purpose whatsoever.",Source Code Escrow,Source Code Escrow,0.9768404960632324,Source Code Escrow,False
TELKOMSALTD_01_30_2003-EX-10-LICENCE AND MAINTENANCE AGREEMENT,"of or license, its rights thereto to any third party for a consideration not less than, and upon other terms not less favourable than those initially offered to SAP AFRICA.",Rofr/Rofo/Rofn,Rofr/Rofo/Rofn,0.9804943799972534,Rofr/Rofo/Rofn,False
"TRANSPHORM,INC_02_14_2020-EX-10.12(1)-JOINT VENTURE AGREEMENT","""Effective Date"" means the date that the Initial Closing occurs.",Effective Date,Effective Date,0.9338621497154236,Effective Date,False
"TRANSPHORM,INC_02_14_2020-EX-10.12(1)-JOINT VENTURE AGREEMENT","(v) By FSL/AFSL and TPH/TPH-A, if there is a change in the Control of the other and the acquiring/succeeding entity causing such change in the Control is an entity that may be reasonably believed to be objectionable to the Japanese Government and/or FSL including FSL's Affiliates in case of the termination by FSL/AFSL or the US Government and/or TPH in case of the termination by TPH/TPH-A, termination to be effective upon thirty (30) days' notice of termination.",Change Of Control,Change Of Control,0.987447202205658,Change Of Control,False
"TRANSPHORM,INC_02_14_2020-EX-10.12(1)-JOINT VENTURE AGREEMENT","23rd day of May, 2017",Agreement Date,Agreement Date,0.5348160266876221,LOW_CONFIDENCE,True
"TRANSPHORM,INC_02_14_2020-EX-10.12(1)-JOINT VENTURE AGREEMENT",AFSL,Parties,Parties,0.9965271353721619,Parties,False
"TRANSPHORM,INC_02_14_2020-EX-10.12(1)-JOINT VENTURE AGREEMENT",AFSL and TPH-A shall cause the Board to approve the share transfer of the Call Shares on or prior to the Call Closing Date.,Rofr/Rofo/Rofn,Rofr/Rofo/Rofn,0.9178893566131592,Rofr/Rofo/Rofn,False
"TRANSPHORM,INC_02_14_2020-EX-10.12(1)-JOINT VENTURE AGREEMENT",AFSL and TPH-A shall cause the Board to approve the share transfer of the Put Shares on or prior to the Put Closing Date.,Rofr/Rofo/Rofn,Rofr/Rofo/Rofn,0.9606088399887085,Rofr/Rofo/Rofn,False
"TRANSPHORM,INC_02_14_2020-EX-10.12(1)-JOINT VENTURE AGREEMENT",Aizu Fujitsu Semiconductor Limited,Parties,Parties,0.9968724846839905,Parties,False
"TRANSPHORM,INC_02_14_2020-EX-10.12(1)-JOINT VENTURE AGREEMENT","As longs as AFSL and FSL are not in material and continuing breach of this Agreement or the Ancillary Agreements, FSL or AFSL may trigger the option to sell the Put Shares to TPH-A or its designee (the ""Put Option"") by providing a written notice of the exercise of the Put Option (the ""Put Exercise Notice"") simultaneously to the Company, TPH and TPH-A, which notice states (i) such Party's bona fide intention to exercise the Put Option, and (ii) the date on which such Party intends that the Put Closing Date occur.",Rofr/Rofo/Rofn,Rofr/Rofo/Rofn,0.9876402020454407,Rofr/Rofo/Rofn,False
"TRANSPHORM,INC_02_14_2020-EX-10.12(1)-JOINT VENTURE AGREEMENT","As longs as TPH-A and TPH are not in material and continuing breach of this Agreement or the Ancillary Agreements, TPH-A or TPH may trigger the option to purchase the Call Shares (the ""Call Option"") by providing a written notice of the exercise of the Call Option (the ""Call Exercise Notice"") simultaneously to the Company, FSL and AFSL, which notice states (i) such Party's bona fide intention to exercise the Call Option, and (ii) the date on which such Party intends that the Call Closing Date occur.",Rofr/Rofo/Rofn,Rofr/Rofo/Rofn,0.9860196113586426,Rofr/Rofo/Rofn,False
"TRANSPHORM,INC_02_14_2020-EX-10.12(1)-JOINT VENTURE AGREEMENT","At TPH's sole option, TPH or TPH-A may purchase the GaN Equipment by completion of payment of the purchase price or depreciation cost for such equipment as set forth in Appendix 2.",Rofr/Rofo/Rofn,Rofr/Rofo/Rofn,0.985146701335907,Rofr/Rofo/Rofn,False
"TRANSPHORM,INC_02_14_2020-EX-10.12(1)-JOINT VENTURE AGREEMENT","Completion of the sale and purchase of the Call Shares pursuant to the exercise of the Call Option by TPH- A/TPH shall take place on the date specified in the Call Exercise Notice (which shall be a date after at least sixty (60) days from the date of the Call Exercise Notice) (the ""Call Closing Date"") and on which date: (i) TPH-A shall, or shall cause its designees to, and TPH shall cause TPH-A or TPH-A's designees to, pay to AFSL the Call Option Price for the Call Shares by way of a bank transfer to the bank account as separately designated by AFSL; and (ii) in exchange for which, AFSL shall deliver to TPH-A or its designees duly executed a letter of request to enter in the shareholder register of the Company the information that is required to be registered with regard to the Call Shares.",Rofr/Rofo/Rofn,Rofr/Rofo/Rofn,0.9887033104896545,Rofr/Rofo/Rofn,False
"TRANSPHORM,INC_02_14_2020-EX-10.12(1)-JOINT VENTURE AGREEMENT","Completion of the sale and purchase of the Put Shares pursuant to the exercise of the Put Option by AFSL/FSL shall take place on the date specified in the Put Exercise Notice (which shall be a date after at least sixty (60) days from the date of the Put Exercise Notice) (the ""Put Closing Date"") and on which date: (i) TPH-A shall, or shall cause its designees to, and TPH shall cause TPH-A or TPH-A's designees to, pay to AFSL the Put Option Price for the Put Shares by way of a bank transfer to the bank account as separately designated by AFSL; and (ii) in exchange for which, AFSL shall deliver to TPH-A or its designees duly executed a letter of request to enter in the shareholder register of the Company the information that is required to be registered with regard to the Put Shares; and",Rofr/Rofo/Rofn,Rofr/Rofo/Rofn,0.9875597357749939,Rofr/Rofo/Rofn,False
"TRANSPHORM,INC_02_14_2020-EX-10.12(1)-JOINT VENTURE AGREEMENT","Each Party's obligation to complete the Put Option or Call Option at the Put Closing Date or Call Closing Date, as applicable, is subject to the fulfillment on or before such Put Closing Date or Call Closing Date of each of the following conditions, unless waived in writing (where permissible) by the applicable party in such closing:",Rofr/Rofo/Rofn,Rofr/Rofo/Rofn,0.9790081977844238,Rofr/Rofo/Rofn,False
"TRANSPHORM,INC_02_14_2020-EX-10.12(1)-JOINT VENTURE AGREEMENT",FSL,Parties,Parties,0.9963575005531311,Parties,False
"TRANSPHORM,INC_02_14_2020-EX-10.12(1)-JOINT VENTURE AGREEMENT",FSL and AFSL may not exercise the Put Option prior to the Option Starting Date nor more than one hundred eighty (180) days after the Option Starting Date.,Rofr/Rofo/Rofn,Rofr/Rofo/Rofn,0.9888468384742737,Rofr/Rofo/Rofn,False
"TRANSPHORM,INC_02_14_2020-EX-10.12(1)-JOINT VENTURE AGREEMENT","FSL or AFSL may not exercise the Put Option for less than one hundred percent (100%) of the Shares held by both FSL and AFSL or any Affiliate of FSL or AFSL, as the case may be.",Rofr/Rofo/Rofn,Rofr/Rofo/Rofn,0.9848104119300842,Rofr/Rofo/Rofn,False
"TRANSPHORM,INC_02_14_2020-EX-10.12(1)-JOINT VENTURE AGREEMENT","If, after the Effective Date, FSL or AFSL shall have materially breached any of its representations or warranties contained in this Agreement or shall have failed to comply in any material respect with any of the other covenants or agreements contained in this Agreement, which breach or failure shall not have been remedied within thirty (30) days after the Default Notice has been given by TPH-A to FSL/AFSL, then TPH-A shall have the option of purchasing from AFSL, and AFSL shall be obligated to sell, all of the Shares then owned by AFSL at a purchase price per Share equal to the lesser of: (i) the Net Book Value as of the most recent month end (provided that, if the Net Book Value is a negative amount, the product of the Net Book Value multiplied by such Sale Shares shall be deemed to be one Japanese Yen (¥1)), or (ii) the Shares Purchase Price, divided by the number of Sale Shares. TPH-A shall provide the Election Notice to purchase the Shares owned by AFSL within ten (10) Business Days following the expiration of the thirty (30) day cure period set forth in the Default Notice. The closing of the purchase of the Shares owned by AFSL shall take place within thirty (30) Business Days following the date of the Election Notice, or at such other time as the Parties may mutually agree. At such closing, TPH-A shall deliver to AFSL, by wire transfer, the full amount of the purchase price in Japanese Yen for such Shares as provided in this Section 7.5.2 against delivery by AFSL of the following: (a) a sale agreement in form reasonably satisfactory to TPH-A containing among other things, a representation and warranty of AFSL that it is, and TPH-A shall be, the beneficial owner of such Shares, with good title thereto, free and clear of all liens and other encumbrances; (b) documentary evidence reasonably satisfactory to TPH-A of the transfer to it of all of AFSL's Shares and (c) resignations of all Directors, if any, on the Board appointed by AFSL. Notwithstanding the remedies provided in this Section 7.5.2, TPH/TPH-A shall be entitled to all other remedies against FSL/AFSL available at law or equity or under this Agreement.",Rofr/Rofo/Rofn,Rofr/Rofo/Rofn,0.9779474139213562,Rofr/Rofo/Rofn,False
"TRANSPHORM,INC_02_14_2020-EX-10.12(1)-JOINT VENTURE AGREEMENT","If, after the Effective Date, TPH or TPH-A shall have materially breached any of its representations or warranties contained in this Agreement or shall have failed to comply in any material respect with any of the other covenants or agreements contained in this Agreement, which breach or failure shall not have been remedied within thirty (30) days after written notice thereof (the ""Default Notice"") has been given by AFSL to TPH/TPH-A, then AFSL shall have the option of purchasing from TPH-A, and TPH-A shall be obligated to sell, all of the Shares then owned by TPH-A at a purchase price per Share equal to the lesser of: (i) the Net Book Value as of the most recent month end (provided that, if the Net Book Value is a negative amount, the product of the Net Book Value multiplied by such Sale Shares shall be deemed to be one Japanese Yen (¥1)), or (ii) the Shares Purchase Price, divided by the number of Sale Shares. AFSL shall provide written notice of its election (the ""Election Notice"") to purchase the Shares owned by TPH-A within ten (10) Business Days following the expiration of the thirty (30) day cure period set forth in the Default Notice. The closing of the purchase of the Shares owned by TPH-A",Rofr/Rofo/Rofn,Rofr/Rofo/Rofn,0.9820544719696045,Rofr/Rofo/Rofn,False
"TRANSPHORM,INC_02_14_2020-EX-10.12(1)-JOINT VENTURE AGREEMENT","In addition to any inspection rights granted under Law, upon notice to the Company of at least twenty-four (24) hours, each Party shall have full access to all properties, books of account, and records of the Company.",Audit Rights,Audit Rights,0.9955980181694031,Audit Rights,False
"TRANSPHORM,INC_02_14_2020-EX-10.12(1)-JOINT VENTURE AGREEMENT","In case it is necessary for AFSL/FSL to access to any materials or information of the Company prepared or otherwise made on or before the Put Closing Date or the Call Closing Date due to requirement by any Governmental Authority or any third party on or after the Put Closing Date or the Call Closing Date, then, TPH/TPH-A shall fully cooperate, and shall cause the Company to fully cooperate, with AFSL/FSL so that AFSL/FSL can access such materials or information.",Audit Rights,Audit Rights,0.9938166737556458,Audit Rights,False
"TRANSPHORM,INC_02_14_2020-EX-10.12(1)-JOINT VENTURE AGREEMENT","In such case: (i) TPH-A or TPH, as the case may be, shall acquire sole and exclusive title to the GaN Equipment, free and clear of all Encumbrances, and none of FSL, AFSL or the Company shall have any right, title or interest in such GaN Equipment, (ii) such GaN Equipment shall be clearly labeled as the property of TPH-A or TPH, as the case may be, and (iii) FSL and AFSL shall cause to be assigned to TPH-A or TPH, as the case may be, all licenses and warranties for such GaN Equipment and the software or firmware required to operate such GaN Equipment that are attached to, installed on, or embodied in such GaN Equipment as of the Effective Date.",Ip Ownership Assignment,Ip Ownership Assignment,0.9893093109130859,Ip Ownership Assignment,False
"TRANSPHORM,INC_02_14_2020-EX-10.12(1)-JOINT VENTURE AGREEMENT",JOINT VENTURE AGREEMENT,Document Name,Document Name,0.9973280429840088,Document Name,False
"TRANSPHORM,INC_02_14_2020-EX-10.12(1)-JOINT VENTURE AGREEMENT","Japan, Fujitsu Semiconductor Limited",Parties,Parties,0.9969733953475952,Parties,False
"TRANSPHORM,INC_02_14_2020-EX-10.12(1)-JOINT VENTURE AGREEMENT","Notwithstanding the foregoing, no rights, obligations or liabilities hereunder shall be assignable by a Party without prior written consent of all of the other Parties; provided, however, that a Party shall not unreasonably withhold its consent to the assignment of rights and obligations by the other Parties to its Affiliate if that Affiliate's performance has been guaranteed satisfactorily in form and substance by the assigning Party.",Anti-Assignment,Anti-Assignment,0.9875792860984802,Anti-Assignment,False
"TRANSPHORM,INC_02_14_2020-EX-10.12(1)-JOINT VENTURE AGREEMENT",TPH,Parties,Parties,0.9965691566467285,Parties,False
"TRANSPHORM,INC_02_14_2020-EX-10.12(1)-JOINT VENTURE AGREEMENT","TPH or TPH-A may not exercise the Call Option for less than one hundred percent (100%) of the Shares held by both FSL and AFSL or any Affiliate of FSL or AFSL, as the case may be.",Rofr/Rofo/Rofn,Rofr/Rofo/Rofn,0.9876205325126648,Rofr/Rofo/Rofn,False
"TRANSPHORM,INC_02_14_2020-EX-10.12(1)-JOINT VENTURE AGREEMENT",TPH-A and TPH may not exercise the Call Option prior to the Option Starting Date nor more than one hundred eighty (180) days after the Option Starting Date.,Rofr/Rofo/Rofn,Rofr/Rofo/Rofn,0.9881309270858765,Rofr/Rofo/Rofn,False
"TRANSPHORM,INC_02_14_2020-EX-10.12(1)-JOINT VENTURE AGREEMENT","The English text of this Agreement shall control any interpretation of its provisions, and this Agreement and the legal relations among the Parties and the Company shall in all respects be interpreted, construed and governed by and in accordance with the laws of Japan.",Governing Law,Governing Law,0.9974392652511597,Governing Law,False
"TRANSPHORM,INC_02_14_2020-EX-10.12(1)-JOINT VENTURE AGREEMENT","The purchase price for the Call Shares (the ""Call Option Price"") shall be the greater of (x) the amount in Japanese Yen equal to the Net Book Value as of the most recently completed month end prior to the Call Closing Date, minus the Net Book Value as of the most recently completed month end prior to the Effective Date, multiplied by the number of Call Shares, or (y) one Japanese Yen (¥1).",Rofr/Rofo/Rofn,Rofr/Rofo/Rofn,0.9826471209526062,Rofr/Rofo/Rofn,False
"TRANSPHORM,INC_02_14_2020-EX-10.12(1)-JOINT VENTURE AGREEMENT","The purchase price for the Put Shares (the ""Put Option Price"") shall be the greater of (x) the amount in Japanese Yen equal to the Net Book Value as of the most recently completed month end prior to the Put Closing Date, minus the Net Book Value as of the most recently completed month end prior to the Effective Date, multiplied by the number of Put Shares, or (y) one Japanese Yen (¥1).",Rofr/Rofo/Rofn,Rofr/Rofo/Rofn,0.9740429520606995,Rofr/Rofo/Rofn,False
"TRANSPHORM,INC_02_14_2020-EX-10.12(1)-JOINT VENTURE AGREEMENT","Transphorm, Inc.",Parties,Parties,0.9967001080513,Parties,False
"TRANSPHORM,INC_02_14_2020-EX-10.12(1)-JOINT VENTURE AGREEMENT","Upon FSL's or AFSL's exercise of the Put Option, TPH-A shall be obliged to purchase or cause TPH-A's designees to purchase, and TPH shall be obliged to cause TPH-A or TPH-A's designees to purchase, the Put Shares in accordance with this Section 9.1. For the avoidance of doubt, the Put Option is the right of AFSL/FSL, and AFSL/FSL is not obliged to exercise the Put Option.",Rofr/Rofo/Rofn,Rofr/Rofo/Rofn,0.9853121638298035,Rofr/Rofo/Rofn,False
"TRANSPHORM,INC_02_14_2020-EX-10.12(1)-JOINT VENTURE AGREEMENT","Upon TPH-A's or TPH's exercise of the Call Option, AFSL/FSL shall be obliged to sell, or cause the holder of the Call Shares to sell, the Call Shares to TPH-A or its designee in accordance with this Section 9.2. For the avoidance of doubt, the Call Option is the right of TPH-A and TPH-A is not obliged to exercise the Call Option.",Rofr/Rofo/Rofn,Rofr/Rofo/Rofn,0.9872584939002991,Rofr/Rofo/Rofn,False
"TRANSPHORM,INC_02_14_2020-EX-10.12(1)-JOINT VENTURE AGREEMENT","collectively referred to as the ""Parties"" and individually, a ""Party""",Parties,Parties,0.995120108127594,Parties,False
"TRANSPHORM,INC_02_14_2020-EX-10.12(1)-JOINT VENTURE AGREEMENT","shall take place within thirty (30) Business Days following the date of the Election Notice, or at such other time as the Parties may mutually agree. At such closing, AFSL shall deliver to TPH-A, by wire transfer, the full amount of the purchase price in Japanese Yen for such Shares as provided in this Section 7.5.1 against delivery by TPH-A of the following: (a) a sale agreement in form reasonably satisfactory to AFSL containing among other things, a representation and warranty of TPH-A that it is, and AFSL shall be, the beneficial owner of such Shares, with good title thereto, free and clear of all liens and other encumbrances; (b) documentary evidence reasonably satisfactory to AFSL of the transfer to it of all of TPH-A's Shares and (c) resignations of all Directors, if any, on the Board appointed by TPH-A. Notwithstanding the remedies provided in this Section 7.5.1, AFSL/FSL shall be entitled to all other remedies against TPH/TPH-A available at law or equity or under this Agreement.",Rofr/Rofo/Rofn,Rofr/Rofo/Rofn,0.9790084958076477,Rofr/Rofo/Rofn,False
TheglobeComInc_19990503_S-1A_EX-10.20_5416126_EX-10.20_Co-Branding Agreement,"""Launch Date"" means the first date on which the Service is made publicly available.",Expiration Date,Effective Date,0.9396151900291443,Effective Date,False
TheglobeComInc_19990503_S-1A_EX-10.20_5416126_EX-10.20_Co-Branding Agreement,"All Users shall be treated at least as favorable in all respects (including without limitation with respect to pricing, quality of service, and customer support responsiveness) as Boxlot treats users of the Boxlot Site.",Most Favored Nation,Most Favored Nation,0.9878957271575928,Most Favored Nation,False
TheglobeComInc_19990503_S-1A_EX-10.20_5416126_EX-10.20_Co-Branding Agreement,"An ""Ownership Change Event"" means: (x) the acquisition of 50% or more of Boxlot's equity or voting interests; (y) a merger or consolidation of Boxlot; or (z) the sale, exchange or transfer of all or substantially all of Boxlot's assets related to the Service.",Change Of Control,Change Of Control,0.9877493977546692,Change Of Control,False
TheglobeComInc_19990503_S-1A_EX-10.20_5416126_EX-10.20_Co-Branding Agreement,Boxlot,Parties,Parties,0.9963401556015015,Parties,False
TheglobeComInc_19990503_S-1A_EX-10.20_5416126_EX-10.20_Co-Branding Agreement,Boxlot hereby grants to theglobe a non-exclusive license to use the Boxlot Marks (including the Domain Name if applicable) to advertise,License Grant,License Grant,0.9857982993125916,License Grant,False
TheglobeComInc_19990503_S-1A_EX-10.20_5416126_EX-10.20_Co-Branding Agreement,"Boxlot hereby grants to theglobe a non-exclusive, worldwide license to use, reproduce, create derivative works of (only as necessary to build pages in a manner consistent with this Agreement), publicly display, publicly perform and digitally perform Boxlot Banners, and those elements of the Boxlot Content served from theglobe's servers (as denoted in Exhibit A), on theglobe Site or otherwise as reasonably appropriate to advertise and promote the Service and the Co-Branded Pages.",License Grant,License Grant,0.9800282716751099,License Grant,False
TheglobeComInc_19990503_S-1A_EX-10.20_5416126_EX-10.20_Co-Branding Agreement,"Boxlot shall grant to theglobe registration rights for such options and any shares of common stock issued or issuable upon the exercise of such options (including without limitation, two demand registration rights and unlimited piggyback registration rights) on Form S-1, Form S-3 or such other form as may be applicable pursuant to the Securities Act of 1933 as amended.",Unlimited/All-You-Can-Eat-License,Rofr/Rofo/Rofn,0.711887001991272,Rofr/Rofo/Rofn,False
TheglobeComInc_19990503_S-1A_EX-10.20_5416126_EX-10.20_Co-Branding Agreement,Boxlot shall retain *** of the transaction revenues it generates from operation of the Service.,Revenue/Profit Sharing,Revenue/Profit Sharing,0.9934537410736084,Revenue/Profit Sharing,False
TheglobeComInc_19990503_S-1A_EX-10.20_5416126_EX-10.20_Co-Branding Agreement,"By providing written notice, theglobe may terminate this Agreement in its sole discretion if one of the following companies (or their subsidiaries) does an ""Ownership Change Event"": Lycos, Yahoo (including GeoCities, which shall be included even if their proposed merger does not occur), Xoom, Fortune City, Excite, Go Network (including Disney and Infoseek), Snap! (including NBC) and AOL.",Change Of Control,Change Of Control,0.9881488680839539,Change Of Control,False
TheglobeComInc_19990503_S-1A_EX-10.20_5416126_EX-10.20_Co-Branding Agreement,CO-BRANDING Agreement,Document Name,Document Name,0.9974033236503601,Document Name,False
TheglobeComInc_19990503_S-1A_EX-10.20_5416126_EX-10.20_Co-Branding Agreement,"EXCEPT IN THE EVENT OF A CLAIM UNDER SECTION 10 OR FAILURE TO PAY UNDER SECTION 6, IN NO EVENT SHALL EITHER PARTY BE LIABLE TO THE",Uncapped Liability,Uncapped Liability,0.9825641512870789,Uncapped Liability,False
TheglobeComInc_19990503_S-1A_EX-10.20_5416126_EX-10.20_Co-Branding Agreement,"If the Domain Name is deemed a combination mark, neither party shall use the Domain Name for any purpose except as expressly provided herein or attempt to register the Domain Name, and the parties will jointly cooperate on any enforcement action of infringement of the Domain Name.",Joint Ip Ownership,Joint Ip Ownership,0.7937530279159546,Joint Ip Ownership,False
TheglobeComInc_19990503_S-1A_EX-10.20_5416126_EX-10.20_Co-Branding Agreement,"Maintenance is defined as scheduled Service outages for Service maintenance or upgrades of which theglobe is notified at least 48 hours in advance, so long as such outages are scheduled for low-usage time periods and do not exceed a total of 20 hours in any 30 day period.",Volume Restriction,Volume Restriction,0.9903057813644409,Volume Restriction,False
TheglobeComInc_19990503_S-1A_EX-10.20_5416126_EX-10.20_Co-Branding Agreement,"March ___, 1999",Effective Date,Agreement Date,0.5712525248527527,LOW_CONFIDENCE,True
TheglobeComInc_19990503_S-1A_EX-10.20_5416126_EX-10.20_Co-Branding Agreement,"NEGLIGENCE) ARISING OUT OF OR IN CONNECTION WITH THIS AGREEMENT, EVEN IF THE PARTIES ARE AWARE OF THE POSSIBILITY OF SUCH DAMAGES.",Cap On Liability,Uncapped Liability,0.5471481084823608,LOW_CONFIDENCE,True
TheglobeComInc_19990503_S-1A_EX-10.20_5416126_EX-10.20_Co-Branding Agreement,"NEITHER PARTY SHALL BE LIABLE FOR LOST PROFITS OR SPECIAL, INCIDENTAL OR CONSEQUENTIAL DAMAGES (HOWEVER ARISING, INCLUDING",Cap On Liability,Cap On Liability,0.9902549386024475,Cap On Liability,False
TheglobeComInc_19990503_S-1A_EX-10.20_5416126_EX-10.20_Co-Branding Agreement,"Neither party may assign its rights or delegate its duties hereunder (except to an affiliated company, or to a successor in interest in the event of a merger, sale of assets of the business to which this Agreement is related, or consolidation) without the other party's prior written consent, and any purported attempt to do so is null and void.",Anti-Assignment,Anti-Assignment,0.9852328896522522,Anti-Assignment,False
TheglobeComInc_19990503_S-1A_EX-10.20_5416126_EX-10.20_Co-Branding Agreement,OTHER PARTY IN AN AMOUNT GREATER THAN THE AMOUNT BOXLOT ACTUALLY PAYS TO THEGLOBE HEREUNDER.,Uncapped Liability,Cap On Liability,0.9793124198913574,Cap On Liability,False
TheglobeComInc_19990503_S-1A_EX-10.20_5416126_EX-10.20_Co-Branding Agreement,"Once every 12 months, the party receiving payment or its designee may inspect such records to verify reports.",Audit Rights,Audit Rights,0.9956056475639343,Audit Rights,False
TheglobeComInc_19990503_S-1A_EX-10.20_5416126_EX-10.20_Co-Branding Agreement,"Subject to the approval process in Section 2, theglobe hereby grants to Boxlot a non-exclusive, worldwide license to use, reproduce, create derivative works of (only as necessary to build Co- Branded Pages), publicly display, publicly perform and digitally perform the Page Templates on Co-Branded Pages.",License Grant,License Grant,0.977125883102417,License Grant,False
TheglobeComInc_19990503_S-1A_EX-10.20_5416126_EX-10.20_Co-Branding Agreement,The Boxlot Company,Parties,Parties,0.99678635597229,Parties,False
TheglobeComInc_19990503_S-1A_EX-10.20_5416126_EX-10.20_Co-Branding Agreement,The mean response time for server response to access the Service shall not exceed more than 6 seconds during any 1 hour period.,Volume Restriction,Volume Restriction,0.9901297688484192,Volume Restriction,False
TheglobeComInc_19990503_S-1A_EX-10.20_5416126_EX-10.20_Co-Branding Agreement,"This Agreement will be governed and construed in accordance with the laws of the State of New York without giving effect to conflict of laws principles. Both parties submit to personal jurisdiction in New York and further agree that any cause of action arising under this Agreement shall be brought in a court in New York City, NY.",Governing Law,Governing Law,0.997485876083374,Governing Law,False
TheglobeComInc_19990503_S-1A_EX-10.20_5416126_EX-10.20_Co-Branding Agreement,This Agreement will become effective on the Effective Date and will continue in effect for 2 years following the Launch Date.,Expiration Date,Expiration Date,0.9801191091537476,Expiration Date,False
TheglobeComInc_19990503_S-1A_EX-10.20_5416126_EX-10.20_Co-Branding Agreement,"Throughout the term, Boxlot shall have an agreement in place with its Internet connectivity provider which requires such provider to automatically increase bandwidth capacity if such capacity exceeds 25% utilization.",Volume Restriction,Volume Restriction,0.9864446520805359,Volume Restriction,False
TheglobeComInc_19990503_S-1A_EX-10.20_5416126_EX-10.20_Co-Branding Agreement,and promote the Service.,License Grant,Non-Disparagement,0.41320839524269104,LOW_CONFIDENCE,True
TheglobeComInc_19990503_S-1A_EX-10.20_5416126_EX-10.20_Co-Branding Agreement,theglobe,Parties,Parties,0.9965670108795166,Parties,False
TheglobeComInc_19990503_S-1A_EX-10.20_5416126_EX-10.20_Co-Branding Agreement,theglobe hereby grants to Boxlot a non-exclusive license to use theglobe Marks (including the Domain Name if applicable) on the Co-Branded Pages.,License Grant,License Grant,0.9851876497268677,License Grant,False
TheglobeComInc_19990503_S-1A_EX-10.20_5416126_EX-10.20_Co-Branding Agreement,theglobe hereby grants to Boxlot a nonexclusive license to use such code solely to permit theglobe or its designee to serve ads in connection with the Co-Branded Pages.,License Grant,License Grant,0.6634941697120667,License Grant,False
TheglobeComInc_19990503_S-1A_EX-10.20_5416126_EX-10.20_Co-Branding Agreement,theglobe shall pay Boxlot *** of Net Revenues.,Revenue/Profit Sharing,Revenue/Profit Sharing,0.9937782287597656,Revenue/Profit Sharing,False
TheglobeComInc_19990503_S-1A_EX-10.20_5416126_EX-10.20_Co-Branding Agreement,theglobe shall provide a minimum of *** impressions per month of promotion for auctions on the Co-Branded Pages (including without limitation any of the foregoing).,Minimum Commitment,Minimum Commitment,0.9906649589538574,Minimum Commitment,False
TheglobeComInc_19990503_S-1A_EX-10.20_5416126_EX-10.20_Co-Branding Agreement,"theglobe.com, Inc.",Parties,Parties,0.9968606233596802,Parties,False
TomOnlineInc_20060501_20-F_EX-4.46_749700_EX-4.46_Co-Branding Agreement,"(ii) distribute, sell, transfer, encumber, sublicense, rent, loan, lend or lease any Online BVI Intellectual Property, and/or any component thereof to any third party.",Non-Transferable License,Non-Transferable License,0.2773784101009369,LOW_CONFIDENCE,True
TomOnlineInc_20060501_20-F_EX-4.46_749700_EX-4.46_Co-Branding Agreement,22nd day of August 2005,Effective Date,Agreement Date,0.5412682294845581,LOW_CONFIDENCE,True
TomOnlineInc_20060501_20-F_EX-4.46_749700_EX-4.46_Co-Branding Agreement,CO-BRANDING AGREEMENT,Document Name,Document Name,0.9973821043968201,Document Name,False
TomOnlineInc_20060501_20-F_EX-4.46_749700_EX-4.46_Co-Branding Agreement,Company,Parties,Parties,0.9958815574645996,Parties,False
TomOnlineInc_20060501_20-F_EX-4.46_749700_EX-4.46_Co-Branding Agreement,"During such audits, the auditing Party shall have the right to take extracts and/or make copies of the audited Party's records as it deems necessary",Audit Rights,Audit Rights,0.9956438541412354,Audit Rights,False
TomOnlineInc_20060501_20-F_EX-4.46_749700_EX-4.46_Co-Branding Agreement,"Each Party agrees that, for a period of five years (""Non-Competition Period"") from the Effective Date (""End Date""), no Party, nor any of their respective Affiliates, will enter into an agreement with any third party, or otherwise carry on any business, directly or indirectly, which is focused on, and targets, primarily Consumers within the PRC, and (i) in the case of Skype and Skype Holding, which provides for a co-branded Internet-based application in simplified Chinese similar in functionality and features as the Company-Skype Branded Application (as may be updated or upgraded from time to time) (and for the avoidance of doubt, a co-branded Internet-based application in simplified Chinese shall be similar in functionality and features as the Company-Skype Branded Application only in the event such application is a customized co-branded version of the Skype Software having one or more functionality or features contained in the Company-Skype Branded Application), or provides for distribution in the PRC of the Skype Software in simplified Chinese by a Primarily PRC Based Service Provider; and (ii) in the case of Online BVI, Tom Holding and the Company, which provides for any voice over internet protocol and/or instant messaging products or services that compete or are likely to compete with the Skype Software.",Non-Compete,Non-Compete,0.984517514705658,Non-Compete,False
TomOnlineInc_20060501_20-F_EX-4.46_749700_EX-4.46_Co-Branding Agreement,"Each Party agrees that, from the Effective Date and through the three (3) month period (""Enterprise Non-Competition Period"") immediately following the date (""Enterprise Launch Date"") that Skype launches an enterprise version of the Skype Software primarily targeted for non-Consumer customers (""Enterprise Skype Software""), no Party, nor any of their respective Subsidiaries, will (i) discuss, negotiate or enter into (whether verbal or in writing) with any third Person or other third party (""Other Party"") any understanding, arrangement, or memorandum of understanding, letter of intent, agreement or any other documents (whether or not legally binding); and/or (ii) voluntarily accept or solicit any offer made by any Other Party in respect of or in relation to, (a) in the case of Skype, an enterprise co-branded Internet-based application in simplified Chinese that is focused on, and targeted primarily at, non-Consumers within the PRC, and that is substantially similar in functionality and features as the Enterprise Skype Software, and (b) in the case of Online BVI, Tom Holding and the Company, any voice over internet protocol and/or instant messaging products or services that compete or are likely to compete with the Enterprise Skype Software",Non-Compete,Non-Compete,0.977115273475647,Non-Compete,False
TomOnlineInc_20060501_20-F_EX-4.46_749700_EX-4.46_Co-Branding Agreement,"Each Party shall (i) immediately stop displaying, featuring, linking or in any other manner using the Company-Skype Branded Application (provided in the case of Skype, other than the Skype Software in the Company-Skype Branded Application), Company-Skype Toolbar, Company-Skype Branded Web Site, Company-Skype Branded Content, any co-branded materials or any other Intellectual Property of the other Parties (including, without limitation, Intellectual Property deemed to be owned by the other Parties under Section 4.2.3.2); (ii) return such materials directly to the other Parties, or delete and overwrite any electronically stored copies of such materials within thirty (30) days from the date of termination of this Agreement; (iii) within such thirty (30) day period, deliver to the other Parties a certificate duly executed by its authorised officer certifying its compliance with the foregoing, and (iv) provide the other Parties with such information and access to data and databases as may be necessary to permit such other Parties to fulfil any contractual obligations by them to users of the Company-Skype Branded Application undertaken by such other Parties prior to the time of termination.",Post-Termination Services,Post-Termination Services,0.9926003813743591,Post-Termination Services,False
TomOnlineInc_20060501_20-F_EX-4.46_749700_EX-4.46_Co-Branding Agreement,"Each Party shall cause any Subsidiary or other Affiliate (including, without limitation, a Subsidiary or other Affiliate of the Online Group or Skype Group, as applicable) to grant to the other Party the audit rights granted hereunder with respect to such other Party.",Audit Rights,Audit Rights,0.9954007267951965,Audit Rights,False
TomOnlineInc_20060501_20-F_EX-4.46_749700_EX-4.46_Co-Branding Agreement,"Except as provided herein, no member of the Online Group or the Group may in any manner (i) modify the Skype Software, Skype Toolbar, Company-Skype Toolbar and/or Company-Skype Branded Application or any Improvement thereof; (ii) distribute, sell, transfer, encumber, sublicense, rent, loan, lend or lease the Skype Software and/or the Skype Toolbar, and/or any component thereof to any third party; or",Non-Transferable License,License Grant,0.32563844323158264,LOW_CONFIDENCE,True
TomOnlineInc_20060501_20-F_EX-4.46_749700_EX-4.46_Co-Branding Agreement,"Except as provided herein, no member of the Skype Group or the Group may in any manner",Non-Transferable License,No-Solicit Of Customers,0.7786708474159241,No-Solicit Of Customers,False
TomOnlineInc_20060501_20-F_EX-4.46_749700_EX-4.46_Co-Branding Agreement,"In consideration of the licenses and other agreements set forth herein, Skype shall be entitled to receive 50% of all Adjusted Net Revenue, and the Company shall be entitled to receive 50% of all Adjusted Net Revenue",Revenue/Profit Sharing,Revenue/Profit Sharing,0.9939817786216736,Revenue/Profit Sharing,False
TomOnlineInc_20060501_20-F_EX-4.46_749700_EX-4.46_Co-Branding Agreement,"In the case of Skype and its Affiliates, the foregoing restrictions shall not apply: 8.2.1 (a) (i) for the avoidance of doubt, to the operations of Skype as existing now or hereafter undertaken with respect to any non co- branded version of the Skype Software distributed by Skype except where those operations provide for distribution in the PRC of the Skype Software in simplified Chinese by a Primarily PRC Based Service Provider, or (ii) the operations of Skype customers and Affiliates under any agreement existing as of the date hereof (e.g., with HGC), or (b) to any agreement now existing or hereafter entered into with an entity that operates in multiple international markets, which may include the PRC, so long as such agreement applies to multiple territories, which may include the PRC in addition to other territories, and does not, directly or indirectly, allow or provide for distribution in the PRC of the Skype Software in simplified Chinese by a Primarily PRC Based Service Provider (other than any service provider formed for the sole purpose of performing such agreement and not operating in the PRC prior to the date of such agreement), or (c) to any (i) Affiliate Program or (ii) any agreement or activity under the Affiliate Program by or with any third party, except in the case where the Affiliate Program, directly or indirectly, allows or provides for distribution in the PRC of the Skype Software in simplified Chinese by a Primarily PRC Based Service Provider (other than any service provider formed for the sole purpose of performing such agreement and not operating in the PRC prior to the date of such agreement); or 8.2.2 with respect to the provisions of Section 8.1.2, during any period following the expiration of the Enterprise Non-Competition Period.",Competitive Restriction Exception,Competitive Restriction Exception,0.9804236888885498,Competitive Restriction Exception,False
TomOnlineInc_20060501_20-F_EX-4.46_749700_EX-4.46_Co-Branding Agreement,"Not more than once per calendar quarter, each Party or its independent auditor (who shall be a certified public accountant) shall have the right, on not less than fifteen (15) calendar days prior notice and not during the first twenty (20) days after the close of any fiscal quarter of the other Parties, or within sixty (60) day of the close of such Parties' respective fiscal years, to audit the books of account and records of any and all such Parties. Such audit shall be conducted at the premises where the audited Party maintains consolidated books of account; provided however, that the auditing Party may conduct all or any part of such audit at any of the audited Party's premises where any relevant books of account and/or records are located",Audit Rights,Audit Rights,0.9954110980033875,Audit Rights,False
TomOnlineInc_20060501_20-F_EX-4.46_749700_EX-4.46_Co-Branding Agreement,"Notwithstanding any portion of the foregoing to the contrary, the Non-Competition Period shall terminate prior to the End Date, and for the avoidance of doubt, no party shall be obligated to comply with the restrictions set out in Section 8.1 after the termination of the Non-Competition Period:",Non-Compete,Competitive Restriction Exception,0.9505696296691895,Competitive Restriction Exception,False
TomOnlineInc_20060501_20-F_EX-4.46_749700_EX-4.46_Co-Branding Agreement,"Notwithstanding the foregoing, Online BVI shall be entitled to receive 50% of all Adjusted Net Revenue, in lieu of the Company's right to be paid hereunder, in the event that (A) this Agreement remains in effect, (B) Online BVI assumes the obligations of the Company hereunder, and (C) (i) the Deed is terminated pursuant to the terms thereof, or (ii)) the Company is being or has been wound up, liquidated or dissolved. Unless otherwise mutually agreed by the Parties in writing, the Company and Online BVI shall provide for, or make available, the payment methods, fraud prevention mechanisms, and other services related to the receipt of payments in connection with SkypeOut, SkypeIn or Skype Plus services provided through the Company-Skype Branded Application or Company-Skype Branded Web Site (""Payment Services""), in each case as shall be previously approved in writing by Skype, which approval may be withheld in its sole discretion.",Revenue/Profit Sharing,Revenue/Profit Sharing,0.9892265200614929,Revenue/Profit Sharing,False
TomOnlineInc_20060501_20-F_EX-4.46_749700_EX-4.46_Co-Branding Agreement,"Notwithstanding the foregoing, Skype or Skype Holding may assign this Agreement to a third party without such consent in the event of a merger, reorganization or sale of all or substantially all of Skype's or Skype Holding's assets or voting securities, provided that written notice of such assignment is delivered to Online BVI and the Company and the assignee assumes all the responsibilities and obligations provided herein.",Change Of Control,Change Of Control,0.8109074234962463,Change Of Control,False
TomOnlineInc_20060501_20-F_EX-4.46_749700_EX-4.46_Co-Branding Agreement,"Notwithstanding the foregoing, upon the prior written approval of Online BVI, which approval may be withheld in its sole discretion, the Company shall be permitted to sublicense its rights hereunder to a wholly-owned Subsidiary of the Company or a majority-owned Subsidiary of Tom Holding, for the same purpose and under the same terms and conditions as the license set forth herein.",Affiliate License-Licensee,Affiliate License-Licensee,0.9724760055541992,Affiliate License-Licensee,False
TomOnlineInc_20060501_20-F_EX-4.46_749700_EX-4.46_Co-Branding Agreement,"Notwithstanding the foregoing, upon the prior written approval of Skype, which approval may be withheld in its sole discretion, the Company shall be permitted to sublicense its rights hereunder to a wholly-owned Subsidiary, a majority-owned Subsidiary of Tom Holding, or to an unaffiliated third party distributor or reseller, for the same purpose and under the same terms and conditions as the license set forth herein.",Affiliate License-Licensee,Affiliate License-Licensee,0.9713435173034668,Affiliate License-Licensee,False
TomOnlineInc_20060501_20-F_EX-4.46_749700_EX-4.46_Co-Branding Agreement,Online BVI,Parties,Parties,0.9966334700584412,Parties,False
TomOnlineInc_20060501_20-F_EX-4.46_749700_EX-4.46_Co-Branding Agreement,Skype,Parties,Parties,0.9961792230606079,Parties,False
TomOnlineInc_20060501_20-F_EX-4.46_749700_EX-4.46_Co-Branding Agreement,"Skype Communications, S.A.",Parties,Parties,0.9968360662460327,Parties,False
TomOnlineInc_20060501_20-F_EX-4.46_749700_EX-4.46_Co-Branding Agreement,Skype Holding,Parties,Parties,0.9967080354690552,Parties,False
TomOnlineInc_20060501_20-F_EX-4.46_749700_EX-4.46_Co-Branding Agreement,"Skype Technologies, S.A.",Parties,Parties,0.9960600733757019,Parties,False
TomOnlineInc_20060501_20-F_EX-4.46_749700_EX-4.46_Co-Branding Agreement,"Skype further agrees that in the event that, prior to such time as the Company-Skype Branded Application is updated or upgraded to include the Mobile Technology, Skype or any of its Affiliates makes available to Skype users a new software product which allows access to services available through the Skype Software but on or through mobile communication devices (but in any event excluding Skype Zones), it will license that software product to the Company and Online BVI on the terms and conditions set forth in this Agreement with respect to the Skype Software and the Company-Skype Branded Application customized therefrom, and references to the Skype Software in this Agreement shall be deemed to include such software product.",Affiliate License-Licensor,License Grant,0.9818836450576782,License Grant,False
TomOnlineInc_20060501_20-F_EX-4.46_749700_EX-4.46_Co-Branding Agreement,"Skype hereby grants to Online BVI and the Company a limited, non-exclusive, non-sublicensable (except as set forth herein), non-transferable, non-assignable (except as provided in Section 14.4), royalty-free (but subject to the provisions of Section 5), license during the Term to use, market, provide access to, promote, reproduce and display the Skype Intellectual Property solely (i) as incorporated in the Company-Skype Branded Application and/or the Company-Skype Toolbar, and (ii) as incorporated in, for the development of, and for transmission pursuant to this Agreement of, the Company-Skype Branded Content and the Company-Skype Branded Web Site, in each case for the sole purposes (unless otherwise mutually agreed by the Parties) of promoting and distributing, pursuant to this Agreement, the Company-Skype Branded Application, the Company-Skype Toolbar, the Company-Skype Branded Content and the Company-Skype Branded Web Site in the Territory; (a) provided, that it is understood that the Company-Skype Branded Customers will have the right under the EULA to use the Company- Skype Branded Application and the Company-Skype Toolbar and will have the right to access the Company-Skype Branded Content, the Company-Skype Branded Web Site and the Online BVI Web Site through the Internet and to otherwise receive support from the Company anywhere in the world, and that the Company shall be permitted to provide access to and reproduce and display the Skype Intellectual Property through the Internet anywhere in the world, and (b) provided further, that Online BVI and the Company shall ensure that no Company-Skype Branded Customer (or potential Company-Skype Branded Customer) shall be permitted to access, using the Company-Skype Branded Application or the Company-Skype Toolbar or through the Company-Skype Branded Web Site, any Skype premium features requiring payment by the Company-Skype Branded Customer (or potential Company-Skype Branded Customer), including, but not limited to, SkypeIn, SkypeOut, or Skype Plus, unless such Company-Skype Branded Customer (or potential Company-Skype Branded Customer) uses the payment methods made available by the Company pursuant to Section 2.5 for the purchase of such premium features.",Non-Transferable License,Non-Transferable License,0.9728865027427673,Non-Transferable License,False
TomOnlineInc_20060501_20-F_EX-4.46_749700_EX-4.46_Co-Branding Agreement,"Skype, Online BVI and the Company may be referred to individually as ""Party"" and collectively as ""Parties."" Skype, Online BVI, the Company, Skype Holding and Tom Holding may be referred to individually as ""party to this Agreement"" and collectively as ""parties to this Agreement.""",Parties,Parties,0.9957897067070007,Parties,False
TomOnlineInc_20060501_20-F_EX-4.46_749700_EX-4.46_Co-Branding Agreement,"Subject to the terms and conditions of this Agreement, Online BVI hereby grants to Skype and the Company a limited, non-exclusive, non-sublicensable (except as set forth herein), non-transferable, non-assignable (except as provided in Section 14.4), royalty- free (but subject to the provisions of Section 5), license during the Term to use, market, provide access to, promote, reproduce and display the Online BVI Intellectual Property solely as incorporated in, and for the development of and for transmission pursuant to this Agreement of the Company-Skype Branded Application, the Company-Skype Branded Content and the Company-Skype Branded Web Site.",Non-Transferable License,Non-Transferable License,0.9801223278045654,Non-Transferable License,False
TomOnlineInc_20060501_20-F_EX-4.46_749700_EX-4.46_Co-Branding Agreement,"Such audits shall be at the auditing Party's cost, except that, subject to Section 5.5, if an audit by an independent accounting firm establishes a deficiency of more than three percent (3%) between the amount shown to be due to the auditing Party and the amount actually paid for the period being audited, all actual and reasonable costs and expenses incurred by the auditing Party in connection with such audit shall be paid by the audited Party, along with the amount of any deficiency, within five (5) business days.",Audit Rights,Audit Rights,0.9956252574920654,Audit Rights,False
TomOnlineInc_20060501_20-F_EX-4.46_749700_EX-4.46_Co-Branding Agreement,THE FOREGOING PROVISIONS OF THIS SECTION 13.5 STATE THE ENTIRE LIABILITY AND THE EXCLUSIVE REMEDY OF THE PARTIES TO THIS AGREEMENT WITH RESPECT TO INFRINGEMENT OR ALLEGED INFRINGEMENT OF INTELLECTUAL PROPERTY RIGHTS.,Cap On Liability,Cap On Liability,0.9893049001693726,Cap On Liability,False
TomOnlineInc_20060501_20-F_EX-4.46_749700_EX-4.46_Co-Branding Agreement,THE PARTIES ACKNOWLEDGE AND AGREE THAT NOTHING IN THIS SECTION 12.2 SHALL LIMIT A PARTY'S OBLIGATION TO PAY ANY AMOUNTS DUE AND OWING TO THE OTHER PARTY UNDER SECTION 5 ON OR BEFORE ANY DATE OF EXPIRATION OR TERMINATION HEREOF.,Uncapped Liability,Uncapped Liability,0.9014403223991394,Uncapped Liability,False
TomOnlineInc_20060501_20-F_EX-4.46_749700_EX-4.46_Co-Branding Agreement,"TO THE MAXIMUM EXTENT PERMISSIBLE UNDER APPLICABLE LAW, EXCEPT FOR THE WILFUL MISAPPROPRIATION OR INFRINGEMENT OF THE INTELLECTUAL PROPERTY OF A PARTY TO THIS AGREEMENT, OR THE OBLIGATIONS OF THE PARTIES TO THIS AGREEMENT PURSUANT TO SECTION 13, (A) THE LIABILITY OF ANY PARTY TO THIS AGREEMENT, IF ANY, FOR DAMAGES FOR ANY CLAIM OF ANY KIND WHATSOEVER AND REGARDLESS OF THE LEGAL THEORY, WITH REGARD TO THE RIGHTS GRANTED HEREUNDER OR THE SERVICES PERFORMED HEREUNDER, SHALL NOT INCLUDE COMPENSATION, REIMBURSEMENT OR DAMAGES ON ACCOUNT OF THE LOSS OF PRESENT OR PROSPECTIVE PROFITS, EXPENDITURES, DATA, OPPORTUNITY, ANTICIPATED SAVINGS, INVESTMENTS OR COMMITMENTS, WHETHER MADE IN ESTABLISHMENT, DEVELOPMENT OR MAINTENANCE OF REPUTATION OR GOODWILL OR FOR ANY OTHER REASON WHATSOEVER; AND (B) IN NO EVENT SHALL ANY PARTY TO THIS AGREEMENT BE LIABLE TO THE OTHER PARTIES TO THIS AGREEMENT FOR SPECIAL, INDIRECT, CONSEQUENTIAL, INCIDENTAL, PUNITIVE OR CONSEQUENTIAL DAMAGES.",Uncapped Liability,Uncapped Liability,0.6890692114830017,Uncapped Liability,False
TomOnlineInc_20060501_20-F_EX-4.46_749700_EX-4.46_Co-Branding Agreement,TOM Online (BVI) Limited,Parties,Parties,0.9946002960205078,Parties,False
TomOnlineInc_20060501_20-F_EX-4.46_749700_EX-4.46_Co-Branding Agreement,TOM Online Inc.,Parties,Parties,0.9938691854476929,Parties,False
TomOnlineInc_20060501_20-F_EX-4.46_749700_EX-4.46_Co-Branding Agreement,Tel-Online Limited,Parties,Parties,0.9968425035476685,Parties,False
TomOnlineInc_20060501_20-F_EX-4.46_749700_EX-4.46_Co-Branding Agreement,"The Company and Online BVI each assign to Skype, with full title guarantee, all copyrights, patents, trade marks, service marks, rights of publicity, authors' rights, contract and licensing rights, goodwill and all other intellectual property rights in and to the foregoing translations as may exist now and/or hereafter come into existence and arising under the laws of any jurisdiction for the entire term of such rights and all renewals, revivals and extensions thereof.",Ip Ownership Assignment,Ip Ownership Assignment,0.9851223230361938,Ip Ownership Assignment,False
TomOnlineInc_20060501_20-F_EX-4.46_749700_EX-4.46_Co-Branding Agreement,"The Company will, and Online BVI will cause the Company to, use its commercially reasonable efforts to make available and promote the Online Group's existing payment processing and customer billing and payment gateway methods for the purchase of Skype premium features by Company-Skype Branded Customers, including, without limitation, prepaid card distribution networks, vouchers and mobile payment methods, provided, that all payment processing and customer billing and payment gateway charges for such payment methods are on terms that are as or more favourable than the most favourable pricing and terms for such services otherwise provided at the applicable time by any member of the Online Group, and provided further that such pricing and terms have first been mutually approved in writing by the Parties.",Most Favored Nation,Most Favored Nation,0.9900708794593811,Most Favored Nation,False
TomOnlineInc_20060501_20-F_EX-4.46_749700_EX-4.46_Co-Branding Agreement,"The Parties (including Online BVI on behalf of the Online Group) agree to maintain records (i) of all information reasonably necessary to verify all calculations to be made under Section 8.3.2, and (ii) supporting, verifying and necessary to demonstrate the calculation and collection of fees and/or revenue, as well as any deductions thereto, and payments made hereunder, including, without limitation, budgets, purchase orders, expense records, invoices, correspondence, banking and financial and other records pertaining to the determination of Gross Revenue, Direct Expenses and Adjusted Net Revenue, during the term of this Agreement and for a period of two (2) years following the expiration or termination hereof.",Post-Termination Services,Post-Termination Services,0.9901610612869263,Post-Termination Services,False
TomOnlineInc_20060501_20-F_EX-4.46_749700_EX-4.46_Co-Branding Agreement,"The Parties agree that notwithstanding any termination or expiration of this Agreement, the rights and licenses granted to any Company- Skype Branded Customers prior to termination or expiration of this Agreement pursuant to any EULA shall continue during the 24 months after such termination or expiration for the sole purpose of permitting such users to continue to access and utilize the Company-Skype Branded Application and the Company-Skype Toolbar, and so long as any Gross Revenue is received with respect to the Company-Skype Branded Application and/or the Company-Skype Toolbar, the provisions of Section 5 shall continue to be applicable after any termination or expiration.",Post-Termination Services,Post-Termination Services,0.9922853708267212,Post-Termination Services,False
TomOnlineInc_20060501_20-F_EX-4.46_749700_EX-4.46_Co-Branding Agreement,"The exercise by any Party in whole or in part, at any time of the right to inspect and/or audit records and accounts or of any other right herein granted, or the acceptance by such Party of any statement or statements or the receipt and/or deposit by such Party, of any payment tendered by or on behalf of an audited Party shall be without prejudice to any rights or remedies of the accepting Party and such acceptance, receipt and/or deposit shall not preclude or prevent such accepting Party from thereafter disputing the accuracy of any such statement or payment.",Audit Rights,Audit Rights,0.9956473708152771,Audit Rights,False
TomOnlineInc_20060501_20-F_EX-4.46_749700_EX-4.46_Co-Branding Agreement,"The respective Parties shall use their best efforts to accompany each respective Statement with payment, to Skype, if provided by the Company or Online BVI (or their associated third parties set forth above), or to the Company (or Online BVI, as applicable), if provided by Skype (or its associated third parties set forth above), as applicable, of 50% of the Adjusted Net Revenue shown on the respective Statements.",Revenue/Profit Sharing,Revenue/Profit Sharing,0.9935981035232544,Revenue/Profit Sharing,False
TomOnlineInc_20060501_20-F_EX-4.46_749700_EX-4.46_Co-Branding Agreement,"The right, title and interest in and to the Company-Skype Branded Content shall be owned by Skype to the extent made up of the Skype Rights which have been integrated into the Company-Skype Branded Content, and by the Online Group to the extent made up of the Group Rights which have been integrated into the Company-Skype Branded Content.",Ip Ownership Assignment,Ip Ownership Assignment,0.9768872261047363,Ip Ownership Assignment,False
TomOnlineInc_20060501_20-F_EX-4.46_749700_EX-4.46_Co-Branding Agreement,"The term of this Agreement shall continue for a period of five years following the initial date of execution of the Memorandum, unless terminated earlier pursuant to Section 6.2 or Section 2.8 (""Initial Term"").",Expiration Date,Expiration Date,0.9803189635276794,Expiration Date,False
TomOnlineInc_20060501_20-F_EX-4.46_749700_EX-4.46_Co-Branding Agreement,This Agreement may not be assigned by a party to this Agreement to any other Person without the express written approval of the other parties to this Agreement and any attempt at assignment in violation of this section shall be null and void.,Anti-Assignment,Anti-Assignment,0.9889283180236816,Anti-Assignment,False
TomOnlineInc_20060501_20-F_EX-4.46_749700_EX-4.46_Co-Branding Agreement,"This Agreement shall automatically continue following the Initial Term, for an additional period of three (3) years, unless a party to this Agreement provides written notice of termination to the other parties at least sixty (60) days prior to the expiration of the Initial Term or this Agreement (""Extended Term"" and, with the Initial Term, ""Term"").",Notice Period To Terminate Renewal,Notice Period To Terminate Renewal,0.983651876449585,Notice Period To Terminate Renewal,False
TomOnlineInc_20060501_20-F_EX-4.46_749700_EX-4.46_Co-Branding Agreement,"This Agreement will be governed by and construed in accordance with the laws of England and Wales, without regard to conflict of laws principles.",Governing Law,Governing Law,0.9974936246871948,Governing Law,False
TomOnlineInc_20060501_20-F_EX-4.46_749700_EX-4.46_Co-Branding Agreement,Tom Holding,Parties,Parties,0.9964698553085327,Parties,False
TomOnlineInc_20060501_20-F_EX-4.46_749700_EX-4.46_Co-Branding Agreement,"if such rights comprise (i) analysis prepared for or on behalf of the Parties as participants in the Company-Skype Branded Application, or (ii) any intellectual property right co-developed by the Parties, or (iii) of any Support Information, or (iv) any data as specifically provided to Skype or the Online Group by Company-Skype Branded Customers (""Joint Data""), other than that set forth in Sections 4.2.3.2.1 and 4.2.3.2.2 above and other than any Group Rights or Skype Rights, then such rights shall be jointly owned by the Parties, and may be exploited by any Party in accordance with this Agreement, and outside of this Agreement to the extent such exploitation would not, (x) in the case of Online BVI, violate or infringe upon the Skype Rights, (y) in the case of Skype, violate or infringe upon the Group Rights, or (z) in the case of the Company, violate or infringe upon the Group Rights or the Skype Rights.",Joint Ip Ownership,Joint Ip Ownership,0.9874963760375977,Joint Ip Ownership,False
TomOnlineInc_20060501_20-F_EX-4.46_749700_EX-4.46_Co-Branding Agreement,"if such rights comprise (i) intellectual property that constitutes predominantly communication software or related communication hardware or other technology, including without limitation, any upgrades and Improvements thereof, or (ii) any ""user"" names, and other ""user profile"" information included within the Company-Skype Branded Application (i.e., dates of birth, addresses, languages spoken, etc.), of Company-Skype Branded Customers collected as part of the registration process for the Company-Skype Branded Application (it being understood that Skype will make such user information available to Online BVI and the Company for use consistent with the applicable privacy policies and the EULA) and any database incorporating the same, then such rights shall be owned exclusively by Skype and neither Online BVI nor the Company will grant, nor claim for itself or its affiliated entities, independent contractors, or employees, either expressly or impliedly, any rights, title, interest, or licenses to such rights and each assigns to Skype, with full title guarantee, all copyrights, patents, trade marks, service marks, rights of publicity, authors' rights, contract and licensing rights, goodwill and all other intellectual property rights in and to the same as may exist now and/or hereafter come into existence and arising under the laws of any jurisdiction for the entire term of such rights and all renewals, revivals and extensions thereof.",Ip Ownership Assignment,Ip Ownership Assignment,0.9820632934570312,Ip Ownership Assignment,False
TomOnlineInc_20060501_20-F_EX-4.46_749700_EX-4.46_Co-Branding Agreement,"if such rights comprise any data specifically provided to the Group by Customers during the billing process (""Billing Data""), then such rights shall be owned exclusively by the Online Group and neither Skype nor the Company will grant, nor claim for itself or its affiliated entities, independent contractors, or employees, either expressly or impliedly, any rights, title, interest, or licenses to such rights and each assigns to Online BVI, with full title guarantee, all copyrights, patents, trade marks, service marks, rights of publicity, authors' rights, contract and licensing rights, goodwill and all other intellectual property rights in and to the same as may exist now and/or hereafter come into existence and arising under the laws of any jurisdiction for the entire term of such rights and all renewals, revivals and extensions thereof.",Ip Ownership Assignment,Ip Ownership Assignment,0.9832474589347839,Ip Ownership Assignment,False
TubeMediaCorp_20060310_8-K_EX-10.1_513921_EX-10.1_Affiliate Agreement,"6t h day of March, 2006",Effective Date,Agreement Date,0.5424849390983582,LOW_CONFIDENCE,True
TubeMediaCorp_20060310_8-K_EX-10.1_513921_EX-10.1_Affiliate Agreement,"Additionally, Network will procure on or before the Affiliate Launch Date, and shall maintain during the Term, at its sole expense, Errors and Omissions insurance that covers Network's media activities at a liability limit of $1,000,000 in any one (1) policy period.",Insurance,Insurance,0.9969310760498047,Insurance,False
TubeMediaCorp_20060310_8-K_EX-10.1_513921_EX-10.1_Affiliate Agreement,Affiliate,Parties,Parties,0.9938494563102722,Parties,False
TubeMediaCorp_20060310_8-K_EX-10.1_513921_EX-10.1_Affiliate Agreement,"Affiliate agrees not to sell commercial time to or for the benefit of direct competitors of the Service (e.g., music video networks carried by MVPDs such as MTV, VH1 and Fuse)",Non-Compete,Non-Compete,0.984236478805542,Non-Compete,False
TubeMediaCorp_20060310_8-K_EX-10.1_513921_EX-10.1_Affiliate Agreement,"Affiliate shall actively promote the Service consistent with its business judgment, including the broadcast by each Station transmitting the Service of an average of at least ten (10) thirty (30)-second promotional announcements per week for the Service (""Promotional Spots"") on the Station's Primary Feed, including the Station's analog signal for so long as the Station broadcasts an analog signal, on a run-of- station basis, commencing no later than the first air date of the Service on the applicable Station.",Minimum Commitment,Minimum Commitment,0.9883964657783508,Minimum Commitment,False
TubeMediaCorp_20060310_8-K_EX-10.1_513921_EX-10.1_Affiliate Agreement,"Affiliate shall be named as an additional insured on the policies, and, prior to the Affiliate Launch Date, shall receive certificates evidencing such insurance, providing that such coverage will not be cancelled or materially changed except upon 30 days' prior written notice to Affiliate.",Insurance,Insurance,0.9967239499092102,Insurance,False
TubeMediaCorp_20060310_8-K_EX-10.1_513921_EX-10.1_Affiliate Agreement,"At the expiration of the ninety (90)-day period, Affiliate's right of first refusal shall expire.",Rofr/Rofo/Rofn,Rofr/Rofo/Rofn,0.9861065149307251,Rofr/Rofo/Rofn,False
TubeMediaCorp_20060310_8-K_EX-10.1_513921_EX-10.1_Affiliate Agreement,CHARTER AFFILIATE AFFILIATION AGREEMENT,Document Name,Document Name,0.9973641037940979,Document Name,False
TubeMediaCorp_20060310_8-K_EX-10.1_513921_EX-10.1_Affiliate Agreement,"Commencing with the calendar quarter beginning on April 1, 2006 and for each calendar quarter thereafter during the Term, Network shall pay to Affiliate the Affiliate Advertising Share.",Revenue/Profit Sharing,Revenue/Profit Sharing,0.9941639304161072,Revenue/Profit Sharing,False
TubeMediaCorp_20060310_8-K_EX-10.1_513921_EX-10.1_Affiliate Agreement,"Commencing with the calendar quarter beginning on April 1, 2006 and for each calendar quarter thereafter during the Term, Network shall pay to Affiliate the Affiliate Transactional Share.",Revenue/Profit Sharing,Revenue/Profit Sharing,0.9939405918121338,Revenue/Profit Sharing,False
TubeMediaCorp_20060310_8-K_EX-10.1_513921_EX-10.1_Affiliate Agreement,"Each Station will provide Network with up to 5.0 mbps,",Volume Restriction,Volume Restriction,0.992234468460083,Volume Restriction,False
TubeMediaCorp_20060310_8-K_EX-10.1_513921_EX-10.1_Affiliate Agreement,"Each Station will provide Network with up to 5.0 mbps, but, at all times, not less than 2.0 mbps, for this purpose, except as required in infrequent and exceptional circumstances resulting from a Station's carriage of the primary television network with which such Station is affiliated with regard to its Primary Feed (e.g., ABC, CBS, NBC and Fox)",Minimum Commitment,Minimum Commitment,0.634941041469574,Minimum Commitment,False
TubeMediaCorp_20060310_8-K_EX-10.1_513921_EX-10.1_Affiliate Agreement,"Each Station will provide Network with up to 5.0 mbps, but, at all times, not less than 2.0 mbps, for this purpose, except as required in infrequent and exceptional circumstances resulting from a Station's carriage of the primary television network with which such Station is affiliated with regard to its Primary Feed (e.g., ABC, CBS, NBC and Fox).",Volume Restriction,Minimum Commitment,0.7177718877792358,Minimum Commitment,False
TubeMediaCorp_20060310_8-K_EX-10.1_513921_EX-10.1_Affiliate Agreement,"Except as expressly provided in Section 3(a), Affiliate shall not have the right (i) to subdistribute or otherwise sublicense the Service, or (ii) to transmit or otherwise distribute the Service by any technology (other than Broadcast Television), or on an interactive, time- delayed, ""video-on-demand"" or similar basis.",Non-Transferable License,Non-Transferable License,0.959004282951355,Non-Transferable License,False
TubeMediaCorp_20060310_8-K_EX-10.1_513921_EX-10.1_Affiliate Agreement,"Except as expressly provided in Sections 3(a) and 3(b) and this Section 3(d), Network shall not have the right to distribute or otherwise license the Service for reception in a Station's DMA, including distributing the Service directly through an MVPD in a Station's DMA, other than through this license to Affiliate.",Non-Transferable License,Exclusivity,0.5165668725967407,LOW_CONFIDENCE,True
TubeMediaCorp_20060310_8-K_EX-10.1_513921_EX-10.1_Affiliate Agreement,"Except for the Local Advertising and advertising broadcast in Local Programming, Network shall have the exclusive right and authority to sell all of the advertising on the Service and shall share a portion of Network's Advertising Revenue generated from such sales with Affiliate in accordance with the terms of this Agreement.",Revenue/Profit Sharing,Exclusivity,0.9537293910980225,Exclusivity,False
TubeMediaCorp_20060310_8-K_EX-10.1_513921_EX-10.1_Affiliate Agreement,"For purposes hereof, the ""Affiliate Advertising Share"" shall be determined by multiplying fifteen percent (15%) of Network's Advertising Revenue for such calendar quarter by a fraction, the numerator of which is the total number of Digital Cable Subscriber Households in the DMA(s) of the Station(s) transmitting the Service pursuant to this Agreement, and the denominator of which is the total number of Digital Cable Subscriber Households in all of the DMAs in which Network has a broadcast television station affiliate that is transmitting the Service.",Revenue/Profit Sharing,Revenue/Profit Sharing,0.993558943271637,Revenue/Profit Sharing,False
TubeMediaCorp_20060310_8-K_EX-10.1_513921_EX-10.1_Affiliate Agreement,"For purposes hereof, the ""Affiliate Transactional Share"" means fifteen percent (15%) of Network's Transactional Revenue for the pertinent calendar quarter.",Revenue/Profit Sharing,Revenue/Profit Sharing,0.9937946796417236,Revenue/Profit Sharing,False
TubeMediaCorp_20060310_8-K_EX-10.1_513921_EX-10.1_Affiliate Agreement,"If Affiliate fails to notify Network of its desire that this Agreement terminate on its expiration date, at least six (6) months before the expiration date, this Agreement will automatically renew, upon the same terms and conditions, for an additional four (4) -year period (""Renewal Term"").",Notice Period To Terminate Renewal,Notice Period To Terminate Renewal,0.9560670852661133,Notice Period To Terminate Renewal,False
TubeMediaCorp_20060310_8-K_EX-10.1_513921_EX-10.1_Affiliate Agreement,"If condition (A) or (B) applies, the Acquired Station shall have no obligations hereunder, and Network shall have the right to license the transmission of the Service to another Broadcast Television station in such DMA, including on an exclusive basis.",Exclusivity,Competitive Restriction Exception,0.8127297759056091,Competitive Restriction Exception,False
TubeMediaCorp_20060310_8-K_EX-10.1_513921_EX-10.1_Affiliate Agreement,"If the Term is renewed as described in Section 2(b), Network and Affiliate will negotiate exclusively and in good faith concerning further renewal of this Agreement upon mutually-agreed terms and conditions; provided, that unless Network and Affiliate otherwise agree in writing, the exclusive negotiation period will end six (6) months before the expiration of the Term.",Renewal Term,Renewal Term,0.7984434962272644,Renewal Term,False
TubeMediaCorp_20060310_8-K_EX-10.1_513921_EX-10.1_Affiliate Agreement,"If, during said ninety (90)-day period, Affiliate notifies Network in writing of its desire to add the New Channels to this Agreement, then both parties shall work diligently together and in good faith to enter into an agreement within ninety (90) days of such notice to include the terms and conditions pursuant to which the New Channels may be distributed by Affiliate.",Rofr/Rofo/Rofn,Rofr/Rofo/Rofn,0.9872893691062927,Rofr/Rofo/Rofn,False
TubeMediaCorp_20060310_8-K_EX-10.1_513921_EX-10.1_Affiliate Agreement,"If, having used good faith diligent efforts, Affiliate and Network have failed to enter into such an agreement within such ninety (90)-day period, then neither party shall have an obligation to continue such negotiations or enter into an agreement with respect to the New Channels.",Rofr/Rofo/Rofn,Rofr/Rofo/Rofn,0.9841824173927307,Rofr/Rofo/Rofn,False
TubeMediaCorp_20060310_8-K_EX-10.1_513921_EX-10.1_Affiliate Agreement,"In consideration of the terms and conditions set forth herein, Network shall pay Affiliate (i) the Affiliate Advertising Share, and (ii) the Affiliate Transactional Share, each as provided in Exhibit D.",Revenue/Profit Sharing,Revenue/Profit Sharing,0.9940268993377686,Revenue/Profit Sharing,False
TubeMediaCorp_20060310_8-K_EX-10.1_513921_EX-10.1_Affiliate Agreement,"In the event Affiliate owns more than one Station in any DMA (a ""Duopoly Market""), then Affiliate, at its option, shall have the right to determine which of its Stations in such DMA shall broadcast the Service; it being understood that Affiliate shall have no obligation to broadcast the Service over more than one of its Stations in any particular DMA.",Volume Restriction,Competitive Restriction Exception,0.721859872341156,Competitive Restriction Exception,False
TubeMediaCorp_20060310_8-K_EX-10.1_513921_EX-10.1_Affiliate Agreement,"In the event Network decides to offer any new television programming channels (the ""New Channels""), then Affiliate shall have ninety (90) calendar days from Affiliate's receipt of Network's comprehensive business plan for such New Channels to determine whether Affiliate desires to enter into an agreement with respect to the New Channels.",Rofr/Rofo/Rofn,Rofr/Rofo/Rofn,0.9887403845787048,Rofr/Rofo/Rofn,False
TubeMediaCorp_20060310_8-K_EX-10.1_513921_EX-10.1_Affiliate Agreement,"In the event that Network terminates this Agreement as to a particular Station or several Stations, or in its entirety pursuant to Sections 10(a) or (c), Affiliate shall, within thirty (30) days of termination, at its option either reimburse Network for the cost of all equipment or return such equipment related to such Station(s) that was paid for by Network pursuant to Section 5(b) herein.",Post-Termination Services,Post-Termination Services,0.9925439357757568,Post-Termination Services,False
TubeMediaCorp_20060310_8-K_EX-10.1_513921_EX-10.1_Affiliate Agreement,"NOTWITHSTANDING ANY OTHER PROVISION IN THIS AGREEMENT TO THE CONTRARY, NEITHER PARTY SHALL BE LIABLE TO THE OTHER PARTY FOR INCIDENTAL, CONSEQUENTIAL, PUNITIVE OR SPECIAL DAMAGES (INCLUDING LOSS OF PROFITS OF REVENUES, OR DAMAGES TO OR LOSS OF PERSONAL PROPERTY) IN ANY CAUSE OF ACTION ARISING OUT OF, RELATED TO, OR IN CONNECTION WITH A DEFAULT UNDER OR A BREACH OF THIS AGREEMENT.",Cap On Liability,Cap On Liability,0.9807578325271606,Cap On Liability,False
TubeMediaCorp_20060310_8-K_EX-10.1_513921_EX-10.1_Affiliate Agreement,Network,Parties,Parties,0.9953123331069946,Parties,False
TubeMediaCorp_20060310_8-K_EX-10.1_513921_EX-10.1_Affiliate Agreement,"Network has procured, and shall maintain during the Term, at its sole expense, Commercial General Liability insurance at liability limits of not less than $1,000,000 each occurrence and $2,000,000 in the aggregate",Insurance,Insurance,0.9967471361160278,Insurance,False
TubeMediaCorp_20060310_8-K_EX-10.1_513921_EX-10.1_Affiliate Agreement,"Network hereby grants Affiliate during the Term a royalty-free, fully paid up, non-transferable, non-exclusive license to use the Marks (as defined in Section 8(e)) in any advertising and promotional materials undertaken in connection with Affiliate's transmission of the Service, provided that such use complies with the terms and conditions of Section 8(e).",Non-Transferable License,Non-Transferable License,0.9759466648101807,Non-Transferable License,False
TubeMediaCorp_20060310_8-K_EX-10.1_513921_EX-10.1_Affiliate Agreement,"Network hereby grants to Affiliate the exclusive right via Broadcast Television, and Affiliate hereby accepts such exclusive right and the obligation during the Term to broadcast the Service via Broadcast Television (i) over the transmission facilities of each Station identified on Exhibit A, which is licensed by the FCC to serve the community for each such Station (the ""Licensed Community""), for receipt by TV Households in the DMA in which the Licensed Community is located, as such DMA is identified on Exhibit A, and (ii) over the transmission facilities of any Acquired Station, except to the extent that, as of the date Affiliate notifies Network in writing of its binding agreement to acquire such Acquired Station, (A) another Broadcast Television station in the same DMA as the Acquired Station has exclusive rights to broadcast the Service, or (B) the Acquired Station is obligated to broadcast other material that precludes it from also carrying the Service",Exclusivity,Exclusivity,0.8863658308982849,Exclusivity,False
TubeMediaCorp_20060310_8-K_EX-10.1_513921_EX-10.1_Affiliate Agreement,"Network hereby grants to Affiliate the exclusive right via Broadcast Television, and Affiliate hereby accepts such exclusive right and the obligation during the Term to broadcast the Service via Broadcast Television (i) over the transmission facilities of each Station identified on Exhibit A, which is licensed by the FCC to serve the community for each such Station (the ""Licensed Community""), for receipt by TV Households in the DMA in which the Licensed Community is located, as such DMA is identified on Exhibit A, and (ii) over the transmission facilities of any Acquired Station, except to the extent that, as of the date Affiliate notifies Network in writing of its binding agreement to acquire such Acquired Station, (A) another Broadcast Television station in the same DMA as the Acquired Station has exclusive rights to broadcast the Service, or (B) the Acquired Station is obligated to broadcast other material that precludes it from also carrying the Service.",Affiliate License-Licensee,Exclusivity,0.900468111038208,Exclusivity,False
TubeMediaCorp_20060310_8-K_EX-10.1_513921_EX-10.1_Affiliate Agreement,"Network retains the right at all times during the Term to discontinue its distribution of the Service in its entirety and to terminate this Agreement and all other affiliates' agreements on at least ninety (90) days' prior notice without any liability therefor to Affiliate, other than amounts payable hereunder which accrued prior to such termination, including amounts payable pursuant to Section 6(b) and Exhibit D.",Termination For Convenience,Termination For Convenience,0.9855161309242249,Termination For Convenience,False
TubeMediaCorp_20060310_8-K_EX-10.1_513921_EX-10.1_Affiliate Agreement,"Network's failure, for reasons other than force majeure, to deliver a signal meeting the requirements of this Section 5(a) for more than twelve (12) hours in any consecutive thirty (30) day period without the written consent of Affiliate shall constitute a material breach of this Agreement, not subject to the cure provisions of Section 10(d); provided, however that Affiliate shall provide Network with notice of each event in which Network fails to deliver a signal meeting the requirements of this Section 5(a) as soon as reasonably practicable.",Volume Restriction,Volume Restriction,0.7431354522705078,Volume Restriction,False
TubeMediaCorp_20060310_8-K_EX-10.1_513921_EX-10.1_Affiliate Agreement,"Provided they do not infringe the marks of Affiliate or an affiliate of Affiliate, Affiliate shall not directly or indirectly question, attack, contest or in any other manner impugn the validity of the Marks or Network's rights in and to the Marks and shall reasonably cooperate with Network's quality control, monitoring and inspection of the use of the Marks.",Covenant Not To Sue,Covenant Not To Sue,0.9934167861938477,Covenant Not To Sue,False
TubeMediaCorp_20060310_8-K_EX-10.1_513921_EX-10.1_Affiliate Agreement,"The ""Initial Term"" shall commence upon the Effective Date and shall expire on March 31, 2011.",Expiration Date,Expiration Date,0.9648472666740417,Expiration Date,False
TubeMediaCorp_20060310_8-K_EX-10.1_513921_EX-10.1_Affiliate Agreement,"The TUBE Music Network, Inc.",Parties,Parties,0.9968743324279785,Parties,False
TubeMediaCorp_20060310_8-K_EX-10.1_513921_EX-10.1_Affiliate Agreement,"The obligations of Affiliate and Network under this Agreement are subject to all applicable federal, state and local laws, rules and regulations, and this Agreement and all matters or issues collateral thereto shall be governed by the laws of the State of New York applicable to contracts to be entirely performed therein.",Governing Law,Governing Law,0.9974712133407593,Governing Law,False
TubeMediaCorp_20060310_8-K_EX-10.1_513921_EX-10.1_Affiliate Agreement,"The signal of the Service, including any program-related data and enhancements, shall be contained in no more than a 5.0 megabits-per-second (""mbps"") stream of data and shall consist of a resolution of no less than 480 x 720i.",Volume Restriction,Volume Restriction,0.9880152344703674,Volume Restriction,False
TubeMediaCorp_20060310_8-K_EX-10.1_513921_EX-10.1_Affiliate Agreement,"This Agreement shall be binding on the respective transferees and successors of the parties hereto, except that neither this Agreement nor either party's rights or obligations hereunder shall be assigned or transferred by either party without the prior written consent of the other party.",Anti-Assignment,Anti-Assignment,0.9874695539474487,Anti-Assignment,False
TubeMediaCorp_20060310_8-K_EX-10.1_513921_EX-10.1_Affiliate Agreement,Tribune Broadcasting Company,Parties,Parties,0.9966062307357788,Parties,False
TubeMediaCorp_20060310_8-K_EX-10.1_513921_EX-10.1_Affiliate Agreement,"Upon not less than thirty (30) days' prior written notice and not more than once in any calendar year, Affiliate shall have the right, at its sole cost and expense, during the Term and for one (1) year thereafter, to examine during normal business hours the books and records of Network for up to the prior calendar year and the then-current calendar year solely to the extent reasonably necessary to verify the Revenue Share Records.",Audit Rights,Audit Rights,0.9954113364219666,Audit Rights,False
TubeMediaCorp_20060310_8-K_EX-10.1_513921_EX-10.1_Affiliate Agreement,"for this purpose, except as required in infrequent and exceptional circumstances resulting from a Station's carriage of the primary television network with which such Station is affiliated with regard to its Primary Feed (e.g., ABC, CBS, NBC and Fox).",Volume Restriction,Other,0.35807058215141296,LOW_CONFIDENCE,True
UsioInc_20040428_SB-2_EX-10.11_1723988_EX-10.11_Affiliate Agreement 2,"(iii) the providing of vendor services or merchant services by Affiliate or Contractor(s) located by Affiliate which are competitive with Network 1 or without the prior written consent of Network 1, contrary to Section 1.01 [CONTRACTORS] and IV, violation of any clause of Network 1 Affiliate Office Agreement and failure to cure such violation within 30 days of notification",Non-Compete,Non-Compete,0.9855823516845703,Non-Compete,False
UsioInc_20040428_SB-2_EX-10.11_1723988_EX-10.11_Affiliate Agreement 2,AFFILIATE,Parties,Parties,0.991470992565155,Parties,False
UsioInc_20040428_SB-2_EX-10.11_1723988_EX-10.11_Affiliate Agreement 2,AFFILIATE OFFICE AGREEMENT,Document Name,Document Name,0.9973614811897278,Document Name,False
UsioInc_20040428_SB-2_EX-10.11_1723988_EX-10.11_Affiliate Agreement 2,"Additionally, upon termination of this contract for any reason, all merchants recruited by Affiliate on behalf of Network 1 for any product offered through Network 1, Affiliate shall not approach, rewrite, pursue, or contract with any current client for the purpose of obtaining said client as a new customer for Affiliate or any competing entity the Affiliate may be in contract with.",No-Solicit Of Customers,No-Solicit Of Customers,0.9881227612495422,No-Solicit Of Customers,False
UsioInc_20040428_SB-2_EX-10.11_1723988_EX-10.11_Affiliate Agreement 2,"Affiliate shall not, without the express written consent of Network 1: i. Contact or otherwise deal directly with, VISA, MasterCard or the Member Bank; or ii. Make any representations with respect to Network 1, VISA, MasterCard or the Member Bank; or",Non-Compete,No-Solicit Of Customers,0.9534379243850708,No-Solicit Of Customers,False
UsioInc_20040428_SB-2_EX-10.11_1723988_EX-10.11_Affiliate Agreement 2,"Affiliate shall not, without the express written consent of Network 1: i. Contact or otherwise deal directly with, VISA, MasterCard or the Member Bank; or ii. Make any representations with respect to Network 1, VISA, MasterCard or the Member Bank; or iii. Make contact with or contract with any vendor of Network 1 or its subsidiaries including other Affiliate's, direct sponsored ISO/MSP's of Network 1/Member Bank, or any merchants currently processing with Network 1 or Member Bank.",No-Solicit Of Customers,No-Solicit Of Customers,0.9852259755134583,No-Solicit Of Customers,False
UsioInc_20040428_SB-2_EX-10.11_1723988_EX-10.11_Affiliate Agreement 2,Agreement may be terminated prior to the conclusion of the Term by giving written notice of termination:,Non-Compete,Termination For Convenience,0.9095872044563293,Termination For Convenience,False
UsioInc_20040428_SB-2_EX-10.11_1723988_EX-10.11_Affiliate Agreement 2,"Agreement may be terminated prior to the conclusion of the Term by giving written notice of termination: A. By either party as a result of default by the other party under this Agreement and failure to cure said default within thirty (30) days after notice of said default is given. B. By either party in the event of insolvency, receivership, voluntary or involuntary bankruptcy or an assignment for the benefit of creditors of or by the Affiliate other than in the ordinary course of business. However, Affiliate may pledge or otherwise collateralize assets for the purpose of securing commercial loans or lines of credit in the ordinary course of business provided that such pledge is subordinate to an security interest associated with the Merchant accounts and/or losses from such accounts. C. By Affiliate in the event of any changes in the Affiliate's Fee (other than direct pass through increases related to Visa and MasterCard interchange, fees, assessments and dues, processor communication costs, and other direct increases including terminal hardware). D. By Network 1, for cause. For purpose hereof; ""cause"" shall consist of (i) fraud, intentional misrepresentation or negligence by Affiliate or any Contractor located by Affiliate in compiling or providing any information submitted to or relied on by Network 1 to Network 1, whether or not such fraud or misrepresentation is based on a misstatement, omission, a substantive fact, or data; (ii) intentional violations by the Affiliate or any Contractor(s) located by Affiliate of any of the rules or regulations of VISA, MasterCard, the Member Bank or Network 1; and (iii) the providing of vendor services or merchant services by Affiliate or Contractor(s) located by Affiliate which are competitive with Network 1 or without the prior written consent of Network 1, contrary to Section 1.01 [CONTRACTORS] and IV, violation of any clause of Network 1 Affiliate Office Agreement and failure to cure such violation within 30 days of notification",Non-Compete,Termination For Convenience,0.45247891545295715,LOW_CONFIDENCE,True
UsioInc_20040428_SB-2_EX-10.11_1723988_EX-10.11_Affiliate Agreement 2,"All disputes or claims by NETWORK 1 hereunder shall be resolved by arbitration in San Antonio, Texas, pursuant to the rules of the American Arbitration Association.",Governing Law,Governing Law,0.9511106014251709,Governing Law,False
UsioInc_20040428_SB-2_EX-10.11_1723988_EX-10.11_Affiliate Agreement 2,"All disputes or claims by Payment Data Systems hereunder shall be resolved by arbitration in McLean, Virginia, pursuant to the rules of the American Arbitration Association.",Governing Law,Governing Law,0.9343172907829285,Governing Law,False
UsioInc_20040428_SB-2_EX-10.11_1723988_EX-10.11_Affiliate Agreement 2,All such Contractors must process Merchant applications and transactions exclusively through Network 1.,Exclusivity,Exclusivity,0.980780303478241,Exclusivity,False
UsioInc_20040428_SB-2_EX-10.11_1723988_EX-10.11_Affiliate Agreement 2,Any changes in the terms of the Bona Fide Offer as well as any subsequent Bona Fide Offer received by Affiliate shall require full compliance by Affiliate with the procedures in this Section.,Rofr/Rofo/Rofn,Rofr/Rofo/Rofn,0.9895735383033752,Rofr/Rofo/Rofn,False
UsioInc_20040428_SB-2_EX-10.11_1723988_EX-10.11_Affiliate Agreement 2,"D. By Network 1, for cause. For purpose hereof; ""cause"" shall consist of",Non-Compete,Change Of Control,0.36571818590164185,LOW_CONFIDENCE,True
UsioInc_20040428_SB-2_EX-10.11_1723988_EX-10.11_Affiliate Agreement 2,If Network 1 desires to exercise its rights under this Section it will give written notice to Affiliate within 15 business days of receipt of the Offer.,Rofr/Rofo/Rofn,Rofr/Rofo/Rofn,0.9881822466850281,Rofr/Rofo/Rofn,False
UsioInc_20040428_SB-2_EX-10.11_1723988_EX-10.11_Affiliate Agreement 2,"If during the term of this Agreement for any renewal of this Agreement (the ""Right of First Refusal Period""), Affiliate shall receive (i) any Bona Fide Offer to purchase the revenue due Affiliate under this Agreement or Affiliate's company through an asset purchase or merger (in which case Network 1 shall be subordinate to the Checkfree first refusal right), or (ii) a Bona Fide Offer to acquire or merge with or into Affiliate (in which case Network 1 shall be subordinate to the Checkfree first refusal right), Affiliate shall immediately give written notice (the ""Offer Notice"") to Network 1 of the terms and conditions of the Bona Fide Offer, including without limitation the price.",Rofr/Rofo/Rofn,Rofr/Rofo/Rofn,0.9890924692153931,Rofr/Rofo/Rofn,False
UsioInc_20040428_SB-2_EX-10.11_1723988_EX-10.11_Affiliate Agreement 2,"In the event that this contract between Network 1 and Affiliate is terminated for any reason, the Contractors located by Affiliate shall remain Contractors of Network 1.",Post-Termination Services,Post-Termination Services,0.9905635118484497,Post-Termination Services,False
UsioInc_20040428_SB-2_EX-10.11_1723988_EX-10.11_Affiliate Agreement 2,NETWORK 1,Parties,Parties,0.9948699474334717,Parties,False
UsioInc_20040428_SB-2_EX-10.11_1723988_EX-10.11_Affiliate Agreement 2,"NETWORK 1 FINANCIAL, INC.",Parties,Parties,0.9969657063484192,Parties,False
UsioInc_20040428_SB-2_EX-10.11_1723988_EX-10.11_Affiliate Agreement 2,"Network 1 consents to waive said exclusivity requirement with respect to specific Merchants in the event Network 1 (i) is unable to process for such specific Merchant, and (ii) the declined Merchant is not accepted for processing by a provider that Network 1 designates for specific Merchant's that are declined by Network 1 (""B Bank Source"").",Competitive Restriction Exception,Competitive Restriction Exception,0.9274743795394897,Competitive Restriction Exception,False
UsioInc_20040428_SB-2_EX-10.11_1723988_EX-10.11_Affiliate Agreement 2,Network 1 shall have the exclusive right of first refusal to purchase all or any part of the revenue due Affiliate or acquire Affiliate (as the case may be) on the same terms and conditions as the Bona Fide Offer.,Rofr/Rofo/Rofn,Rofr/Rofo/Rofn,0.9886081218719482,Rofr/Rofo/Rofn,False
UsioInc_20040428_SB-2_EX-10.11_1723988_EX-10.11_Affiliate Agreement 2,Network 1 shall have the right to inspect the Local Offices during normal business hours to insure compliance by Affiliate with is obligations pursuant to Section 1.02 [LOCAL OFFICE (AFFILIATE OFFICE)].,Audit Rights,Audit Rights,0.9958773851394653,Audit Rights,False
UsioInc_20040428_SB-2_EX-10.11_1723988_EX-10.11_Affiliate Agreement 2,"Payment Data Systems, Inc.",Parties,Parties,0.9968852400779724,Parties,False
UsioInc_20040428_SB-2_EX-10.11_1723988_EX-10.11_Affiliate Agreement 2,"The Exit Fee shall be paid by Affiliate immediately prior to the assignment or Transfer of Merchants and/or its net revenue. The amount of the Exit Fee during and following the termination of this Agreement shall be defined as the following: (1) the aggregate sum, per transferring merchant, equal to eighteen (18) months net recurring revenue normally paid to Affiliate under the compensation terms of this Agreement to a maximum of $250,000.",Liquidated Damages,Liquidated Damages,0.8921871185302734,Liquidated Damages,False
UsioInc_20040428_SB-2_EX-10.11_1723988_EX-10.11_Affiliate Agreement 2,"The term (""Term"") of this Agreement shall be for one hundred eighty days (180) from the date set forth below unless Network 1 or Visa or MasterCard or Harris Bank doesn't approve Affiliate's ISO application, in which case, the Term will be 3 years.",Expiration Date,Expiration Date,0.9693259596824646,Expiration Date,False
UsioInc_20040428_SB-2_EX-10.11_1723988_EX-10.11_Affiliate Agreement 2,This Agreement will automatically renew for successive one-year terms unless terminated by either party by providing the other with 30 days written notice that this Agreement will not be renewed or Affiliate enters into a Processing agreement with Network 1 and an ISO Sponsorship agreement with Harris Bank in which case this Agreement will automatically terminate concurrent with the execution of such agreements.,Notice Period To Terminate Renewal,Notice Period To Terminate Renewal,0.9836140871047974,Notice Period To Terminate Renewal,False
UsioInc_20040428_SB-2_EX-10.11_1723988_EX-10.11_Affiliate Agreement 2,This agreement may not be assigned or delegated by Affiliate without prior written consent from Network 1.,Anti-Assignment,Anti-Assignment,0.9890079498291016,Anti-Assignment,False
UsioInc_20040428_SB-2_EX-10.11_1723988_EX-10.11_Affiliate Agreement 2,"________ day of ______________________, in the year ____________",Agreement Date,Agreement Date,0.5077947378158569,LOW_CONFIDENCE,True
VirtuosoSurgicalInc_20191227_1-A_EX1A-6 MAT CTRCT_11933379_EX1A-6 MAT CTRCT_License Agreement,"""EFFECTIVE DATE"" of this Agreement shall mean the date the last party hereto has executed this Agreement.",Effective Date,Effective Date,0.9393160343170166,Effective Date,False
VirtuosoSurgicalInc_20191227_1-A_EX1A-6 MAT CTRCT_11933379_EX1A-6 MAT CTRCT_License Agreement,5/11/2016,Effective Date,Agreement Date,0.5646935105323792,LOW_CONFIDENCE,True
VirtuosoSurgicalInc_20191227_1-A_EX1A-6 MAT CTRCT_11933379_EX1A-6 MAT CTRCT_License Agreement,"As consideration for JHU's grant of a License to Company under this Agreement, Company shall pay to JHU a license fee, cash and equity, as set forth in Exhibit A within thirty (30) days of the EFFECTIVE DATE.",Revenue/Profit Sharing,Revenue/Profit Sharing,0.9871456623077393,Revenue/Profit Sharing,False
VirtuosoSurgicalInc_20191227_1-A_EX1A-6 MAT CTRCT_11933379_EX1A-6 MAT CTRCT_License Agreement,COMPANY shall pay an annual EARNED ROYALTY as follows: 2.1.1 Four percent (4%) of the sum of NET REVENUES.,Revenue/Profit Sharing,Revenue/Profit Sharing,0.9937025308609009,Revenue/Profit Sharing,False
VirtuosoSurgicalInc_20191227_1-A_EX1A-6 MAT CTRCT_11933379_EX1A-6 MAT CTRCT_License Agreement,"COMPANY will pay JHU a fee equal one percent (1%) of the Aggregate Consideration received by the COMPANY, or the total amount received by stockholders of COMPANY, upon the occurrence of a Liquidity Event.",Liquidated Damages,Revenue/Profit Sharing,0.986856997013092,Revenue/Profit Sharing,False
VirtuosoSurgicalInc_20191227_1-A_EX1A-6 MAT CTRCT_11933379_EX1A-6 MAT CTRCT_License Agreement,Company,Parties,Parties,0.9958815574645996,Parties,False
VirtuosoSurgicalInc_20191227_1-A_EX1A-6 MAT CTRCT_11933379_EX1A-6 MAT CTRCT_License Agreement,"Company may terminate this Agreement and the license granted herein, for any reason, upon giving JHU sixty (60) days written notice under Paragraph 8.1.",Termination For Convenience,Termination For Convenience,0.9860979318618774,Termination For Convenience,False
VirtuosoSurgicalInc_20191227_1-A_EX1A-6 MAT CTRCT_11933379_EX1A-6 MAT CTRCT_License Agreement,"Company shall not sublicense to others under this Agreement, nor extend the rights granted hereunder to any affiliated company.",Anti-Assignment,Non-Transferable License,0.5925079584121704,LOW_CONFIDENCE,True
VirtuosoSurgicalInc_20191227_1-A_EX1A-6 MAT CTRCT_11933379_EX1A-6 MAT CTRCT_License Agreement,Company shall pay to JHU minimum annual royalties as set forth in Exhibit A.,Revenue/Profit Sharing,Minimum Commitment,0.9887583255767822,Minimum Commitment,False
VirtuosoSurgicalInc_20191227_1-A_EX1A-6 MAT CTRCT_11933379_EX1A-6 MAT CTRCT_License Agreement,"Company shall pay to JHU, a running royalty as set forth in Exhibit A, for each LICENSED PRODUCT(S) sold and each LICENSED SERVICE(S) provided, based upon NET SALES and NET SERVICE REVENUES respectively, for the term of this Agreement.",Revenue/Profit Sharing,Revenue/Profit Sharing,0.9937992691993713,Revenue/Profit Sharing,False
VirtuosoSurgicalInc_20191227_1-A_EX1A-6 MAT CTRCT_11933379_EX1A-6 MAT CTRCT_License Agreement,"For a Liquidity Event, the fee required under Section 4.1 of this Exhibit A above shall be payable to JHU by COMPANY in the same form as the proceeds paid or payable to either COMPANY or its security holders, whether in cash, securities or other property, and in the same proportion as such form of consideration is paid or payable to COMPANY or its security holders.",Change Of Control,Revenue/Profit Sharing,0.9816223382949829,Revenue/Profit Sharing,False
VirtuosoSurgicalInc_20191227_1-A_EX1A-6 MAT CTRCT_11933379_EX1A-6 MAT CTRCT_License Agreement,"If COMPANY is required to pay running royalties on any patent rights not licensed hereunder (""Other Royalties"") in order to make, use or sell a particular LICENSED PRODUCT or LICENSED SERVICE, COMPANY shall be entitled to credit half (50%) of such Other Royalties against the Earned Royalty due, but the Earned Royalties shall not be reduced below fifty percent (50%) of those that would otherwise be due JHU for that LICENSED PRODUCT or LICENSED SERVICE.",Revenue/Profit Sharing,Revenue/Profit Sharing,0.9925877451896667,Revenue/Profit Sharing,False
VirtuosoSurgicalInc_20191227_1-A_EX1A-6 MAT CTRCT_11933379_EX1A-6 MAT CTRCT_License Agreement,"If COMPANY proposes to sell any equity securities or securities that are convertible into equity securities of COMPANY (collectively, ""Equity Securities"") in any new round of financing, then COMPANY shall offer JHU and/or its Assignee (as defined below) an opportunity to purchase either: (i) up to that portion of the Equity Securities that equals JHU's then current, fully-diluted percentage ownership interest in COMPANY, or (ii) if the percentage offered for sale by COMPANY is less, then up to five percent (5%) of the Equity Securities offered for sale.",Rofr/Rofo/Rofn,Rofr/Rofo/Rofn,0.9835596084594727,Rofr/Rofo/Rofn,False
VirtuosoSurgicalInc_20191227_1-A_EX1A-6 MAT CTRCT_11933379_EX1A-6 MAT CTRCT_License Agreement,"In addition, COMPANY shall issue to JHU that number of shares of common stock representing five percent (5%) of the outstanding common and preferred shares on a fully diluted basis of COMPANY pursuant to an agreed upon stock purchase agreement between COMPANY and JHU.",Revenue/Profit Sharing,Revenue/Profit Sharing,0.9928315877914429,Revenue/Profit Sharing,False
VirtuosoSurgicalInc_20191227_1-A_EX1A-6 MAT CTRCT_11933379_EX1A-6 MAT CTRCT_License Agreement,JHU,Parties,Parties,0.9965722560882568,Parties,False
VirtuosoSurgicalInc_20191227_1-A_EX1A-6 MAT CTRCT_11933379_EX1A-6 MAT CTRCT_License Agreement,JHU shall be listed as an additional insured in Company's said insurance policies,Insurance,Insurance,0.9967079162597656,Insurance,False
VirtuosoSurgicalInc_20191227_1-A_EX1A-6 MAT CTRCT_11933379_EX1A-6 MAT CTRCT_License Agreement,JHU shall have the right to audit any and all Company records related to this Agreement.,Audit Rights,Audit Rights,0.9955554604530334,Audit Rights,False
VirtuosoSurgicalInc_20191227_1-A_EX1A-6 MAT CTRCT_11933379_EX1A-6 MAT CTRCT_License Agreement,"May 3, 2016",Agreement Date,Agreement Date,0.5150738954544067,LOW_CONFIDENCE,True
VirtuosoSurgicalInc_20191227_1-A_EX1A-6 MAT CTRCT_11933379_EX1A-6 MAT CTRCT_License Agreement,NON-EXCLUSIVE LICENSE AGREEMENT- FOR SALES,Document Name,Document Name,0.9963900446891785,Document Name,False
VirtuosoSurgicalInc_20191227_1-A_EX1A-6 MAT CTRCT_11933379_EX1A-6 MAT CTRCT_License Agreement,"NOTWITHSTANDING ANY OTHER PROVISION OF THIS AGREEMENT, JHU ADDITIONALLY DISCLAIMS ALL OBLIGATIONS AND LIABILITIES ON THE PART OF JHU AND INVENTORS, FOR DAMAGES, INCLUDING, BUT NOT LIMITED TO, DIRECT, INDIRECT, SPECIAL, AND CONSEQUENTIAL DAMAGES, ATTORNEYS' AND EXPERTS' FEES, AND COURT COSTS (EVEN IF JHU HAS BEEN ADVISED OF THE POSSIBILITY OF SUCH DAMAGES, FEES OR COSTS), ARISING OUT OF OR IN CONNECTION WITH THE MANUFACTURE, USE, OR SALE OF THE LICENSED PRODUCTS AND LICENSED SERVICES UNDER THIS AGREEMENT.",Cap On Liability,Cap On Liability,0.9764927625656128,Cap On Liability,False
VirtuosoSurgicalInc_20191227_1-A_EX1A-6 MAT CTRCT_11933379_EX1A-6 MAT CTRCT_License Agreement,"Notwithstanding the foregoing, in the event the form of consideration paid or payable includes securities for which there is not an active public market, in lieu of paying that portion of the fee with such securities COMPANY will make a cash payment to JHU equal to the fair market value of such securities.",Change Of Control,Revenue/Profit Sharing,0.9833704233169556,Revenue/Profit Sharing,False
VirtuosoSurgicalInc_20191227_1-A_EX1A-6 MAT CTRCT_11933379_EX1A-6 MAT CTRCT_License Agreement,"Prior to first commercial sale of any LICENSED PRODUCT(S) or LICENSED SERVICE(S) as the case may be in any particular country, Company shall establish and maintain, in each country in which Company shall sell LICENSED PRODUCT(S) or LICENSED SERVICE(S), product liability or other appropriate insurance coverage appropriate to the risks involved in marketing LICENSED PRODUCT(S) and/or LICENSED SERVICE(S) and will annually present evidence to JHU that such coverage is being maintained",Insurance,Insurance,0.9967241883277893,Insurance,False
VirtuosoSurgicalInc_20191227_1-A_EX1A-6 MAT CTRCT_11933379_EX1A-6 MAT CTRCT_License Agreement,"Subject to the terms and conditions of this Agreement and to non-exclusive license agreements executed prior to the EFFECTIVE DATE, JHU hereby grants to the Company a non-exclusive, non-transferable license to make, have made, import, offer for sale and sell the LICENSED PRODUCT(S) and the LICENSED SERVICE(S) in the United States and worldwide under the PATENT RIGHT(S) in the LICENSED FIELD.",Non-Transferable License,Non-Transferable License,0.9773204326629639,Non-Transferable License,False
VirtuosoSurgicalInc_20191227_1-A_EX1A-6 MAT CTRCT_11933379_EX1A-6 MAT CTRCT_License Agreement,"The Company shall make and retain, for a period of three (3) years following the period of each report required by Paragraph 4.4, true and accurate records, files and books of account containing all the data reasonably required for the full computation and verification of sales and other information required in Paragraph 4.4.",Audit Rights,Post-Termination Services,0.6613798141479492,Post-Termination Services,False
VirtuosoSurgicalInc_20191227_1-A_EX1A-6 MAT CTRCT_11933379_EX1A-6 MAT CTRCT_License Agreement,"The Company shall permit the inspection and copying of such records, files and books of account by JHU or its agents during regular business hours upon ten (10) business days' written notice to the Company.",Audit Rights,Audit Rights,0.9956845045089722,Audit Rights,False
VirtuosoSurgicalInc_20191227_1-A_EX1A-6 MAT CTRCT_11933379_EX1A-6 MAT CTRCT_License Agreement,The Johns Hopkins University,Parties,Parties,0.9962563514709473,Parties,False
VirtuosoSurgicalInc_20191227_1-A_EX1A-6 MAT CTRCT_11933379_EX1A-6 MAT CTRCT_License Agreement,The minimum annual royalties pursuant to the Agreement are: 1st anniversary of the EFFECTIVE DATE and each subsequent anniversary of the EFFECTIVE DATE during the term: Three-thousand dollars ($3000),Minimum Commitment,Minimum Commitment,0.9891619682312012,Minimum Commitment,False
VirtuosoSurgicalInc_20191227_1-A_EX1A-6 MAT CTRCT_11933379_EX1A-6 MAT CTRCT_License Agreement,"The stock purchase agreement shall contain provisions protecting JHU against dilution of its equity interest in the event the post-money valuation of any equity investment is less than two million dollars ($2,000,000), and it will also contain a provision for the piggy-back registration of common shares with any other class of stock in an initial public offering. If COMPANY proposes to sell any equity securities or securities that are convertible into equity securities of COMPANY (collectively, ""Equity Securities"") in any new round of financing, then COMPANY shall offer JHU and/or its Assignee (as defined below) an opportunity to purchase either: (i) up to that portion of the Equity Securities that equals JHU's then current, fully-diluted percentage ownership interest in COMPANY, or (ii) if the percentage offered for sale by COMPANY is less, then up to five percent (5%) of the Equity Securities offered for sale. Such offer to purchase shall be on the same terms and conditions as are offered with respect to such Equity Securities sold in such financing. For purposes of this section 7 of Exhibit A, the term ""Assignee"" means: (a) any entity to which JHU's preemptive rights have been assigned either by JHU or by another entity, or (b) any entity that is controlled by JHU.",Revenue/Profit Sharing,Rofr/Rofo/Rofn,0.9744287729263306,Rofr/Rofo/Rofn,False
VirtuosoSurgicalInc_20191227_1-A_EX1A-6 MAT CTRCT_11933379_EX1A-6 MAT CTRCT_License Agreement,"This Agreement is binding upon and shall inure to the benefit of JHU, its successors and assignees and shall not be assignable to another party, except that the Company shall have the right to assign this Agreement to another party in the case of the sale or transfer by the Company of all, or substantially all, of its assets relating to the LICENSED PRODUCT(S), LICENSED SERVICE(S) or PATENT RIGHT(S), to that party.",Anti-Assignment,Anti-Assignment,0.9755954742431641,Anti-Assignment,False
VirtuosoSurgicalInc_20191227_1-A_EX1A-6 MAT CTRCT_11933379_EX1A-6 MAT CTRCT_License Agreement,"This Agreement shall be construed, and legal relations between the parties hereto shall be determined, in accordance with the laws of the State of Maryland applicable to contracts solely executed and wholly to be performed within the State of Maryland without giving effect to the principles of conflicts of laws.",Governing Law,Governing Law,0.9975161552429199,Governing Law,False
VirtuosoSurgicalInc_20191227_1-A_EX1A-6 MAT CTRCT_11933379_EX1A-6 MAT CTRCT_License Agreement,"This term of this Agreement shall commence on the EFFECTIVE DATE and shall continue, in each country, until the date of expiration of the last to expire patent within PATENT RIGHT(S) in that country.",Expiration Date,Expiration Date,0.9813657999038696,Expiration Date,False
VirtuosoSurgicalInc_20191227_1-A_EX1A-6 MAT CTRCT_11933379_EX1A-6 MAT CTRCT_License Agreement,"Upon JHU's request, Company will furnish JHU with a Certificate of Insurance of each product liability insurance policy obtained.",Insurance,Insurance,0.9965984225273132,Insurance,False
VirtuosoSurgicalInc_20191227_1-A_EX1A-6 MAT CTRCT_11933379_EX1A-6 MAT CTRCT_License Agreement,"Virtuoso Surgical, Inc.",Parties,Parties,0.9968469738960266,Parties,False
VirtuosoSurgicalInc_20191227_1-A_EX1A-6 MAT CTRCT_11933379_EX1A-6 MAT CTRCT_License Agreement,"uch fee shall be paid after only the first to occur of either a Liquidation Event or an Initial Public Offering. The respective fees, when and if payable, shall be paid upon closing; except that if there are additional contingent amounts (""Trailing Consideration"") payable upon the occurrence of subsequent events, then the Trailing Consideration shall be due and payable to JHU within thirty (30) days after receipt thereof by COMPANY.",Change Of Control,Liquidated Damages,0.4599216878414154,LOW_CONFIDENCE,True
LIMEENERGYCO_09_09_1999-EX-10-DISTRIBUTOR AGREEMENT,"6.6 Sample Products. Company will, during the Term of this Agreement (and any renewal term), provide Distributor, at Distributor's cost pursuant to the terms of this Agreement, with five (5) sample units (the ""Sample"" or ""Samples"") for use by Distributor in promoting sales. Distributor shall use the Samples for purposes of permitting potential customers to use the Products in the field. The Samples purchased by Distributor hereunder shall count toward the minimum expectations under this Agreement.",Other,Other,0.9906243681907654,Other,False
LIMEENERGYCO_09_09_1999-EX-10-DISTRIBUTOR AGREEMENT,"Company agrees that Distributor shall not be liable or subject to reevaluation for failure to meet expectations due to any occurrence beyond Distributor's reasonable control, including, but not limited to, Acts of God, fires, floods, wars, sabotage, accidents in shipping, labor disturbances,",Other,Cap On Liability,0.9796992540359497,Cap On Liability,False
LIMEENERGYCO_09_09_1999-EX-10-DISTRIBUTOR AGREEMENT,"B. Representations. As an inducement to the Company to enter into this Agreement, the Distributor has represented that it has or will have the facilities, personnel, and financial capability to promote the sale and use of Products. As an inducement to Distributor to enter into this Agreement the Company has represented that it has the facilities, personnel and financial capability to have the Products produced and supplied as needed pursuant to the terms hereof.",Other,Other,0.9967718720436096,Other,False
OPERALTD_04_30_2020-EX-4.14-SERVICE AGREEMENT,"10.7 This Agreement is the final, complete, and exclusive agreement of the Parties with respect to the subject matter hereof and supersedes and merges all prior or contemporaneous communications and understandings between the Parties. No modification of or amendment to this Agreement will be effective unless in writing and signed by the Party to be charged. IN WITNESS WHEREOF, the Parties have executed this Agreement as of the Effective Date. PC Financial Services Private Limited Mobimagic Co., Ltd. Signed:/s/ Mars Zhang Signed:/s/ Jiaojiao Liu Name: Mars Zhang Name: Jiaojiao Liu Title: Chief Executive Officer Title: Authorized Signatory 7",Other,Other,0.9968467354774475,Other,False
MSCIINC_02_28_2008-EX-10.10-,"(c) ""MS Licensed Materials"" means collectively, to the extent owned by a member of the MS Provider Group, any hardware settings and configurations, generic software libraries and routines, and generic document templates not separately commercialized by the MS Provider Group (as defined below) and used by MSCI prior to the Trigger Date. For the avoidance of doubt, the MS Licensed Materials does not include (i) any patent, trademark or service mark of the MS Provider Group, or (ii) any infrastructure hardware or software (e.g., monitoring software and systems, customized operating systems (and components such as AFS, DNS, AD, etc.), and middleware). For the avoidance of doubt, the document templates do not include any references to members of the MS Provider Group or its personnel.",Other,License Grant,0.4587181508541107,LOW_CONFIDENCE,True
MSCIINC_02_28_2008-EX-10.10-,"For the avoidance of doubt, this Agreement does not address or affect any rights of the Parties in or to internet or subnet addresses. 3. DELIVERY",Other,Other,0.8848033547401428,Other,False
MSCIINC_02_28_2008-EX-10.10-,This Agreement is not intended to confer upon any person or entity other than the parties hereto any rights or remedies hereunder. 6.6 Amendments and Waiver.,Other,Third Party Beneficiary,0.5469266772270203,LOW_CONFIDENCE,True
PACIFICSYSTEMSCONTROLTECHNOLOGYINC_08_24_2000-EX-10.53-SPONSORSHIP AGREEMENT,"3) For the above sponsorship components, the Sponsor agrees to pay ACM a total amount of US$400,000.00. The amount is payable 180 days from the date of the Event.",Other,Other,0.981734573841095,Other,False
PACIFICSYSTEMSCONTROLTECHNOLOGYINC_08_24_2000-EX-10.53-SPONSORSHIP AGREEMENT,"2) As a sponsor of the Event, the Sponsor is entitled to the following sponsorship components:",Other,Other,0.983604371547699,Other,False
PACIFICSYSTEMSCONTROLTECHNOLOGYINC_08_24_2000-EX-10.53-SPONSORSHIP AGREEMENT,"1) The Sponsor wishes to become a sponsor of the Event, a production of ACM, to take place on April 22, 2000 at the Tian He Stadium in Guangzhou, China.",Other,Other,0.9946994781494141,Other,False
AMERICANPHYSICIANSCAPITALINC_03_31_2003-EX-10.26-AGENCY AGREEMENT,"4. &bbsp; Independent Contractor. The Agency is an independent insurance Agency and independent contractor, and not an employee, manager, officer or owner of MICOA.",Other,Other,0.9959476590156555,Other,False
AMERICANPHYSICIANSCAPITALINC_03_31_2003-EX-10.26-AGENCY AGREEMENT,"3. Except as provided in Section D or unless authorized by the Agency, MICOA or its affiliates shall not use its records of business placed by the Agency with MICOA to solicit individual policyholders for the sale of other lines of",Other,Other,0.9925000071525574,Other,False
AMERICANPHYSICIANSCAPITALINC_03_31_2003-EX-10.26-AGENCY AGREEMENT,"1. Other Programs. Agency and MICOA agree that Agency may be offered the opportunity to support MICOA's workers' compensation, and its other nonphysician professional liability or product programs in Nevada when MICOA proceeds with related marketing plans. Such plans may also include Agency's involvement in sales of MICOA commercial and personal products. Appropriate agreements must be negotiated separately from this agreement for each such product, and for each such territory, including but not limited to Nevada.",Other,Other,0.9959915280342102,Other,False
PacificapEntertainmentHoldingsInc_20051115_8-KA_EX-1.01_4300894_EX-1.01_Content License Agreement,"NOTICES: PACIFICAP ENTERTAINMENT will not alter or impair any acknowledgment of copyright or other Intellectual Property Rights of THE HENRY FILM AND ENTERTAINMENT CORPORATION, that may appear in the PACIFICAP ENTERTAINMENT website and the PACIFICAP ENTERTAINMENT Brand Features, including all copyright, trademark and similar notices that THE HENRY FILM AND ENTERTAINMENT CORPORATION may reasonably request.",Other,Other,0.9941512942314148,Other,False
PacificapEntertainmentHoldingsInc_20051115_8-KA_EX-1.01_4300894_EX-1.01_Content License Agreement,"""PACIFICAP ENTERTAINMENT Content"" shall mean, collectively, all materials, data, and similar information collected and owned by PACIFICAP ENTERTAINMENT, which is a collection of television shows, clips, movies, recordings and photos.",Other,Other,0.9007109999656677,Other,False
PacificapEntertainmentHoldingsInc_20051115_8-KA_EX-1.01_4300894_EX-1.01_Content License Agreement,PACIFICAP ENTERTAINMENT Agreement with THE HENRY FILM AND ENTERTAINMENT CORPORATION CONFIDENTIAL Page 6 of 6,Other,Document Name,0.9694650769233704,Document Name,False
InmodeLtd_20190729_F-1A_EX-10.9_11743243_EX-10.9_Manufacturing Agreement,Exhibit A Product's Description Customer Flow Meter Assy PS Shelf Assy Pump Assy Heat Exchanger Assy Pump with Pneomatics Assy Controller to Speaker Harness DLP Controller Card Assy Distribution Card Assy Laser Driver Assy Folding Wheels Arms Assy DLP Controller Card + Compulab RF Connector Assy Touch Screen Assy Touch Panel Adaptor Assy EMERSON Kit Assy HP Fractora Firm Harness Harness for Dermablation Univer.HP Termistor PCB Card A InMode RF HPS Set InMode Laser Driver Card Assem Display Assy InMode IPL Card Reworked FootSwitch Preliminary Pack.Assy. Fractora Kit Pack. Fractora Plus Applicator Fractora Firm-Forma Firm-Forma Fractora 5pcs Box Set 24 Coat Fractora 5pcs box set 126 pin RF Card Assy 75W 2Temp Sensors LCD Adaptor Card AC Filter Card Assy,Other,Other,0.9962638020515442,Other,False
InmodeLtd_20190729_F-1A_EX-10.9_11743243_EX-10.9_Manufacturing Agreement,"Exhibit B Description HP HI-POT tester Blue wave-50(UV) RF tester Leakage current TOS3200 EARTH Continuity tester TOS6210 Tester controler.Programmer memory plag. Power Suply (For Leptop) Komputer (LEPTOP-DELL) Display MAG tos5052(Hi-POT) Load RF Load Burn-in Test Barcode reader(Argox) TITE FX Testing Adaptor Fractora-electrical test(five tips) Jig for clening FRACTORA TIPS Thermistor tester(FRACTORA FIRM,FRACTORA PLUS) Thermistor mounting Tool(FRACTORA FIRM) Tite FX Programmer Tite FX TESTER Hi-POT CLIP Thermistor mounting Tool(FRACTORA PLUS) Fen HL2010E.(Digital display). Lecroy wave ACE232 LCRY2101c02774(SCOPE) TEK P5000100(PROB_) PP016 ADAPTOR Cable Lable Applicatot J I G -In Mode(water system check) Jig screen assy Jig-Laser DUMMY Heat Exchanger washing Jig Diolaze-Testor CASE LAZER FootSwith Simulator TORC-GEDORE In Mode TESTER Laboratory DC POWER SUPPLY Model: LE3303 Tray For 3 Pcs Laser Printing BURNING(ברוצ) Tool for assembly of Cradle Stem Screw BODY TITE (AS601206A) BODY TITE (AS601206A) BODY TITE (AG600007A) InMode Main Connector Pin-Checker JIG InMode2 Pump Burn-in JIG Screen LOGO Placement Jig Side Label Placement Jig Front Label Placement Jig",Other,Other,0.9962008595466614,Other,False
InmodeLtd_20190729_F-1A_EX-10.9_11743243_EX-10.9_Manufacturing Agreement,Fractora 5 Tips 60 Pin Pack. BodyTite II Controller Card As Fan Rework Assy Fractora 5 Tips 20 Pin Pack. Fractora Cabinet Front Cover A BodyTite II Cabinet Front Cov BodyTite - Shell Sample Fractora 5pcs Box Set 24 Pin DermAblate Electrode Connectio Body Tite Fractora-BodyFX Blue BodyTite RFAL Grey Platform BodyTite II Controller Card As T6 HP LED Card BodyTite System Packging Assy InMode System 2 Platform Only 24V PSU Card Assy. Gear Pump Assy. Heat Exchanger Assy Flow Meter Assy BodyTite II Top Assy InModeRF Color 1 Votiva InModeRF Color 2 BodyTite InModeRF Color 3 Contura BodyTite Color3 FRACTORA InMode System 2 Color1 Optimas InModeRF Color 5 BodyTite PRO InMode System 2 Color 2 Triton Fract.InitialTipsKit,Other,Other,0.9958096742630005,Other,False
SalesforcecomInc_20171122_10-Q_EX-10.1_10961535_EX-10.1_Reseller Agreement,"1. Resale Rights. SFDC hereby appoints SUB-RESELLER (""Sub-Reseller"") as a sub-reseller to whom Reseller may resell Services in accordance with Section 2(ii) of the Agreement, provided that Sub-Reseller may only resell such Services to Customer. Reseller must ensure that Sub-Reseller complies with the terms of the Agreement applicable to Reseller as if Sub- Reseller were an original party to the Agreement and any breach by Sub-Reseller of the Agreement will be deemed a breach by Reseller. Sub-Reseller is not be a third-party beneficiary of the Agreement.",Other,Other,0.9940162897109985,Other,False
SalesforcecomInc_20171122_10-Q_EX-10.1_10961535_EX-10.1_Reseller Agreement,"2. Effect of Sub-Reseller Agreement. Subject to the above modifications, the Agreement remains in full force and effect.",Other,Other,0.996303915977478,Other,False
SalesforcecomInc_20171122_10-Q_EX-10.1_10961535_EX-10.1_Reseller Agreement,"The Parties, by their respective authorized signatories, have duly executed this Sub-Reseller Agreement as of the Sub-Reseller Effective Date.",Other,Other,0.5817161798477173,LOW_CONFIDENCE,True
UsioInc_20040428_SB-2_EX-10.11_1723988_EX-10.11_Affiliate Agreement 2,1.03 REQUIRED REGISTRATION. All of the Contractors located by Affiliate must also be registered representative through Network 1 pursuant to the registration documents noted on Exhibit D.,Other,Other,0.9962738752365112,Other,False
UsioInc_20040428_SB-2_EX-10.11_1723988_EX-10.11_Affiliate Agreement 2,"6.01 NO EMPLOYER-EMPLOYEE RELATIONSHIP. Nothing in this contract or its fulfillment is intended to create an employer-employee relationship between Affiliate and contractors located by Affiliate and Network 1. You must not take a position contrary to your status as an independent contractor. YOU agree to accept the responsibilities placed on an independent contractor by federal and state law, regulation, and rule or otherwise.",Other,Other,0.9962408542633057,Other,False
UsioInc_20040428_SB-2_EX-10.11_1723988_EX-10.11_Affiliate Agreement 2,"3.02 PAYMENT. The Affiliate's Fee payable pursuant to this agreement shall be payable as outlined in Exhibit A. All payments to Affiliate are subject to Network 1 receipt of all amounts payable to Network 1 by the Member Bank with respect to the transaction giving rise to Affiliate's Fee. Network 1 shall have no liability with respect to the payment of such Affiliate's Fee (for any specific Merchant) under Section 3.01 [AMOUNT] unless and until Network 1 receives the above referenced payment for Merchant. In the event Merchant rejects fees for any reason, the fees due to Affiliate shall not be due and only payable upon Network 1's receipt of such payment. Payments will be made on or before the 25th of each calendar month.",Other,Other,0.996713399887085,Other,False
ENTERTAINMENTGAMINGASIAINC_02_15_2005-EX-10.5-DISTRIBUTOR AGREEMENT,"6.1. Price Changes. The prices stated in Section 5.1 of this Agreement are subject to change. For any price change to take effect ninety (90) days notice must be given in order for the price change to apply; provided, however, the proposed price change must also apply to the Products for sale by Vendor outside the Territory. In the event that there is a price change required by Vendor that does not fall within the ninety (90) day notice period, both parties agree to discuss the nature of the increase in order to reach a mutually acceptable understanding. All the aforementioned price changes will not exceed, on a percentage term basis, any increase in the US retail selling price.",Other,Other,0.9902713298797607,Other,False
ENTERTAINMENTGAMINGASIAINC_02_15_2005-EX-10.5-DISTRIBUTOR AGREEMENT,"5.3. Shipping. Unless otherwise provided for in this Agreement, upon the acceptance of a Purchase Order by Vendor, Vendor shall, in the normal course of business, package, crate and insure the Products at its cost (including any applicable export duties and export taxes) and deliver the Products to Distributor F.O.B. Zhongshan City, China. Vendor will advise Distributor immediately of any delay but will use all reasonable means to dispatch the Products within four (4) weeks of an order being received. Vendor shall as soon as practicable inform Distributor of the delivery date for each quantity of Products shipped to Distributor or to an address nominated by Distributor.",Other,Other,0.9966121315956116,Other,False
ENTERTAINMENTGAMINGASIAINC_02_15_2005-EX-10.5-DISTRIBUTOR AGREEMENT,"NOW, THEREFORE, in consideration of the several and mutual promises, agreements, covenants, understandings, undertakings, representations and warranties hereinafter set forth the receipt and sufficiency of which is hereby acknowledged, the parties to this Agreement agree that the aforementioned recitals are true and correct and by this reference incorporated herein as if fully set forth and the parties further covenant and agree as follows:",Other,Other,0.9951211810112,Other,False
PareteumCorp_20081001_8-K_EX-99.1_2654808_EX-99.1_Hosting Agreement,"1.7 ""Commercial Launch Date"" shall mean the date on which ELEPHANT TALK commercially launches the Hosting Services and starts providing the ELEPHANT TALK Services commercially to ELEPHANT TALK Customers in the Dutch market (not being the Soft Launch). The Commercial Launch Date shall not be later than six (6) weeks after the Ready for Service Date.",Other,Other,0.9909356236457825,Other,False
PareteumCorp_20081001_8-K_EX-99.1_2654808_EX-99.1_Hosting Agreement,"1.28 ""Ready for Test Date"" shall mean the date on which the end-to-end test, to be performed internally by T-Mobile solely, has been completed by T-Mobile and pursuant to which ELEPHANT TALK can commence the Soft Launch.",Other,Other,0.9946816563606262,Other,False
PareteumCorp_20081001_8-K_EX-99.1_2654808_EX-99.1_Hosting Agreement,"13.3 T-Mobile may without liability limit at its own discretion the availability of all or any of the Hosting Services above the level of the traffic forecasts of Hosting Services as defined in article 5 and Appendix 4, provided that the provision of these Hosting Services -above the level of the traffic forecasts - to ELEPHANT TALK have a noticeable negative impact on the quality of the T-Mobile Network and on the provision of services to T-Mobile customers. 14. FORCE MAJEURE",Other,Other,0.9944348931312561,Other,False
TomOnlineInc_20060501_20-F_EX-4.46_749700_EX-4.46_Co-Branding Agreement,"9.1 The Group shall, and Online BVI shall cause the Group to, use its reasonable endeavours to obtain from the applicable PRC regulatory authorities such licenses as are necessary for the operation of their respective businesses in the PRC (""Operating Licenses"").",Other,Other,0.9946086406707764,Other,False
TomOnlineInc_20060501_20-F_EX-4.46_749700_EX-4.46_Co-Branding Agreement,"Online BVI and the Company agree that the Project Manager listed below as Company Project Manager has full authority to direct and provide feedback relating to the Services described in this Statement. Any party may change its Project Manager from time to time, upon notice to the other parties and subject to the qualifications set forth in the preceding sentence. Company Project Manager: Skype Project Manager: ____________________________________________________ ____________________________________________________",Other,Other,0.9926718473434448,Other,False
TomOnlineInc_20060501_20-F_EX-4.46_749700_EX-4.46_Co-Branding Agreement,"10.1 In the event that a Tom Party, a Skype Party, the Company or any other member of the Group (""Affected Party"") is prevented from performing an obligation or undertaking or complying with any provision under this Agreement as a direct result of a breach of any of the terms of this Agreement or the Deed (""Breach"") by:",Other,Other,0.996639609336853,Other,False
"BABCOCK_WILCOXENTERPRISES,INC_08_04_2015-EX-10.17-INTELLECTUAL PROPERTY AGREEMENT between THE BABCOCK _ WILCOX COMPANY and BABCOCK _ WILCOX ENTERPRISES, INC.","(n). Industrial emission control, gas cleaning and/or conditioning, or liquids purification and/or recovery systems (other than said systems set forth in RemainCo Core Field 1(m)), including SCR, SNCR, WFGD, SDA, CDS, DSI, other scrubbers, dry ESP, wet ESP, fabric filter, cyclonic, solvent recovery systems, biological abatement systems, solvent distillation systems (including waste water treatment), evaporative gas conditioning and cooling systems or regenerative thermal (and other) oxidation systems or associated subsystems, equipment or components thereof, including valves, for the removal of nitrogen oxides, sulfur oxides, particulates, carbon dioxide, hydrocarbons, or air toxics (e.g., Sb, Be, Cd, Cr, Co, Pb, Mn, Ni, (SO2)3, HF, Hg, P, Se, As, Cd, HCl (or other acid gases)), HAPS, dioxins, furans, others) and/or subsequent energy or waste recovery, other than maintenance and operation services performed as part of overall facility operation and management contracts for domestic or foreign government agencies or entities (including but not limited to NNSA, NASA, DOD, DOE, as well as United Kingdom NDA or MOD sites).",Other,Other,0.8814629912376404,Other,False
"BABCOCK_WILCOXENTERPRISES,INC_08_04_2015-EX-10.17-INTELLECTUAL PROPERTY AGREEMENT between THE BABCOCK _ WILCOX COMPANY and BABCOCK _ WILCOX ENTERPRISES, INC.","(c). Non-nuclear propulsion systems for naval (U.S. and foreign) vessels other than submarines and aircraft carriers, and associated subsystems equipment and components thereof, including aftermarket, replacement and repair parts, components and equipment for such existing vessels.",Other,Other,0.7760991454124451,Other,False
"BABCOCK_WILCOXENTERPRISES,INC_08_04_2015-EX-10.17-INTELLECTUAL PROPERTY AGREEMENT between THE BABCOCK _ WILCOX COMPANY and BABCOCK _ WILCOX ENTERPRISES, INC.","(a) RemainCo agrees and acknowledges that (i) as of Distribution Date, as between the RemainCo Group and the SpinCo Group, all right, title and interest in and to the Trademarks set forth on Schedule 3.1 (the ""SpinCo Trademarks""), including the SpinCo House Marks, shall be the sole and exclusive property of the SpinCo Group and (ii) except as otherwise provided in Section 3.2, the RemainCo Group shall cease and discontinue all use of the SpinCo Marks, including the SpinCo House Marks, as of the Distribution Date. In addition, RemainCo agrees to use its best efforts to change its name to eliminate Babcock & Wilcox therefrom, and, if applicable, to cause the members of the RemainCo Group to change their names to eliminate ""Babcock,"" ""Wilcox,"" ""Babcock and Wilcox,"" ""Babcock & Wilcox"" or ""B&W"" therefrom and to cease and discontinue the use of the term ""Babcock & Wilcox"" or ""B&W"" and any of the 8",Other,Ip Ownership Assignment,0.5102798342704773,LOW_CONFIDENCE,True
"TRANSPHORM,INC_02_14_2020-EX-10.12(1)-JOINT VENTURE AGREEMENT","7.6.1 Calls by AFSL. After the Effective Date, in the event of (a) any distress, execution, sequestration or other process being levied or enforced upon TPH or TPH-A; (b) the adjudication of TPH or TPH-A as a bankrupt or insolvent subject to any insolvency or bankruptcy law; (c) the making by the TPH or TPH-A of an assignment for the benefit of creditors; (d) the suspension of payments or a moratorium on payments to creditors; or (e) the appointment of a receiver or judicial manager or trustee for the business or properties of TPH or TPH-A, then AFSL shall have the right to purchase the Shares of TPH-A in the same manner and subject to the same terms and conditions as specified in Section 7.5.1.",Other,Other,0.9909667372703552,Other,False
"TRANSPHORM,INC_02_14_2020-EX-10.12(1)-JOINT VENTURE AGREEMENT",4.7.14 adopting or changing a significant tax or accounting practice or principle of the Company or making any significant tax or accounting election by the Company;,Other,Other,0.7558090686798096,Other,False
"TRANSPHORM,INC_02_14_2020-EX-10.12(1)-JOINT VENTURE AGREEMENT",Parties. The seat of the arbitration shall be Hong Kong. The arbitration shall be conducted in the English language.,Other,Governing Law,0.9775991439819336,Governing Law,False
"ASHWORTHINC_01_29_1999-EX-10.(D)-PROMOTION AGREEMENT AND NANTZ COMMUNICATIONS, INC.","12. REIMBURSEMENT OF EXPENSES. The Company shall reimburse Nantz Communications for expenses reasonably incurred by Nantz or Nantz Communications in connection with the Services to the Company including, but not limited to, first-class air fare, hotel accommodations, local transportation and meals. Nantz Communications shall furnish the Company with an itemized statement from time to time, together with, whenever possible, actual bills, receipts, and other evidence of expenditure. Nantz Communications shall be reimbursed within thirty (30) days after receipt by the Company of such itemized statements and attachments.",Other,Other,0.9962104558944702,Other,False
"ASHWORTHINC_01_29_1999-EX-10.(D)-PROMOTION AGREEMENT AND NANTZ COMMUNICATIONS, INC.","From and after the termination of the Term all of the rights of the Company to the use of the Endorsement shall cease absolutely and the Company shall not thereafter use or refer to the Endorsement in advertising or promotion in any manner whatsoever. The Company shall not advertise, promote, distribute or sell any item whatsoever in connection with the use of any name, figure, design, logo, trademark or trade name confusingly similar to or suggestive of the Endorsement following the termination of the Term.",Other,Post-Termination Services,0.986634373664856,Post-Termination Services,False
"ASHWORTHINC_01_29_1999-EX-10.(D)-PROMOTION AGREEMENT AND NANTZ COMMUNICATIONS, INC.","TERM OF RELATIONSHIP 1. GRANT AND ACCEPTANCE. The Company hereby retains Nantz Communications and Nantz to provide the below described services (the ""Services"") and Nantz Communications and Nantz agree to provide the Services upon the terms and conditions herein set forth.",Other,Other,0.9943621158599854,Other,False
BUFFALOWILDWINGSINC_06_05_1998-EX-10.3-FRANCHISE AGREEMENT,"E. In consultation with the mediator selected, the parties shall promptly designate a mutually convenient time and place for the mediation, and unless circumstances require otherwise, such time is to be not later than forty-five (45) days after selection of the mediator. In the event any party to this Agreement has substantial need for information in the possession of another party to this Agreement in order to prepare for the mediation, all parties shall attempt in good faith to agree on procedures for the expeditious exchange of such information, with the help of the mediator if required. At least seven (7) days prior to the first scheduled session of the mediation, each party shall deliver to the mediator and to the other party a concise written summary of its views on the matter in dispute, and such other matters required by the mediator. The mediator may also request that a confidential issue paper be submitted to him by each party.",Other,Other,0.9956497550010681,Other,False
BUFFALOWILDWINGSINC_06_05_1998-EX-10.3-FRANCHISE AGREEMENT,"K. The parties (and their respective owners) agree to waive, to the fullest extent permitted by law, the right to or claim for any punitive or exemplary damages against the other and agree that in the event of a dispute between them, each will be limited to the recovery of actual damages sustained.",Other,Other,0.9900118708610535,Other,False
BUFFALOWILDWINGSINC_06_05_1998-EX-10.3-FRANCHISE AGREEMENT,"D. That, as Franchisee's owners, you have received adequate consideration to support your execution of this Agreement.",Other,Other,0.9941861629486084,Other,False
"GWG HOLDINGS, INC. - ORDERLY MARKETING AGREEMENT","Name of Record Holder Number of Shares The LT-1 Exchange Trust 1,397,705 The LT-2 Exchange Trust 1,396,863 The LT-3 Exchange Trust 2,563,777 The LT-4 Exchange Trust 2,537,152 The LT-5 Exchange Trust 2,516,313 The LT-6 Exchange Trust 2,535,832 The LT-7 Exchange Trust 2,526,515 The LT-8 Exchange Trust 2,536,840 The LT-9 Exchange Trust 404,110 The LT-12 Exchange Trust 80,402 The LT-13 Exchange Trust - The LT-14 Exchange Trust 204,064 The LT-15 Exchange Trust 63,834 The LT-16 Exchange Trust 920,349 The LT-17 Exchange Trust 39,347 The LT-18 Exchange Trust 81,860 The LT-19 Exchange Trust 224,917 The LT-20 Exchange Trust 4,601 The LT-21 Exchange Trust 555,751 The LT-22 Exchange Trust 555,750 The LT-23 Exchange Trust 1,466,884 The LT-24 Exchange Trust 1,466,883 The LT-25 Exchange Trust 1,466,884 The LT-26 Exchange Trust 1,466,883",Other,Other,0.9929103255271912,Other,False
"GWG HOLDINGS, INC. - ORDERLY MARKETING AGREEMENT","THE LT-13 EXCHANGE TRUST, By: DELAWARE TRUST COMPANY, not in its individual capacity but solely as Trustee By: /s/ Alan R. Halpern Name: Alan R. Halpern Title: Vice President THE LT-14 EXCHANGE TRUST, By: DELAWARE TRUST COMPANY, not in its individual capacity but solely as Trustee By: /s/ Alan R. Halpern Name: Alan R. Halpern Title: Vice President THE LT-15 EXCHANGE TRUST, By: DELAWARE TRUST COMPANY, not in its individual capacity but solely as Trustee By: /s/ Alan R. Halpern Name: Alan R. Halpern Title: Vice President THE LT-16 EXCHANGE TRUST, By: DELAWARE TRUST COMPANY, not in its individual capacity but solely as Trustee By: /s/ Alan R. Halpern Name: Alan R. Halpern Title: Vice President",Other,Other,0.9958778619766235,Other,False
"GWG HOLDINGS, INC. - ORDERLY MARKETING AGREEMENT","THE LT-17 EXCHANGE TRUST, By: DELAWARE TRUST COMPANY, not in its individual capacity but solely as Trustee By: /s/ Alan R. Halpern Name: Alan R. Halpern Title: Vice President THE LT-18 EXCHANGE TRUST, By: DELAWARE TRUST COMPANY, not in its individual capacity but solely as Trustee By: /s/ Alan R. Halpern Name: Alan R. Halpern Title: Vice President THE LT-19 EXCHANGE TRUST, By: DELAWARE TRUST COMPANY, not in its individual capacity but solely as Trustee By: /s/ Alan R. Halpern Name: Alan R. Halpern Title: Vice President THE LT-20 EXCHANGE TRUST, By: DELAWARE TRUST COMPANY, not in its individual capacity but solely as Trustee By: /s/ Alan R. Halpern Name: Alan R. Halpern Title: Vice President",Other,Other,0.9958726763725281,Other,False
AgapeAtpCorp_20191202_10-KA_EX-10.1_11911128_EX-10.1_Supply Agreement,SCHEDULE C - THE TERRITORIES The Territories consisting of the following Countries: Global - All countries ODM Supply Agreement 13 Organic Preparations INC. & Agape ATP International Holding Limited,Other,Other,0.9950535893440247,Other,False
AgapeAtpCorp_20191202_10-KA_EX-10.1_11911128_EX-10.1_Supply Agreement,"EQUITY HOLDINGS LIMITED by the duly authorised Officer: __________________________________ ____________________________ Common Seal of Organic Preparations INC. was hereunto affixed in the presence of Duly authorized to sign on behalf of Organic Preparations INC. Date 15 JANAURY, 2018 In the presence of: Witness Signature ____________________ Date 15 JANAURY, 2018 Witness Name Mercy Saula Address 2nd Floor, Transpacific Hous, Port Vila, Vanuatu. Signed under common seal of Agape ATP International Holding Limited with authority of the board. Signature ______________ Name How Kok Choong ______________________ Common Seal of Agape ATP International Holding Limited Date 31 JANAURY, 2018 In the presence of: Witness Signature ___________________________ Date 31 JANAURY, 2018 Witness Name Ku Suat Hong Address 17-1, 17-2, 17-3, 17-4, Wisma Laxton, Jalan Desa,Taman Desa, Off Jalan Klang Lama, 58100 Kuala Lumpur. ODM Supply Agreement 11 Organic Preparations INC. & Agape ATP International Holding Limited",Other,Other,0.9957660436630249,Other,False
BIOAMBERINC_04_10_2013-EX-10.34-DEVELOPMENT AGREEMENT - First Amendment,"Nothing in these amendments will reduce Bioamber's obligations to replace MCC-17 and Bioamber's current E. coli strain with CB1 in all the existing and future succinic acid production facilities of Bioamber and Bioamber licensees, according to the provisions of Section 5.9 of the Commercial License. * Confidential treatment requested",Other,Competitive Restriction Exception,0.5913370251655579,LOW_CONFIDENCE,True
BIOAMBERINC_04_10_2013-EX-10.34-DEVELOPMENT AGREEMENT - First Amendment,A. Section 5.9 of the Commercial License is amended to add the following at the end of the Section:,Other,Other,0.9963493347167969,Other,False
BIOAMBERINC_04_10_2013-EX-10.34-DEVELOPMENT AGREEMENT - First Amendment,"""Bioamber shall use best efforts to obtain regulatory approvals for the use of the CB1 Strain in all countries where Bioamber and/or a Bioamber licensee are using any strain other than the CB1 strain for the production of succinic acid and/or salts thereof. Additionally, Bioamber shall use best efforts to scale up the CB1 Strain and fermentation protocols utilizing the CB1 Strain.""",Other,Other,0.9925379157066345,Other,False
CHANGEPOINTCORP_03_08_2000-EX-10.6-LICENSE AND HOSTING AGREEMENT,*** The omitted material has been filed separately with the Securities and Exchange Commission pursuant to a request for confidential treatment.,Other,Other,0.9957334399223328,Other,False
CHANGEPOINTCORP_03_08_2000-EX-10.6-LICENSE AND HOSTING AGREEMENT,"(c) CHANGEPOINT SHALL BE LIABLE TO CUSTOMER AS EXPRESSLY PROVIDED IN THIS AGREEMENT BUT SHALL HAVE NO OTHER OBLIGATION, DUTY, OR LIABILITY WHATSOEVER IN CONTRACT, TORT OR OTHERWISE TO CUSTOMER INCLUDING ANY LIABILITY FOR NEGLIGENCE. THE LIMITATIONS, EXCLUSIONS AND DISCLAIMERS IN THIS AGREEMENT SHALL APPLY IRRESPECTIVE OF THE NATURE OF THE CAUSE OF ACTION, DEMAND, OR ACTION BY CUSTOMER, INCLUDING BUT NOT LIMITED TO BREACH OF CONTRACT, NEGLIGENCE, TORT, OR ANY OTHER LEGAL THEORY AND SHALL SURVIVE A FUNDAMENTAL BREACH OR BREACHES OR THE FAILURE OF THE ESSENTIAL PURPOSE OF THIS AGREEMENT OR OF ANY REMEDY CONTAINED HEREIN.",Other,Other,0.9221550226211548,Other,False
CHANGEPOINTCORP_03_08_2000-EX-10.6-LICENSE AND HOSTING AGREEMENT,current prices then in effect. Changepoint shall invoice Customer for such fees and expenses on a monthly basis. Customer shall not be liable for the aforesaid expenses unless Customer has given Changepoint approval to incur them.,Other,Other,0.7404930591583252,Other,False
Quaker Chemical Corporation - NON COMPETITION AND NON SOLICITATION AGREEMENT,"GULF OIL INTERNATIONAL, LTD. By: /s/ Benjamin Booker Name: Benjamin Booker Title: Director [Signature Page to Non-Competition and Non-Solicitation Agreement]",Other,Other,0.9959046244621277,Other,False
Quaker Chemical Corporation - NON COMPETITION AND NON SOLICITATION AGREEMENT,"GULF OIL LUBRICANTS INDIA, LTD. By: /s/ Ravi Chawla Name: Ravi Chawla Title: Managing Director [Signature Page to Non-Competition and Non-Solicitation Agreement]",Other,Other,0.9958522319793701,Other,False
Quaker Chemical Corporation - NON COMPETITION AND NON SOLICITATION AGREEMENT,"7 Any reference to ""days"" means calendar days unless Business Days are expressly specified. If any action under this Agreement is required to be done or taken on a day that is not a Business Day, then such action shall be required to be done or taken not on such day but on the first succeeding Business Day thereafter. The headings in this Agreement are for reference only and shall not affect the interpretation of this Agreement. [Signature page follows]",Other,Other,0.996049702167511,Other,False
"FOUNDATIONMEDICINE,INC_02_02_2015-EX-10.2-Collaboration Agreement",b) review and recommend for approval any revisions to the R&D Plans; ***Confidential Treatment Requested***,Other,Other,0.7332425713539124,Other,False
"FOUNDATIONMEDICINE,INC_02_02_2015-EX-10.2-Collaboration Agreement","The JOC shall plan and oversee the commercial, co-marketing, educational, and/or promotion activities between the Parties and to serve as a forum for communicating generally about FMI's products and strategies for global commercialization, as such activities are further described in the US Education Collaboration Agreement and the Ex-US Commercialization Agreement. The JOC shall be composed of an equal number of persons from each Party, each person having appropriate seniority and functional expertise. A description of the roles, responsibilities, and workings of the JOC are described in the Ex-US Commercialization Agreement. Through the JOC, Roche may share with FMI knowledge and experience related to countries and markets outside the United States, and will support the design and implementation of a global expansion plan for FMI products. The JOC will strive to reach consensus on any matters within the committee's authority, with each Party having one (1) vote. Unresolved disputes at the JOC will be escalated to the JMC.",Other,Other,0.9951637983322144,Other,False
"FOUNDATIONMEDICINE,INC_02_02_2015-EX-10.2-Collaboration Agreement","If the Parties chose to develop an Immunotherapy CDx Assay, they the Parties shall agree to Roche paying certain costs and milestones for such Immunotherapy CDx assay.",Other,Rofr/Rofo/Rofn,0.6783397197723389,Rofr/Rofo/Rofn,False
"LEGACYTECHNOLOGYHOLDINGS,INC_12_09_2005-EX-10.2-DISTRIBUTOR AGREEMENT","14. Confidential Information. The parties acknowledge that, during the term of this Agreement, each may receive certain Proprietary Information of the other. Proprietary Information includes, without limitation, formula, scientific studies, processes, plans, formulations, technical information, new product information, methods of product delivery, test procedures, product samples, specifications, scientific, clinical, commercial and other information or data, customer lists, customer contacts, and other distributors within the Territory which are considered confidential in nature whether communicated in writing or orally. The parties agree that each will treat such information as confidential. Neither party shall have the right to disclose the Proprietary Information to any third party without the express written consent of the disclosing party. Neither party may use the proprietary information except in furtherance of the goals of this Agreement and is further prohibited from utilizing the Proprietary Information directly nor indirectly to engage in any business activity which is competitive with the other.",Other,Other,0.9965909719467163,Other,False
"LEGACYTECHNOLOGYHOLDINGS,INC_12_09_2005-EX-10.2-DISTRIBUTOR AGREEMENT",o ENVISION will be responsible for all costs associated with developing and manufacturing the Finished Product.,Other,Other,0.9708455204963684,Other,False
"LEGACYTECHNOLOGYHOLDINGS,INC_12_09_2005-EX-10.2-DISTRIBUTOR AGREEMENT",Each party acknowledges that he or she has had an adequate opportunity to read and study this Agreement. The understanding of the aforesaid articles causes no difficulty whatsoever and each party has retained a copy of this agreement immediately after the signing of it by all parties.,Other,Other,0.9890517592430115,Other,False
BravatekSolutionsInc_20170418_8-K_EX-10.1_10205739_EX-10.1_Reseller Agreement,COMPANY SUPPORT OBLIGATIONS Product Training: Training on the Company products as needed. Marketing Materials: Electronic and print copies of existing marketing material as needed. Company Personnel Resources: · Access to technical resources for demonstrations and meetings · Access to Company Customer Support Services 8,Other,Other,0.995776891708374,Other,False
BravatekSolutionsInc_20170418_8-K_EX-10.1_10205739_EX-10.1_Reseller Agreement,Territory: US Federal Government Civilian and Military Agencies/Customers in the U.S. Agreement Term: 1 Year,Other,Other,0.9895937442779541,Other,False
BravatekSolutionsInc_20170418_8-K_EX-10.1_10205739_EX-10.1_Reseller Agreement,"EXHIBIT B RESELLER COMPENSATION Earned Commission: Reseller will be compensated for Registered Referrals and Registered Opportunities (as defined in Section 1g, 1i.) based on the following schedule: Registered Referral:",Other,Other,0.9303981065750122,Other,False
"CURAEGISTECHNOLOGIES,INC_05_26_2010-EX-1-CORPORATE SPONSORSHIP AGREEMENT","WHEREAS, the parties desire to enter into an agreement regarding promotional, marketing and sponsorship activities designed to be of mutual benefit as described herein; and",Other,Other,0.9957160353660583,Other,False
"CURAEGISTECHNOLOGIES,INC_05_26_2010-EX-1-CORPORATE SPONSORSHIP AGREEMENT","If for any reason one or more provisions of this Agreement are held to be invalid, illegal or unenforceable in any respect, such provision will be deemed deleted, and the deletion will not affect the validity of other provisions of this Agreement.",Other,Other,0.9808555245399475,Other,False
"CURAEGISTECHNOLOGIES,INC_05_26_2010-EX-1-CORPORATE SPONSORSHIP AGREEMENT","owner regarding that symbol or trademark; and (ii) take all reasonable steps to protect it, including, when appropriate, using the symbols ""®"" or ""™"". The rights granted under this Section 6 cease upon the expiration or termination of this Agreement.",Other,Ip Ownership Assignment,0.8459081649780273,Ip Ownership Assignment,False
MOSSIMOINC_04_14_2000-EX-10.14-ENDORSEMENT AGREEMENT,"4. REMUNERATION. (a) In consideration of the rights herein granted hereunder, Company shall pay to Licensor the annual fee set forth in the schedule below (the ""Annual Fee"").",Other,Other,0.9953369498252869,Other,False
MOSSIMOINC_04_14_2000-EX-10.14-ENDORSEMENT AGREEMENT,"10. AUTHORIZED AGENT. Licensor hereby designates International Management, Inc., IMG Center, 1360 East 9th Street, Suite 100, Cleveland, Ohio 44114, Attention: Charley Moore as its authorized agent for all purposes hereunder. All notices or submissions to be made or delivered by Company to Licensor pursuant to this Agreement shall be delivered to said address free of all charges such as, for example, shipping charges and customs charges. In the event that any such charges are paid by Licensor or by its authorized agent, Company agrees to make prompt reimbursement.",Other,Other,0.9965974688529968,Other,False
MOSSIMOINC_04_14_2000-EX-10.14-ENDORSEMENT AGREEMENT,One-half of the Annual Fee will be due on or before January 1 and July 1 of each Contract Year.,Other,Minimum Commitment,0.4716167151927948,LOW_CONFIDENCE,True
FEDERATEDGOVERNMENTINCOMESECURITIESINC_04_28_2020-EX-99.SERV AGREE-SERVICES AGREEMENT_AMENDMENT,"IN WITNESS WHEREOF, the parties hereto, through their duly authorized officers, have executed this Amendment as of the date first above written.",Other,Other,0.9887847900390625,Other,False
FEDERATEDGOVERNMENTINCOMESECURITIESINC_04_28_2020-EX-99.SERV AGREE-SERVICES AGREEMENT_AMENDMENT,"1. Amendment to Exhibit A to Services Agreement. Solely with respect to Accounts that are not investment companies registered under the 1940 Act, the section of Exhibit A to the Services Agreement entitled ""Administration and Risk Management"" shall be, and hereby is, deleted in its entirety and replaced with the following:",Other,Other,0.9969454407691956,Other,False
FEDERATEDGOVERNMENTINCOMESECURITIESINC_04_28_2020-EX-99.SERV AGREE-SERVICES AGREEMENT_AMENDMENT,"""2. Administration and Risk Management. Employees of Federated Advisory Services Company provide support to portfolio managers and other employees of affiliated advisers. Such services may include development of risk management programs, production of portfolio and compliance reports for clients and/or fund Boards, coordination of client portfolios and related fixed income trade execution implementation and administration, completion of required broker and custody documentation, development and documentation of operational procedures, coordination of proxy voting activities, on-site support of hardware and software, etc.""",Other,Other,0.9959779977798462,Other,False
VirtuosoSurgicalInc_20191227_1-A_EX1A-6 MAT CTRCT_11933379_EX1A-6 MAT CTRCT_License Agreement,"C04873 Active Cannulas for Bio-sensing and Surgical Intervention Allison M. Okamura Noah J. Cowan Robert James Webster, III Russell H. Taylor",Other,Other,0.9965358972549438,Other,False
VirtuosoSurgicalInc_20191227_1-A_EX1A-6 MAT CTRCT_11933379_EX1A-6 MAT CTRCT_License Agreement,"C04873 Active Cannulas for Bio-sensing and Surgical Intervention Allison M. Okamura Noah J. Cowan Robert James Webster, III Russell H. Taylor",Other,Other,0.9965358972549438,Other,False
VirtuosoSurgicalInc_20191227_1-A_EX1A-6 MAT CTRCT_11933379_EX1A-6 MAT CTRCT_License Agreement,"C04873 Active Cannulas for Bio-sensing and Surgical Intervention Allison M. Okamura Noah J. Cowan Robert James Webster, III Russell H. Taylor",Other,Other,0.9965358972549438,Other,False
"ROCKYMOUNTAINCHOCOLATEFACTORY,INC_12_23_2019-EX-10.2-STRATEGIC ALLIANCE AGREEMENT","IN WITNESS WHEREOF, the parties hereto have caused this Agreement to be signed as of the date first written above. ROCKY MOUNTAIN CHOCOLATE FACTORY, INC. By: /s/ Bryan J. Merryman Name: Bryan J. Merryman Title: Chief Executive Officer and Chief Financial Officer FARIDS & CO. LLC By: /s/ Tariq Farid Name: Tariq Farid Title: Chief Executive Officer EDIBLE ARRANGEMENTS, LLC By: /s/ Tariq Farid Name: Tariq Farid Title: Chief Executive Officer [Signature Page to Strategic Alliance Agreement]",Other,Other,0.9965620636940002,Other,False
"Reinsurance Group of America, Incorporated - A_R REMARKETING  AGREEMENT","(i) The representations, warranties and agreements of the Company and the Trust in Section 1 are true and correct in all material respects as of the Remarketing Settlement Date; the Company and the Trust have complied with in all material respects with all of their agreements contained herein to be performed prior to or on the Remarketing Settlement Date; and the conditions set forth in Sections 6(k) have been fulfilled.",Other,Other,0.9965007305145264,Other,False
"Reinsurance Group of America, Incorporated - A_R REMARKETING  AGREEMENT","(b) The conditions for use of Form S-3, as set forth in the General Instructions thereto, have been satisfied or waived.",Other,Other,0.9928060173988342,Other,False
"Reinsurance Group of America, Incorporated - A_R REMARKETING  AGREEMENT","operations of the Company and its subsidiaries at the respective dates and for the respective periods indicated, in accordance with United States generally accepted accounting principles consistently applied throughout such periods, except as stated therein. Other financial and statistical information and data included or incorporated by reference in each of the Time of Sale Prospectus and the Prospectus, historical and pro forma, are, in all material respects, accurately presented and prepared on a basis consistent with such financial statements, except as may otherwise be indicated therein, and the books and records of the Company and its subsidiaries.",Other,Other,0.9167282581329346,Other,False
SoupmanInc_20150814_8-K_EX-10.1_9230148_EX-10.1_Franchise Agreement1,"Attachment A to Master Franchise Agreement MASTER TERRITORY AND COMMENCEMENT DATE MASTER TERRITORY: North America COMMENCEMENT DATE: Upon approval of the State of New York. KIOSK CONCEPTS, INC. MASTER FRANCHISEE THE GRILLED CHEESE TRUCK, INC. By: By: Name: Name: Title: Title:",Other,Other,0.9952130317687988,Other,False
SoupmanInc_20150814_8-K_EX-10.1_9230148_EX-10.1_Franchise Agreement1,"SCHEDULE OF PRINCIPALS (Not Applicable) ANY OTHER PERSON NOT LISTED IN THIS AGREEMENT WHO IS A SPOUSE, PARTNER, AN OFFICER, DIRECTOR, SHAREHOLDER, GENERAL PARTNER OR MEMBER OF MASTER FRANCHISEE: Name: Address: Telephone: Relationship: Name: Address: Telephone: Relationship: Name: Address: Telephone: Relationship: Name: Address: Telephone: Relationship: Name: Address: Telephone: Relationship: Name: Address: Telephone: Relationship:",Other,Other,0.9949824213981628,Other,False
SoupmanInc_20150814_8-K_EX-10.1_9230148_EX-10.1_Franchise Agreement1,19.3 Review of Agreement 38 19.4 Attorneys' Fees 38 19.5 Atypical Arrangements 38 19.6 Limitation of Adjudicative Proceedings 39 19.7 Trial by Jury 39 19.8 Punitive or Exemplary Damages 39 19.9 Additional Documents 39 19.10 Counterparts 39 ATTACHMENTS : A - Master Territory and Commencement Date B - Guarantees of Master Franchise Agreement C - Multi-State Addendum D - Confidentiality and Non-Competition Agreement E - Minimum Development Quota,Other,Other,0.9961873888969421,Other,False
"IOVANCEBIOTHERAPEUTICS,INC_08_03_2017-EX-10.1-STRATEGIC ALLIANCE AGREEMENT",Payment (% of the Individual Study Budget) to be provided in connection with such Study Order* Enrollment of [* * *]% of the target patient enrollment as set forth in the applicable Protocol [* * *]%,Other,Minimum Commitment,0.9802762269973755,Minimum Commitment,False
"IOVANCEBIOTHERAPEUTICS,INC_08_03_2017-EX-10.1-STRATEGIC ALLIANCE AGREEMENT",Enrollment of [* * *]% of the target patient enrollment as set forth in the applicable Protocol [* * *]%,Other,Minimum Commitment,0.9875259399414062,Minimum Commitment,False
"IOVANCEBIOTHERAPEUTICS,INC_08_03_2017-EX-10.1-STRATEGIC ALLIANCE AGREEMENT","IN WITNESS WHEREOF, the undersigned, intending to be legally bound, have duly executed this Agreement as of the Effective Date. LION BIOTECHNOLOGIES, INC. THE UNIVERSITY OF TEXAS M. D. ANDERSON CANCER CENTER /s/ Maria Fardis /s/ Chris McKee Authorized Signature Authorized Signature Name: Maria Fardis Name: Chris McKee, M.H.A. Title: CEO & President Title: VP, Business Operations Date: April 17, 2017 Date: April 12, 2017 This Agreement is to be executed in duplicate. Please return one fully executed copy to LBIO at the address for notices set forth above.",Other,Other,0.9964411854743958,Other,False
TELKOMSALTD_01_30_2003-EX-10-LICENCE AND MAINTENANCE AGREEMENT,-65- TELKOM CONTRACTN0. 076C/01 THUS DONE AND SIGNED at WOODMEAD by SYSTEMS APPLICATIONS PRODUCTS (AFRICA) (PROPRIETARY) LIMITED on this 31st day of March 2001 /S/ /S/ (who warrants his authority to so sign) For: TELKOM SOUTH AFRICA LIMITED (who warrants his authority to so sign) /s/ THUS DONE AND SIGNED at Pretoria by the TELKOM SOUTH AFRICA LIMITED on this 31st day of March 2001 in the presence of the undersigned witnesses AS WITNESSES Signature /S/ Signature /S/,Other,Other,0.9960290193557739,Other,False
TELKOMSALTD_01_30_2003-EX-10-LICENCE AND MAINTENANCE AGREEMENT,- 5 5 - TELKOM CONTRACT No. 076C/01 SAP MARKETSET DATABASES Jrun JDK Web Server DB JDBC LDAP NT 4. 0 HotSpot Server 1. 2. 2 MJHS IIS 4. 0 MS SQL 7 SP 2 I-NET OPTA 2000 4. 1. 2 on NT SOLARIS 8 HotSpot Server 1. 2. 2 Apache 1. 3. 9 + Oracle DB 8. 1. 6 Oracle Driver for JD 1. 2 Netscape LDAP v 4. 1. 2 on Solaris WINDOWS 2000 HotSpot Server 1. 2. 2 MS IIS 5. 2 MS SQL 7 SP2 I-NET OPTA 2000 Netscape LDAP v 4. 1. 2 on NT,Other,Other,0.9960460066795349,Other,False
TELKOMSALTD_01_30_2003-EX-10-LICENCE AND MAINTENANCE AGREEMENT,"- 37 - TELKOM CONTRACT NO. 076C/01 Fax: (011)235 6002 TELKOM The Managing Executive Procurement Services P 0 Box 447 Pretoria, 0001 19 th Floor, Telkom Towers North 152 Proes Street, Pretoria Fax: (012)311 6210/Tel: (012)311 6047 or such other address in the Republic of South Africa as either party may choose by written notice to the other from time to time. 15. 2 Every notice shall be deemed to have been properly given, in the absence of proof to the contrary: 15. 2. 1 if delivered by hand, on the date of delivery; 15. 2. 2 If sent by prepaid registered post, 14 (fourteen) days after the date on which the notice is posted; 15. 2. 3 If sent to a party at its telefax number, on the date of transmission where it is transmitted during normal business hours of the receiving instrument, and on the next business day where it is transmitted outside those business hours, in either event provided that it has been confirmed by registered letter posted no later than the business day immediately following the date of transmission.",Other,Other,0.99664306640625,Other,False
MOVADOGROUPINC_04_30_2003-EX-10.28-ENDORSEMENT AGREEMENT,"2 surrender value of the Policy on the date hereof ($4,595,591), and with the remaining principal balance of the Demand Note ($591,269) continuing to be subject to the terms and conditions of the Demand Note.",Other,Other,0.99198979139328,Other,False
MOVADOGROUPINC_04_30_2003-EX-10.28-ENDORSEMENT AGREEMENT,18. Counterparts. This Agreement may be executed by one or more of the parties hereto on any number of separate counterparts and all such counterparts shall be deemed to be one and the same instrument. Each party hereto confirms that any facsimile copy of such party's executed counterpart of this Agreement (or its signature page thereof) shall be deemed to,Other,Other,0.9958969354629517,Other,False
MOVADOGROUPINC_04_30_2003-EX-10.28-ENDORSEMENT AGREEMENT,"10. Amendment. The Company may amend or modify this Agreement at any time, but any such amendment or modification that would adversely affect the rights of the Trust",Other,Other,0.9965408444404602,Other,False
ClickstreamCorp_20200330_1-A_EX1A-6 MAT CTRCT_12089935_EX1A-6 MAT CTRCT_Development Agreement,"The Client agrees to pay to the Developer for the development of the project as listed above, the amount of the other $300,000. - according to the following schedule: ● $30,000. - down payment. ● $30,000.- mid payment (Week 2). ● $30,000.- mid payment (Week 6). ● $30,000.- mid payment (Week 9). ● $30,000.- mid payment Week 12). ● $30,000.- mid payment (Week 16). ● $30,000.- mid payment (Week 20). ● $90,000.- following Client acceptance of the Application, and when RC1 version is delivered and uploaded to stores. By signing below, the Parties agree to comply with all of the requirements contained in this agreement. IN WITNESS WHEREOF, the Parties have executed this Agreement as of the date first above written Clickstream Corp. By: Frank Magliochetti, CLIENT CEO Name: Title: CEO InfinixSoft Global LLC DEVELOPER By: Name: Ivan Alejandro Saroka Title: CEO - Founding Partner 11 │ Page",Other,Other,0.9927882552146912,Other,False
NEOMEDIATECHNOLOGIESINC_12_15_2005-EX-16.1-DISTRIBUTOR AGREEMENT,"2.2 Specific product codes for above category a, b, c, d, and e shall reference PPG SHANGHAI Price List in effect as of January 1, 2005 on Appendix 5.",Other,Other,0.9961482286453247,Other,False
NEOMEDIATECHNOLOGIESINC_12_15_2005-EX-16.1-DISTRIBUTOR AGREEMENT,"This writing, including all documents attached to and/or referenced herein, constitutes the entire agreement between PPG SHANGHAI and DISTRIBUTOR regarding the subject matter hereof, terminating and superseding any prior agreements relating to the subject matter hereof, and there are no understandings, representations, or warranties of any kind except as expressly set forth herein. No modification, amendment or change in this Agreement or addition hereto shall be effective or binding on either of the parties hereto unless set forth in a writing which specifically references this Agreement and is executed by the respective duly authorized representatives of PPG SHANGHAI and DISTRIBUTOR and, if required, upon approval by competent governmental authorities, and no modifications shall be effected by any DISTRIBUTOR purchase order forms or other documents containing terms or conditions at variance with or in addition to those in this Agreement.",Other,Other,0.9880631566047668,Other,False
NEOMEDIATECHNOLOGIESINC_12_15_2005-EX-16.1-DISTRIBUTOR AGREEMENT,"PPG SHANGHAI and DISTRIBUTOR recognize the importance of product safety considerations and the need to protect persons and property against unsafe conditions that could occur from the improper use, transportation, storage, handling, distribution or disposal of the Products sold hereunder. PPG SHANGHAI and DISTRIBUTOR will follow PPG's Responsible Care(R) Distributor Guidelines as set forth in the attached Appendix I (Responsible Care(R) is a registered trademark in the United States of the American Chemistry Council ). Accordingly, PPG SHANGHAI will furnish certain information to DISTRIBUTOR regarding product safety and handling aspects of the Products, and DISTRIBUTOR, in addition to its independent responsibility to obtain and implement a product safety program regarding the Products, will implement and conform to PPG SHANGHAI's product safety recommendations and Responsible Care(R) Distributor Guidelines, DISTRIBUTOR will also provide its customers, employees and other third parties foreseeably exposed to the Products with appropriate warnings, advice and other material regarding the Products, including all product safety and handling material provided by PPG SHANGHAI, and will ensure that the Products are used, stored, handled, distributed, transported and disposed of in a manner consistent with all of the above recommendations.",Other,Other,0.9927533268928528,Other,False
BizzingoInc_20120322_8-K_EX-10.17_7504499_EX-10.17_Endorsement Agreement,"The securities represented by this certificate have not been registered under the United States Securities Act of 1933, as amended (the ""Act"") or any state securities law. These shares have been acquired for investment and may not be offered for sale, hypothecated, sold or transferred, nor will any assignee or transferee thereof be recognized by the Company as having any interest in such shares, in the absence of(i) an effective registration statement with respect to the shares under the Act, and any other applicable state law, or (ii) an opinion of counsel satisfactory to the Company that such shares will be offered for sale, hypothecated, sold or transferred only in a transaction which is exempt under or is otherwise in compliance with the applicable securities laws. ***",Other,Other,0.7903496026992798,Other,False
BizzingoInc_20120322_8-K_EX-10.17_7504499_EX-10.17_Endorsement Agreement,"Upon termination of this Agreement as provided in this Section 10 (each a ""Termination Date"") or upon the expiration of the Term, Bizzingo shall cease using the Property in any way, and Theismann shall not be entitled to the Royalty, in each case from and after the Termination Date. 11. RELATIONSHIP OF THE PARTIES. Theismann's performance of services for Bizzingo hereunder is in his or her capacity as an independent contractor. Accordingly, nothing contained in this Agreement shall be construed as establishing an employer/employee, a partnership, or a joint venture relationship between Theismann and Bizzingo.",Other,Post-Termination Services,0.9756134152412415,Post-Termination Services,False
BizzingoInc_20120322_8-K_EX-10.17_7504499_EX-10.17_Endorsement Agreement,"With a copy to: Daniel H. Luciano, Esq. 242A West Valley Brook Road Califon,NJ 07830",Other,Other,0.9960227012634277,Other,False
BellringBrandsInc_20190920_S-1_EX-10.12_11817081_EX-10.12_Manufacturing Agreement3,"WHEREAS, the Parties wish to extend and amend the Agreement in accordance with the terms and conditions set forth herein; and",Other,Other,0.9909369349479675,Other,False
BellringBrandsInc_20190920_S-1_EX-10.12_11817081_EX-10.12_Manufacturing Agreement3,"""VP Operations Premier Nutrition Corporation 188 Spear Street, Suite 600 San Francisco, CA 94608 Email:[***]",Other,Other,0.996437668800354,Other,False
BellringBrandsInc_20190920_S-1_EX-10.12_11817081_EX-10.12_Manufacturing Agreement3,6. Section 13 NOTICES is amended such that whereas Notice to PREMIER was required to:,Other,Other,0.9964359998703003,Other,False
ENTRUSTINC_07_24_1998-EX-10.5-STRATEGIC ALLIANCE AGREEMENT,Section 12.03. Modification. No change or modification of this Agreement shall ------------- be of any force unless such change or modification is in writing and has been signed by the duly authorized representatives of the Parties hereto.,Other,Other,0.9966545104980469,Other,False
ENTRUSTINC_07_24_1998-EX-10.5-STRATEGIC ALLIANCE AGREEMENT,"-------------------- Grantor or the exercise of which by Grantee would make Grantor liable to third parties for royalties or other payments, shall be granted only upon agreement in writing of the Grantee to pay an appropriate portion of such royalties or make such other payments.",Other,Other,0.9727237224578857,Other,False
ENTRUSTINC_07_24_1998-EX-10.5-STRATEGIC ALLIANCE AGREEMENT,"Section 12.05. Severability. If any provision of this Agreement shall be held to ------------ be invalid, illegal or unenforceable, the validity, legality and enforceability of the remaining provisions shall not in any way be affected or impaired thereby.",Other,Other,0.9967742562294006,Other,False
PROFOUNDMEDICALCORP_08_29_2019-EX-4.5-SUPPLY AGREEMENT,"[Redacted - Commercially Sensitive - Schedules concerning Product specifications, details, pricing, lead times, production plan and transition details]",Other,Other,0.988194465637207,Other,False
PROFOUNDMEDICALCORP_08_29_2019-EX-4.5-SUPPLY AGREEMENT,"IN WITNESS WHEREOF, this Agreement has been duly executed and delivered by the duly authorized representatives of the parties as of the dates set forth below. PHILIPS MEDICAL SYSTEMS PROFOUND MEDICAL INC. NEDERLAND B.V. By: /s/ Iwald Mons By: /s/ Arun Menawat Name: Iwald Mons Name: Arun Menawat Title: M&A Project Leader Title: Chief Executive Officer Date: July 31, 2017 Date: July 31, 2017",Other,Other,0.996364951133728,Other,False
"BLUEHILLSBANCORP,INC_05_20_2014-EX-1.1-AGENCY AGREEMENT",Section 11. Termination. The Agent may terminate this Agreement by giving the notice indicated below in Section 12 at any time after this Agreement becomes effective as follows:,Other,Other,0.9926290512084961,Other,False
"BLUEHILLSBANCORP,INC_05_20_2014-EX-1.1-AGENCY AGREEMENT","(q) The Holding Company and the Bank will use the net proceeds from the sale of the Shares in the manner set forth in the Prospectus under the caption ""How We Intend to Use the Proceeds From the Offering.""",Other,Other,0.9889814853668213,Other,False
"BLUEHILLSBANCORP,INC_05_20_2014-EX-1.1-AGENCY AGREEMENT","(o) During the period during which the Shares are registered under the 1934 Act or for three years from the date hereof, whichever period is greater, the Holding Company will furnish to its shareholders as soon as practicable after the end of each fiscal year an annual report of the Holding Company (including a consolidated balance sheet and statements of consolidated income, shareholders' equity and cash flows of the Holding Company and its subsidiaries as at the end of and for such year, certified by independent registered public accountants in accordance with Regulation S-X under the 1933 Act and the 1934 Act) and make available as soon as practicable after the end of each of the first three quarters of each fiscal year (beginning with the first fiscal quarter ending after the effective time of the Registration Statement) financial information of the Holding Company and its subsidiaries for such quarter in reasonable detail.",Other,Other,0.9044288396835327,Other,False
TheglobeComInc_19990503_S-1A_EX-10.20_5416126_EX-10.20_Co-Branding Agreement,". The User will only see the ""Welcome"" page until they consent to the privacy policy and enter any required information. This page will not appear after the User completes the initial account creation process.",Other,Other,0.9928653240203857,Other,False
TheglobeComInc_19990503_S-1A_EX-10.20_5416126_EX-10.20_Co-Branding Agreement,"OnLine Exchange ONSALE Interactive Marketplace Paulus Swaen Internet Auction PC Buyer Philatelists Online Prizefight ProAuctions RacerX Remington York Online Auction Rotman Collectibles Sandafayre Sandy's Super Auction Save the Earth Foundation ArtRock Auction Scala-Mathis Auctions, Inc. SCC Exchange Southeast Auction Company Sotheby's Sportsauctionsusa Steal-a-Record Auction Super Auction Superior Coin & Stamp Auction Galleries SurplusAuction Teletrade The Auction Block The Auction Store",Other,Other,0.9950281977653503,Other,False
TheglobeComInc_19990503_S-1A_EX-10.20_5416126_EX-10.20_Co-Branding Agreement,"12.9 Entire Agreement; Waiver. This Agreement sets forth the entire understanding and agreement of the parties, and supersedes any and all oral or written agreements or understandings between the parties, as to the subject matter of the Agreement. This Agreement may be changed only by a writing signed by both parties. The waiver of a breach of any provision of this Agreement will not operate or be interpreted as a waiver of any other or subsequent breach.",Other,Other,0.9967967867851257,Other,False
IdeanomicsInc_20160330_10-K_EX-10.26_9512211_EX-10.26_Content License Agreement,"(q) ""VOD"" shall mean a system that allows for the exhibition of video programming chosen by a subscriber for display on that subscriber's video display unit on an on-demand basis, such that a subscriber is able, at his or her discretion, to select the time for commencement of exhibition, and shall include subscription VOD (""SVOD""), transactional VOD (""TVOD""), ad-supported VOD (""AVOD"") and free VOD.",Other,Other,0.9943282008171082,Other,False
IdeanomicsInc_20160330_10-K_EX-10.26_9512211_EX-10.26_Content License Agreement,iv. Each Title is and will be protected during the Term by copyright throughout the Territory;,Other,Other,0.9888346791267395,Other,False
IdeanomicsInc_20160330_10-K_EX-10.26_9512211_EX-10.26_Content License Agreement,"ix. The Titles, Materials and the Licensor Marks will not be unlawful, slanderous or libelous; and",Other,Other,0.9458289742469788,Other,False
ACCELERATEDTECHNOLOGIESHOLDINGCORP_04_24_2003-EX-10.13-JOINT VENTURE AGREEMENT,"Exhibit A attached hereto, describes by way of example but not limitation the responsibilities of the Joint Venturers",Other,Other,0.97845458984375,Other,False
ACCELERATEDTECHNOLOGIESHOLDINGCORP_04_24_2003-EX-10.13-JOINT VENTURE AGREEMENT,16. Counterparts. This Agreement may be signed in counterparts and shall be deemed one original instrument.,Other,Other,0.9961953163146973,Other,False
ACCELERATEDTECHNOLOGIESHOLDINGCORP_04_24_2003-EX-10.13-JOINT VENTURE AGREEMENT,"1. Name of the Joint Venture. The name of the Joint Venture will be MightyCell Batteries, and may sometimes be referred to as ""MightyCell"" or the ""Joint Venture"" in this Agreement. The principal office and place of business shall be located in 1600 Lower State Road, Doylestown, PA 18901.",Other,Other,0.9959664344787598,Other,False
ArmstrongFlooringInc_20190107_8-K_EX-10.2_11471795_EX-10.2_Intellectual Property Agreement,"WHEREAS, Seller is signatory to the Trademark License Agreement pursuant to which Seller obtains a license to the Arizona Licensed Trademarks;",Other,Other,0.9921801090240479,Other,False
ArmstrongFlooringInc_20190107_8-K_EX-10.2_11471795_EX-10.2_Intellectual Property Agreement,Country Trademark Status App. Number App. Date Reg. Number Reg. Date US AMERICAN SCRAPE Registered 85616030 3-May-12 4481771 11-Feb-14,Other,Other,0.9884137511253357,Other,False
ArmstrongFlooringInc_20190107_8-K_EX-10.2_11471795_EX-10.2_Intellectual Property Agreement,"If the business unit identifier is used above the logo, the clear space is 1∕2 the diameter of the Armstrong ring on the right side, left side and bottom and the width of the stem of the lower case ""r"" on the top.",Other,Other,0.9812739491462708,Other,False
IMAGEWARESYSTEMSINC_12_20_1999-EX-10.22-MAINTENANCE AGREEMENT,"XIMAGE MAKES NO WARRANTY OF ANY KIND, WHETHER EXPRESS OR IMPLIED (INCLUDING WARRANTIES OR MERCHANTABILITY OR FITNESS FOR A PARTICULAR PURPOSE) WITH RESPECT TO THE SERVICES, SOFTWARE OR DOCUMENTS PROVIDED (OR TO BE PROVIDED) HEREUNDER.",Other,Warranty Duration,0.8634294271469116,Warranty Duration,False
IMAGEWARESYSTEMSINC_12_20_1999-EX-10.22-MAINTENANCE AGREEMENT,"MORPHO hereby indemnifies and holds XIMAGE harmless from any and all claims, suits, actions and procedures brought or filed by third parties and from all damages, penalties, losses, costs and expenses (including without limitation, attorney's fees) arising out of, or related to, any act or omission of MORPHO and its employees or agents in connection with MORPHO's obligation herein.",Other,Other,0.5496073961257935,LOW_CONFIDENCE,True
IMAGEWARESYSTEMSINC_12_20_1999-EX-10.22-MAINTENANCE AGREEMENT,(d) the disclosed information is received from a third party without similar restrictions and without breach of this Agreement; or,Other,Other,0.9899251461029053,Other,False
TubeMediaCorp_20060310_8-K_EX-10.1_513921_EX-10.1_Affiliate Agreement,"EXHIBIT B To Affiliation Agreement By and Between Tribune Broadcasting Company and The TUBE Music Network, Inc. Dated as of March 6, 2006 LAUNCH NOTICE BROADCAST LAUNCH FORM STATION NAME: STATION GROUP OWNER: STATION MAILING ADDRESS: PHONE NUMBER: FAX NUMBER: GENERAL MANAGER: MARKETING CONTACT: ENGINEER PHONE (IF DIFFERENT): EMAIL ADDRESS: AREAS SERVED (PLEASE INCLUDE ZIP CODES): DMA: FILL OUT THE LINE BELOW FOR ONE EARTH STATION RECEIVE SITE (EACH ADDITIONAL SITE REQUIRES A SEPARATE FORM) Do you have an antenna capable of receiving a C band feed from AMC-3 Transponder 17 located at 87 degrees west? YES____ NO____ Do you have space for an additional antenna on your roof or in your antenna farm? YES____ NO____ Does this space have a good southern exposure looking at 95 degrees? YES____ NO____ Do you have the resources to install the antenna? YES____ NO____ STREET ADDRESS (Shipping Address): CITY/STATE/ZIP: COUNTY: LAUNCH DATE: ______________ CHANNEL NUMBER: ______________ SIGNATURE: TITLE: DATE:",Other,Other,0.9966821074485779,Other,False
TubeMediaCorp_20060310_8-K_EX-10.1_513921_EX-10.1_Affiliate Agreement,"Execution Copy EXHIBIT D To Affiliation Agreement By and Between Tribune Broadcasting Company and The TUBE Music Network, Inc. Dated as of March 6, 2006 REVENUE SHARE Commencing on the Affiliate Launch Date and thereafter throughout the Term, Network shall pay to Affiliate the following amounts:",Other,Other,0.8590668439865112,Other,False
TubeMediaCorp_20060310_8-K_EX-10.1_513921_EX-10.1_Affiliate Agreement,"11. NOTICES Any notice given under this Agreement shall be in writing, shall be sent postage prepaid by certified mail, return receipt requested, or by hand delivery, or by Federal Express or similar overnight delivery service, to the other party, at the following address (unless either party at any time or times designates another address for itself by notifying the other party pursuant to the provisions of this Section 11, in which case all notices to such party thereafter shall be given at its most recently so designated address):",Other,Other,0.9966050386428833,Other,False
